ts_event,symbol,best_level_ofi,ofi_L0,ofi_L1,ofi_L2,ofi_L3,ofi_L4,ofi_L5,ofi_L6,ofi_L7,ofi_L8,ofi_L9,ofi_norm_L0,ofi_norm_L1,ofi_norm_L2,ofi_norm_L3,ofi_norm_L4,ofi_norm_L5,ofi_norm_L6,ofi_norm_L7,ofi_norm_L8,ofi_norm_L9,integrated_ofi,cross_asset_ofi
2024-10-21T11:54:29.221064336Z,AAPL,339,339,11,208,178,44,135,210,154,255,455,1.704374057,0.055304173,1.045751634,0.894922071,0.221216692,0.678733032,1.055806938,0.774258421,1.282051282,2.287581699,-0.917063413,0
2024-10-21T11:54:29.223769812Z,AAPL,2,2,0,0,0,0,0,0,0,0,0,0.010045203,0,0,0,0,0,0,0,0,0,-0.000199987,0
2024-10-21T11:54:29.225030400Z,AAPL,3,3,0,0,0,0,0,0,0,0,0,0.015045135,0,0,0,0,0,0,0,0,0,-0.00029953,0
2024-10-21T11:54:29.712434212Z,AAPL,0,0,0,200,0,0,0,0,0,0,0,0,0,0.911577028,0,0,0,0,0,0,0,-0.095659039,0
2024-10-21T11:54:29.764673165Z,AAPL,0,0,0,-200,0,0,0,0,0,0,0,0,0,-1.003009027,0,0,0,0,0,0,0,0.105253727,0
2024-10-21T11:54:29.764685027Z,AAPL,0,0,400,10,0,0,0,0,0,0,0,0,1.823154057,0.045578851,0,0,0,0,0,0,0,-0.121005853,0
2024-10-21T11:54:36.289427977Z,AAPL,0,0,0,0,0,0,0,-200,-44,-155,-400,0,0,0,0,0,0,-1.003009027,-0.220661986,-0.777331996,-2.006018054,0.367680367,0
2024-10-21T11:54:37.990793976Z,AAPL,-200,-200,0,0,0,0,0,0,0,0,0,-1.003009027,0,0,0,0,0,0,0,0,0,0.01996864,0
2024-10-21T11:54:39.124291588Z,AAPL,1,1,8,150,29,25,200,200,44,155,400,0.004557885,0.036463081,0.683682771,0.132178669,0.113947129,0.911577028,0.911577028,0.200546946,0.706472197,1.823154057,-0.563320126,0
2024-10-21T11:54:39.134140341Z,AAPL,-1,-1,-8,-150,-29,-25,-200,-200,-44,-155,-400,-0.005015045,-0.040120361,-0.75225677,-0.145436309,-0.125376128,-1.003009027,-1.003009027,-0.220661986,-0.777331996,-2.006018054,0.619821643,0
2024-10-21T11:54:41.233181043Z,AAPL,-3,-3,0,0,0,0,0,0,0,0,0,-0.015067805,0,0,0,0,0,0,0,0,0,0.000299981,0
2024-10-21T11:54:41.234620509Z,AAPL,1,1,0,0,0,0,0,0,0,0,0,0.00502008,0,0,0,0,0,0,0,0,0,-9.99E-05,0
2024-10-21T11:54:41.235907431Z,AAPL,-1,-1,0,0,0,0,0,0,0,0,0,-0.005022602,0,0,0,0,0,0,0,0,0,1.00E-04,0
2024-10-21T11:54:41.235977207Z,AAPL,-2,-2,0,0,0,0,0,0,0,0,0,-0.010055304,0,0,0,0,0,0,0,0,0,0.000200188,0
2024-10-21T11:54:41.238618235Z,AAPL,2,2,139,400,10,28,15,110,10,110,100,0.010330579,0.717975207,2.066115702,0.051652893,0.144628099,0.077479339,0.568181818,0.051652893,0.568181818,0.516528926,-0.460060777,0
2024-10-21T11:54:41.239827037Z,AAPL,3,3,0,0,0,0,0,0,0,0,0,0.015471893,0,0,0,0,0,0,0,0,0,-0.000308026,0
2024-10-21T11:54:50.970297264Z,AAPL,0,0,0,0,0,25,200,200,44,155,400,0,0,0,0,0.108225108,0.865800866,0.865800866,0.19047619,0.670995671,1.731601732,-0.440653545,0
2024-10-21T11:54:50.970336474Z,AAPL,0,0,0,0,-29,0,0,0,0,0,0,0,0,0,-0.123984609,0,0,0,0,0,0,0.023646332,0
2024-10-21T11:54:53.247532557Z,AAPL,-3,-3,0,0,0,0,0,0,0,0,0,-0.012842466,0,0,0,0,0,0,0,0,0,0.000255677,0
2024-10-21T11:54:53.248893986Z,AAPL,-2,-2,-139,-400,-10,-28,-15,-110,-10,-110,-100,-0.008371704,-0.581833403,-1.674340728,-0.041858518,-0.117203851,-0.062787777,-0.4604437,-0.041858518,-0.4604437,-0.418585182,0.372824472,0
2024-10-21T11:54:53.251320969Z,AAPL,3,3,0,0,0,0,0,0,0,0,0,0.012541806,0,0,0,0,0,0,0,0,0,-0.000249691,0
2024-10-21T11:54:53.252546517Z,AAPL,2,2,0,0,0,0,0,0,0,0,0,0.008354219,0,0,0,0,0,0,0,0,0,-0.000166322,0
2024-10-21T11:54:55.503497741Z,AAPL,0,0,0,0,-28,-15,-110,-10,-110,-100,-55,0,0,0,-0.118293198,-0.063371356,-0.464723278,-0.042247571,-0.464723278,-0.422475708,-0.232361639,0.187822466,0
2024-10-21T11:54:55.503541005Z,AAPL,0,0,0,0,27,15,110,10,110,100,55,0,0,0,0.112829085,0.062682825,0.459674049,0.04178855,0.459674049,0.417885499,0.229837025,-0.18498478,0
2024-10-21T11:54:55.551806996Z,AAPL,0,0,400,0,0,0,0,0,0,0,0,0,1.671541997,0,0,0,0,0,0,0,0,-0.106557896,0
2024-10-21T11:54:58.132928650Z,AAPL,0,0,0,0,0,0,200,44,155,400,1,0,0,0,0,0,0.911577028,0.200546946,0.706472197,1.823154057,0.004557885,-0.342763345,0
2024-10-21T11:54:58.133944065Z,AAPL,0,0,-200,0,0,0,0,0,0,0,0,0,-0.835421888,0,0,0,0,0,0,0,0,0.053256693,0
2024-10-21T11:55:09.125042325Z,AAPL,0,0,-400,-10,-27,-15,-110,-10,-110,-100,-55,0,-2.005012531,-0.050125313,-0.135338346,-0.07518797,-0.551378446,-0.050125313,-0.551378446,-0.501253133,-0.275689223,0.354965123,0
2024-10-21T11:55:09.125055670Z,AAPL,0,0,400,10,27,15,110,10,110,100,55,0,1.670843776,0.041771094,0.112781955,0.062656642,0.459482038,0.041771094,0.459482038,0.417710944,0.229741019,-0.295804269,0
2024-10-21T11:55:09.160009889Z,AAPL,0,0,0,0,29,0,0,0,0,0,0,0,0,0,0.122621564,0,0,0,0,0,0,-0.023386373,0
2024-10-21T11:55:09.160051447Z,AAPL,0,0,0,-27,0,0,0,0,0,0,0,0,0,-0.112876254,0,0,0,0,0,0,0,0.011845004,0
2024-10-21T11:55:13.899151539Z,AAPL,0,0,400,0,0,0,0,0,0,0,0,0,1.672240803,0,0,0,0,0,0,0,0,-0.106602444,0
2024-10-21T11:55:22.016715475Z,AAPL,0,0,0,0,-27,-15,-110,-10,-110,-100,-55,0,0,0,-0.114116653,-0.06339814,-0.464919696,-0.042265427,-0.464919696,-0.422654269,-0.232459848,0.187095765,0
2024-10-21T11:55:22.060173668Z,AAPL,0,0,0,0,27,15,110,10,110,100,55,0,0,0,0.112876254,0.06270903,0.459866221,0.04180602,0.459866221,0.418060201,0.22993311,-0.185062115,0
2024-10-21T11:55:22.132778490Z,AAPL,0,0,400,0,0,0,0,0,0,0,0,0,1.672240803,0,0,0,0,0,0,0,0,-0.106602444,0
2024-10-21T11:55:26.447978801Z,AAPL,-200,-200,0,0,0,0,0,0,0,0,0,-0.836120401,0,0,0,0,0,0,0,0,0,0.016646099,0
2024-10-21T11:55:30.365285173Z,AAPL,0,0,-400,-10,-27,-15,-110,-10,-110,-100,-55,0,-2.007024586,-0.050175615,-0.13547416,-0.075263422,-0.551931761,-0.050175615,-0.551931761,-0.501756147,-0.275965881,0.355321335,0
2024-10-21T11:55:30.365297270Z,AAPL,0,0,400,10,27,15,110,10,110,100,55,0,1.672240803,0.04180602,0.112876254,0.06270903,0.459866221,0.04180602,0.459866221,0.418060201,0.22993311,-0.296051597,0
2024-10-21T11:55:30.377046532Z,AAPL,0,0,0,0,-27,-15,-110,-10,-110,-100,-55,0,0,0,-0.114116653,-0.06339814,-0.464919696,-0.042265427,-0.464919696,-0.422654269,-0.232459848,0.187095765,0
2024-10-21T11:55:30.377110788Z,AAPL,0,0,0,30,0,0,0,0,0,0,0,0,0,0.125208681,0,0,0,0,0,0,0,-0.013139144,0
2024-10-21T11:55:30.509413271Z,AAPL,0,0,0,27,0,0,0,0,0,0,0,0,0,0.11397214,0,0,0,0,0,0,0,-0.011960005,0
2024-10-21T11:55:30.509458075Z,AAPL,0,0,0,0,0,-25,-200,-44,-155,-400,-1,0,0,0,0,-0.104384134,-0.835073069,-0.183716075,-0.647181628,-1.670146138,-0.004175365,0.326850084,0
2024-10-21T11:55:30.559949308Z,AAPL,0,0,400,0,0,0,0,0,0,0,0,0,1.670146138,0,0,0,0,0,0,0,0,-0.106468912,0
2024-10-21T11:55:31.194923125Z,AAPL,0,0,0,27,40,15,110,10,110,100,55,0,0,0.111524164,0.165220983,0.061957869,0.454357703,0.041305246,0.454357703,0.413052458,0.227178852,-0.204789515,0
2024-10-21T11:55:31.195023714Z,AAPL,0,0,0,0,-30,0,0,0,0,0,0,0,0,0,-0.125470514,0,0,0,0,0,0,0.023929724,0
2024-10-21T11:55:34.079261198Z,AAPL,-139,-139,0,0,0,0,0,0,0,0,0,-0.61722913,0,0,0,0,0,0,0,0,0,0.012288251,0
2024-10-21T11:55:35.302921978Z,AAPL,-2,-2,0,0,0,0,0,0,0,0,0,-0.008888889,0,0,0,0,0,0,0,0,0,0.000176967,0
2024-10-21T11:55:35.303067914Z,AAPL,-3,-3,-400,-27,-10,-15,-110,-10,-110,-100,-55,-0.013345196,-1.779359431,-0.120106762,-0.044483986,-0.066725979,-0.489323843,-0.044483986,-0.489323843,-0.444839858,-0.244661922,0.308794374,0
2024-10-21T11:55:35.304531207Z,AAPL,2,2,400,27,10,15,110,10,110,100,55,0.008892841,1.778568253,0.120053357,0.044464206,0.066696309,0.489106269,0.044464206,0.489106269,0.444642063,0.244553135,-0.308568549,0
2024-10-21T11:55:35.305736838Z,AAPL,-2,-2,-400,-27,-10,-15,-110,-10,-110,-100,-55,-0.008896797,-1.779359431,-0.120106762,-0.044483986,-0.066725979,-0.489323843,-0.044483986,-0.489323843,-0.444839858,-0.244661922,0.308705812,0
2024-10-21T11:55:35.374212373Z,AAPL,-400,-400,-27,-10,-15,-110,-10,-110,-100,-55,-1,-2.10748156,-0.142255005,-0.052687039,-0.079030558,-0.579557429,-0.052687039,-0.579557429,-0.52687039,-0.289778714,-0.005268704,0.289802938,0
2024-10-21T11:55:35.374226300Z,AAPL,0,0,0,200,15,110,10,110,100,55,1,0,0,0.9765625,0.073242188,0.537109375,0.048828125,0.537109375,0.48828125,0.268554688,0.004882813,-0.318643136,0
2024-10-21T11:55:38.243671650Z,AAPL,201,201,8,150,27,25,200,44,155,400,1,1.087074094,0.043266631,0.811249324,0.146024878,0.135208221,1.081665765,0.237966468,0.838290968,2.163331531,0.005408329,-0.560748344,0
2024-10-21T11:55:38.243683612Z,AAPL,-200,-200,0,0,0,0,0,0,0,0,0,-0.976085896,0,0,0,0,0,0,0,0,0,0.019432635,0
2024-10-21T11:55:38.298336797Z,AAPL,0,0,0,200,0,0,0,0,0,0,0,0,0,0.976085896,0,0,0,0,0,0,0,-0.102428468,0
2024-10-21T11:55:38.572413983Z,AAPL,-401,-401,-8,-150,-27,-25,-200,-44,-155,-400,-1,-1.958007813,-0.0390625,-0.732421875,-0.131835938,-0.122070313,-0.9765625,-0.21484375,-0.756835938,-1.953125,-0.004882813,0.52570369,0
2024-10-21T11:55:44.733510979Z,AAPL,29,29,27,10,200,15,110,10,110,100,55,0.139691715,0.130057803,0.048169557,0.963391137,0.072254335,0.529865125,0.048169557,0.529865125,0.481695568,0.264932563,-0.388291603,0
2024-10-21T11:55:44.791957886Z,AAPL,0,0,-27,-10,-200,-15,-110,-10,-110,-100,-55,0,-0.131707317,-0.048780488,-0.975609756,-0.073170732,-0.536585366,-0.048780488,-0.536585366,-0.487804878,-0.268292683,0.39039992,0
2024-10-21T11:55:51.293948230Z,AAPL,-200,-200,-201,-8,-150,-27,-25,-200,-44,-155,-400,-1.142857143,-1.148571429,-0.045714286,-0.857142857,-0.154285714,-0.142857143,-1.142857143,-0.251428571,-0.885714286,-2.285714286,0.720327612,0
2024-10-21T11:55:51.294217665Z,AAPL,200,200,201,8,150,27,25,200,44,155,400,0.975609756,0.980487805,0.03902439,0.731707317,0.131707317,0.12195122,0.975609756,0.214634146,0.756097561,1.951219512,-0.614913815,0
2024-10-21T11:55:51.365188500Z,AAPL,0,0,0,-200,-15,-110,-10,-110,-100,-55,-1,0,0,-1.052631579,-0.078947368,-0.578947368,-0.052631579,-0.578947368,-0.526315789,-0.289473684,-0.005263158,0.343463759,0
2024-10-21T11:55:51.401597368Z,AAPL,0,0,0,200,15,110,10,110,100,55,1,0,0,0.975609756,0.073170732,0.536585366,0.048780488,0.536585366,0.487804878,0.268292683,0.004878049,-0.318332265,0
2024-10-21T11:55:53.213328704Z,AAPL,0,0,0,0,0,0,0,-200,-44,-155,-400,0,0,0,0,0,0,-1.193317422,-0.262529833,-0.924821002,-2.386634845,0.437443109,0
2024-10-21T11:55:53.213365167Z,AAPL,0,0,0,0,0,25,26,200,44,155,400,0,0,0,0,0.122010737,0.126891166,0.976085896,0.214738897,0.756466569,1.952171791,-0.38894786,0
2024-10-21T11:55:54.691386316Z,AAPL,0,0,0,200,0,0,0,0,0,0,0,0,0,0.889284126,0,0,0,0,0,0,0,-0.093319667,0
2024-10-21T11:55:54.691398035Z,AAPL,201,201,8,150,25,26,200,44,155,400,1,0.980487805,0.03902439,0.731707317,0.12195122,0.126829268,0.975609756,0.214634146,0.756097561,1.951219512,0.004878049,-0.504507618,0
2024-10-21T11:55:54.691407713Z,AAPL,0,0,-8,-150,-25,-26,-200,-44,-155,-400,-1,0,-0.035571365,-0.666963095,-0.111160516,-0.115606936,-0.889284126,-0.195642508,-0.689195198,-1.778568253,-0.004446421,0.442073838,0
2024-10-21T11:55:54.745856609Z,AAPL,0,0,0,-200,0,0,0,0,0,0,0,0,0,-0.976085896,0,0,0,0,0,0,0,0.102428468,0
2024-10-21T11:55:54.745868744Z,AAPL,0,0,0,200,0,0,0,0,0,0,0,0,0,0.976085896,0,0,0,0,0,0,0,-0.102428468,0
2024-10-21T11:55:54.762492206Z,AAPL,-29,-29,-10,-200,-15,-110,-10,-110,-100,-55,-1,-0.140096618,-0.048309179,-0.966183575,-0.072463768,-0.531400966,-0.048309179,-0.531400966,-0.483091787,-0.265700483,-0.004830918,0.321125363,0
2024-10-21T11:55:54.762530320Z,AAPL,28,28,10,200,15,110,10,110,100,55,1,0.13671875,0.048828125,0.9765625,0.073242188,0.537109375,0.048828125,0.537109375,0.48828125,0.268554688,0.004882813,-0.324477741,0
2024-10-21T11:55:55.306692496Z,AAPL,0,0,0,-200,-15,-110,-10,-110,-100,-55,-1,0,0,-1.05374078,-0.079030558,-0.579557429,-0.052687039,-0.579557429,-0.52687039,-0.289778714,-0.005268704,0.343825681,0
2024-10-21T11:55:55.306705027Z,AAPL,0,0,0,400,15,110,10,110,100,55,1,0,0,1.779359431,0.066725979,0.489323843,0.044483986,0.489323843,0.444839858,0.244661922,0.004448399,-0.383655282,0
2024-10-21T11:55:55.361082355Z,AAPL,-200,-200,8,150,25,26,200,44,155,400,1,-0.889284126,0.035571365,0.666963095,0.111160516,0.115606936,0.889284126,0.195642508,0.689195198,1.778568253,0.004446421,-0.424369316,0
2024-10-21T11:55:55.706105479Z,AAPL,0,0,0,200,0,0,0,0,0,0,0,0,0,0.976085896,0,0,0,0,0,0,0,-0.102428468,0
2024-10-21T11:55:58.151580102Z,AAPL,0,0,0,200,0,0,0,0,0,0,0,0,0,0.889284126,0,0,0,0,0,0,0,-0.093319667,0
2024-10-21T11:56:07.493655598Z,AAPL,0,0,0,0,0,0,0,0,2,0,0,0,0,0,0,0,0,0,0.008900757,0,0,-0.000800813,0
2024-10-21T11:56:10.953492365Z,AAPL,200,200,0,0,0,0,0,0,0,0,0,0.97703957,0,0,0,0,0,0,0,0,0,-0.019451621,0
2024-10-21T11:56:10.953504236Z,AAPL,0,0,-200,0,0,0,0,0,0,0,0,0,-0.890075656,0,0,0,0,0,0,0,0,0.056740775,0
2024-10-21T11:56:11.008155483Z,AAPL,0,0,0,-200,0,0,0,0,0,0,0,0,0,-0.97703957,0,0,0,0,0,0,0,0.102528545,0
2024-10-21T11:56:11.008167451Z,AAPL,0,0,0,400,0,0,0,0,0,0,0,0,0,1.780151313,0,0,0,0,0,0,0,-0.186805457,0
2024-10-21T11:56:11.038752302Z,AAPL,-28,-28,-10,-400,-15,-110,-10,-110,-100,-55,-1,-0.12340238,-0.044072279,-1.762891141,-0.066108418,-0.484795064,-0.044072279,-0.484795064,-0.440722785,-0.242397532,-0.004407228,0.3853708,0
2024-10-21T11:56:11.038803026Z,AAPL,26,26,10,400,15,110,10,110,100,55,1,0.115812918,0.04454343,1.781737194,0.066815145,0.489977728,0.04454343,0.489977728,0.445434298,0.244988864,0.004454343,-0.389313216,0
2024-10-21T11:56:14.982879375Z,AAPL,0,0,200,0,0,0,0,0,0,0,0,0,0.97799511,0,0,0,0,0,0,0,0,-0.062345488,0
2024-10-21T11:56:14.982891924Z,AAPL,0,0,0,-200,0,0,0,0,0,0,0,0,0,-0.890868597,0,0,0,0,0,0,0,0.093485938,0
2024-10-21T11:56:15.036962807Z,AAPL,0,0,-200,200,0,0,0,0,0,0,0,0,-0.890868597,0.890868597,0,0,0,0,0,0,0,-0.036694614,0
2024-10-21T11:56:15.039085832Z,AAPL,0,0,0,0,0,200,44,153,400,1,600,0,0,0,0,0.709471444,0.156083718,0.542745654,1.418942888,0.003547357,2.128414331,-0.478203888,0
2024-10-21T11:56:15.039203352Z,AAPL,0,0,0,0,0,-200,-44,-153,-400,-1,-600,0,0,0,0,-0.890075656,-0.195816644,-0.680907877,-1.780151313,-0.004450378,-2.670226969,0.599936252,0
2024-10-21T11:56:17.922879284Z,AAPL,0,0,0,0,0,200,44,153,400,1,600,0,0,0,0,0.709471444,0.156083718,0.542745654,1.418942888,0.003547357,2.128414331,-0.478203888,0
2024-10-21T11:56:17.922956219Z,AAPL,0,0,0,0,0,-200,-44,-153,-400,-1,-600,0,0,0,0,-0.889284126,-0.195642508,-0.680302357,-1.778568253,-0.004446421,-2.667852379,0.599402739,0
2024-10-21T11:56:23.203362495Z,AAPL,0,0,200,0,0,0,0,0,0,0,0,0,0.976085896,0,0,0,0,0,0,0,0,-0.062223779,0
2024-10-21T11:56:23.203374367Z,AAPL,0,0,0,-200,0,0,0,0,0,0,0,0,0,-0.889284126,0,0,0,0,0,0,0,0.093319667,0
2024-10-21T11:56:23.230980890Z,AAPL,0,0,0,400,0,0,0,0,0,0,0,0,0,1.778568253,0,0,0,0,0,0,0,-0.186639334,0
2024-10-21T11:56:23.259005865Z,AAPL,0,0,0,200,0,0,0,0,0,0,0,0,0,0.976085896,0,0,0,0,0,0,0,-0.102428468,0
2024-10-21T11:56:23.260424017Z,AAPL,-26,-26,-10,-200,-15,-110,-10,-110,-100,-55,-1,-0.125422094,-0.048239267,-0.964785335,-0.0723589,-0.530631934,-0.048239267,-0.530631934,-0.482392668,-0.265315967,-0.004823927,0.320372523,0
2024-10-21T11:56:23.260520532Z,AAPL,27,27,10,200,15,110,10,110,100,55,1,0.131707317,0.048780488,0.975609756,0.073170732,0.536585366,0.048780488,0.536585366,0.487804878,0.268292683,0.004878049,-0.324064062,0
2024-10-21T11:56:24.985297090Z,AAPL,0,0,0,-200,-15,-110,-10,-110,-100,-55,-1,0,0,-1.052631579,-0.078947368,-0.578947368,-0.052631579,-0.578947368,-0.526315789,-0.289473684,-0.005263158,0.343463759,0
2024-10-21T11:56:24.985309618Z,AAPL,0,0,0,400,15,110,10,110,100,55,1,0,0,1.777777778,0.066666667,0.488888889,0.044444444,0.488888889,0.444444444,0.244444444,0.004444444,-0.383314255,0
2024-10-21T11:56:25.053201827Z,AAPL,0,0,-200,200,0,0,0,0,0,0,0,0,-0.888888889,0.888888889,0,0,0,0,0,0,0,-0.03661307,0
2024-10-21T11:56:29.970611371Z,AAPL,0,0,0,0,0,0,0,0,-1,0,0,0,0,0,0,0,0,0,-0.00444247,0,0,0.000399695,0
2024-10-21T11:56:34.567796323Z,AAPL,0,0,200,0,0,0,0,0,0,0,0,0,0.975134081,0,0,0,0,0,0,0,0,-0.062163102,0
2024-10-21T11:56:34.567809267Z,AAPL,0,0,0,-200,0,0,0,0,0,0,0,0,0,-0.888494003,0,0,0,0,0,0,0,0.093236753,0
2024-10-21T11:56:34.623413180Z,AAPL,0,0,-200,200,0,0,0,0,0,0,0,0,-0.888494003,0.888494003,0,0,0,0,0,0,0,-0.036596805,0
2024-10-21T11:56:42.272625996Z,AAPL,0,0,0,200,0,0,0,0,0,0,0,0,0,0.975134081,0,0,0,0,0,0,0,-0.102328587,0
2024-10-21T11:56:43.878708550Z,AAPL,-201,-201,-208,-150,-25,-30,-200,-44,-154,-400,-1,-0.934883721,-0.96744186,-0.697674419,-0.11627907,-0.139534884,-0.930232558,-0.204651163,-0.71627907,-1.860465116,-0.004651163,0.542215225,0
2024-10-21T11:56:43.878991240Z,AAPL,201,201,208,150,25,30,200,44,154,400,1,0.980009751,1.014139444,0.731350561,0.12189176,0.146270112,0.975134081,0.214529498,0.750853242,1.950268162,0.00487567,-0.568387486,0
2024-10-21T11:56:47.448697059Z,AAPL,0,0,200,0,0,0,0,0,0,0,0,0,1.080497029,0,0,0,0,0,0,0,0,-0.068879807,0
2024-10-21T11:56:47.557683879Z,AAPL,0,0,-200,0,0,0,0,0,0,0,0,0,-0.975134081,0,0,0,0,0,0,0,0,0.062163102,0
2024-10-21T11:56:51.014654312Z,AAPL,0,0,0,200,0,0,0,0,0,0,0,0,0,0.888494003,0,0,0,0,0,0,0,-0.093236753,0
2024-10-21T11:56:51.014666179Z,AAPL,0,0,200,0,0,0,0,0,0,0,0,0,0.975134081,0,0,0,0,0,0,0,0,-0.062163102,0
2024-10-21T11:56:51.014676787Z,AAPL,0,0,0,0,-25,-30,-200,-44,-154,-400,-1,0,0,0,-0.111111111,-0.133333333,-0.888888889,-0.195555556,-0.684444444,-1.777777778,-0.004444444,0.371441265,0
2024-10-21T11:56:55.866035650Z,AAPL,0,0,0,-200,25,30,200,44,154,400,1,0,0,-0.888494003,0.11106175,0.1332741,0.888494003,0.195468681,0.684140382,1.776988005,0.00444247,-0.278039501,0
2024-10-21T11:57:04.890399029Z,AAPL,-201,-201,-8,-350,-25,-30,-200,-44,-154,-400,-1,-0.855319149,-0.034042553,-1.489361702,-0.106382979,-0.127659574,-0.85106383,-0.187234043,-0.655319149,-1.70212766,-0.004255319,0.531124316,0
2024-10-21T11:57:04.890725062Z,AAPL,201,201,8,350,25,30,200,44,154,400,1,0.892936473,0.03553976,1.554864505,0.11106175,0.1332741,0.888494003,0.195468681,0.684140382,1.776988005,0.00444247,-0.554483404,0
2024-10-21T11:57:06.458943234Z,AAPL,1,1,27,10,400,15,110,10,110,100,55,0.00444247,0.11994669,0.0444247,1.776988005,0.06663705,0.488671701,0.0444247,0.488671701,0.444247001,0.244335851,-0.525081619,0
2024-10-21T11:57:06.459285665Z,AAPL,0,0,0,0,0,0,0,0,0,0,0,0,0,0,0,0,0,0,0,0,0,0,0
2024-10-21T11:57:07.554141976Z,AAPL,0,0,0,0,0,0,0,0,0,0,0,0,0,0,0,0,0,0,0,0,0,0,0
2024-10-21T11:57:08.621131954Z,AAPL,0,0,0,0,0,0,0,0,0,0,0,0,0,0,0,0,0,0,0,0,0,0,0
2024-10-21T11:57:10.160087903Z,AAPL,0,0,0,0,0,0,0,0,0,0,0,0,0,0,0,0,0,0,0,0,0,0,0
2024-10-21T11:57:14.110885099Z,AAPL,0,0,0,0,0,0,0,0,0,0,0,0,0,0,0,0,0,0,0,0,0,0,0
2024-10-21T11:57:14.837669309Z,AAPL,0,0,-27,-10,-400,-15,-110,-10,-110,-100,-55,0,-0.121348315,-0.04494382,-1.797752809,-0.06741573,-0.494382022,-0.04494382,-0.494382022,-0.449438202,-0.247191011,0.531127927,0
2024-10-21T11:57:14.894521785Z,AAPL,0,0,29,10,400,15,110,10,110,100,55,0,0.128717266,0.044385264,1.775410564,0.066577896,0.488237905,0.044385264,0.488237905,0.443852641,0.244118953,-0.525093033,0
2024-10-21T11:57:15.098765695Z,AAPL,0,0,0,200,0,0,0,0,0,0,0,0,0,0.974184121,0,0,0,0,0,0,0,-0.1022289,0
2024-10-21T11:57:15.098777532Z,AAPL,0,0,0,0,-200,0,0,0,0,0,0,0,0,0,-0.887705282,0,0,0,0,0,0,0.169303064,0
2024-10-21T11:57:15.158138746Z,AAPL,0,0,0,0,-200,0,0,0,0,0,0,0,0,0,-0.974184121,0,0,0,0,0,0,0.185796299,0
2024-10-21T11:57:15.158151037Z,AAPL,0,0,0,0,400,0,0,0,0,0,0,0,0,0,1.775410564,0,0,0,0,0,0,-0.338606127,0
2024-10-21T11:57:15.238560230Z,AAPL,0,0,0,0,-225,-30,-200,-44,-154,-400,-1,0,0,0,-0.999111901,-0.13321492,-0.888099467,-0.195381883,-0.68383659,-1.776198934,-0.004440497,0.540489631,0
2024-10-21T11:57:15.426680348Z,AAPL,0,0,0,-200,25,30,200,44,154,400,1,0,0,-0.887705282,0.11096316,0.133155792,0.887705282,0.195295162,0.683533067,1.775410564,0.004438526,-0.277792683,0
2024-10-21T11:57:15.993250474Z,AAPL,0,0,0,0,0,0,0,0,0,0,0,0,0,0,0,0,0,0,0,0,0,0,0
2024-10-21T11:57:17.249143876Z,AAPL,0,0,0,200,0,0,0,0,0,0,0,0,0,0.974184121,0,0,0,0,0,0,0,-0.1022289,0
2024-10-21T11:57:17.249155657Z,AAPL,0,0,0,0,-200,0,0,0,0,0,0,0,0,0,-0.887705282,0,0,0,0,0,0,0.169303064,0
2024-10-21T11:57:17.304858834Z,AAPL,0,0,0,-200,200,0,0,0,0,0,0,0,0,-0.887705282,0.887705282,0,0,0,0,0,0,-0.076149077,0
2024-10-21T11:57:17.495155713Z,AAPL,0,0,0,0,0,0,0,0,0,0,0,0,0,0,0,0,0,0,0,0,0,0,0
2024-10-21T11:57:20.112111433Z,AAPL,-201,-201,-8,-350,-25,-30,-200,-44,-154,-400,-1,-0.884683099,-0.035211268,-1.540492958,-0.110035211,-0.132042254,-0.88028169,-0.193661972,-0.677816901,-1.76056338,-0.004401408,0.549358338,0
2024-10-21T11:57:22.737207625Z,AAPL,0,0,0,0,0,0,0,0,0,0,0,0,0,0,0,0,0,0,0,0,0,0,0
2024-10-21T11:57:23.434433631Z,AAPL,0,0,0,0,0,0,0,0,0,0,0,0,0,0,0,0,0,0,0,0,0,0,0
2024-10-21T11:57:23.522180556Z,AAPL,0,0,-29,-10,-400,-15,-110,-10,-110,-100,-55,0,-0.129233512,-0.04456328,-1.782531194,-0.06684492,-0.490196078,-0.04456328,-0.490196078,-0.445632799,-0.245098039,0.527199021,0
2024-10-21T11:57:23.522320812Z,AAPL,0,0,0,0,27,15,110,10,110,100,55,0,0,0,0.118942731,0.066079295,0.484581498,0.044052863,0.484581498,0.440528634,0.242290749,-0.195008185,0
2024-10-21T11:57:23.575986228Z,AAPL,0,0,0,-200,200,0,0,0,0,0,0,0,0,-0.881057269,0.881057269,0,0,0,0,0,0,-0.075578798,0
2024-10-21T11:57:23.893151634Z,AAPL,0,0,0,0,0,0,0,0,0,0,0,0,0,0,0,0,0,0,0,0,0,0,-1
2024-10-21T11:57:23.893151634Z,AAPL,-1,-1,-10,-400,-27,-15,-110,-10,-110,-100,-55,-0.004405286,-0.044052863,-1.762114537,-0.118942731,-0.066079295,-0.484581498,-0.044052863,-0.484581498,-0.440528634,-0.242290749,0.382816896,0
2024-10-21T11:57:23.893200066Z,AAPL,-20,-20,-201,-208,-150,-25,-30,-200,-44,-154,-400,-0.105652404,-1.061806656,-1.098784997,-0.792393027,-0.132065504,-0.158478605,-1.056524036,-0.232435288,-0.813523508,-2.113048072,0.759502934,0
2024-10-21T11:57:23.964289822Z,AAPL,0,0,-400,-27,-15,-110,-10,-110,-100,-55,-1,0,-2.59235256,-0.174983798,-0.097213221,-0.712896954,-0.064808814,-0.712896954,-0.64808814,-0.356448477,-0.006480881,0.470532409,0
2024-10-21T11:57:23.964302478Z,AAPL,0,0,200,27,15,110,10,110,100,55,1,0,1.181334908,0.159480213,0.088600118,0.6497342,0.059066745,0.6497342,0.590667454,0.3248671,0.005906675,-0.353535136,0
2024-10-21T11:57:23.993763323Z,AAPL,20,20,201,208,150,25,30,200,44,154,400,0.096618357,0.971014493,1.004830918,0.724637681,0.120772947,0.144927536,0.966183575,0.212560386,0.743961353,1.93236715,-0.69455993,0
2024-10-21T11:57:25.745564633Z,AAPL,0,0,-200,-27,-15,-110,-10,-110,-100,-55,-1,0,-1.041666667,-0.140625,-0.078125,-0.572916667,-0.052083333,-0.572916667,-0.520833333,-0.286458333,-0.005208333,0.311736971,0
2024-10-21T11:57:25.813792371Z,AAPL,0,0,0,200,0,0,0,0,0,0,0,0,0,1.162790698,0,0,0,0,0,0,0,-0.12202089,0
2024-10-21T11:57:25.852973172Z,AAPL,0,0,0,0,-200,0,0,0,0,0,0,0,0,0,-1.041666667,0,0,0,0,0,0,0.198666564,0
2024-10-21T11:57:25.862973670Z,AAPL,0,0,400,27,15,110,10,110,100,55,1,0,1.762114537,0.118942731,0.066079295,0.484581498,0.044052863,0.484581498,0.440528634,0.242290749,0.004405286,-0.319837668,0
2024-10-21T11:57:25.868673528Z,AAPL,200,200,10,0,0,0,0,0,0,0,0,0.966183575,0.048309179,0,0,0,0,0,0,0,0,-0.022315118,0
2024-10-21T11:57:26.000349886Z,AAPL,200,200,0,0,0,0,0,0,0,0,0,0.881057269,0,0,0,0,0,0,0,0,0,-0.017540735,0
2024-10-21T11:57:28.039292565Z,AAPL,-200,-200,0,0,0,0,0,0,0,0,0,-0.966183575,0,0,0,0,0,0,0,0,0,0.019235492,0
2024-10-21T11:57:28.039302990Z,AAPL,-200,-200,-10,-27,-15,-110,-10,-110,-100,-55,-1,-1.041666667,-0.052083333,-0.140625,-0.078125,-0.572916667,-0.052083333,-0.572916667,-0.520833333,-0.286458333,-0.005208333,0.269391019,0
2024-10-21T11:57:28.039347712Z,AAPL,0,0,0,0,0,0,0,0,0,0,0,0,0,0,0,0,0,0,0,0,0,0,0
2024-10-21T11:57:28.153707091Z,AAPL,0,0,400,27,15,110,10,110,100,55,1,0,1.762114537,0.118942731,0.066079295,0.484581498,0.044052863,0.484581498,0.440528634,0.242290749,0.004405286,-0.319837668,0
2024-10-21T11:57:28.163711748Z,AAPL,200,200,10,0,0,0,0,0,0,0,0,0.966183575,0.048309179,0,0,0,0,0,0,0,0,-0.022315118,0
2024-10-21T11:57:28.163725884Z,AAPL,0,0,0,-200,200,0,0,0,0,0,0,0,0,-0.966183575,0.966183575,0,0,0,0,0,0,-0.082881097,0
2024-10-21T11:57:29.331953680Z,AAPL,0,0,0,200,0,0,0,0,0,0,0,0,0,1.069518717,0,0,0,0,0,0,0,-0.112233118,0
2024-10-21T11:57:29.331966683Z,AAPL,0,0,0,0,-200,0,0,0,0,0,0,0,0,0,-0.966183575,0,0,0,0,0,0,0.184270436,0
2024-10-21T11:57:30.995192991Z,AAPL,200,200,0,0,0,0,0,0,0,0,0,0.881057269,0,0,0,0,0,0,0,0,0,-0.017540735,0
2024-10-21T11:57:31.496234971Z,AAPL,0,0,-201,-8,-350,-25,-30,-200,-44,-154,-400,0,-0.848101266,-0.033755274,-1.476793249,-0.105485232,-0.126582278,-0.843881857,-0.185654008,-0.64978903,-1.687763713,0.677350709,0
2024-10-21T11:57:36.264542456Z,AAPL,500,500,201,8,350,25,30,200,44,154,400,1.818181818,0.730909091,0.029090909,1.272727273,0.090909091,0.109090909,0.727272727,0.16,0.56,1.454545455,-0.619950855,0
2024-10-21T11:57:36.267934826Z,AAPL,-200,-200,0,0,0,0,0,0,0,0,0,-0.784313725,0,0,0,0,0,0,0,0,0,0.015614694,0
2024-10-21T11:57:37.887981490Z,AAPL,1,1,200,10,27,15,110,10,110,100,55,0.003921569,0.784313725,0.039215686,0.105882353,0.058823529,0.431372549,0.039215686,0.431372549,0.392156863,0.215686275,-0.227787445,0
2024-10-21T11:57:38.016963535Z,AAPL,0,0,200,0,0,0,0,0,0,0,0,0,0.727272727,0,0,0,0,0,0,0,0,-0.046362372,0
2024-10-21T11:57:40.885440558Z,AAPL,0,0,0,0,-27,-15,-110,-10,-110,-100,-55,0,0,0,-0.099118943,-0.055066079,-0.403817915,-0.03671072,-0.403817915,-0.367107195,-0.201908957,0.16250682,0
2024-10-21T11:57:40.885481569Z,AAPL,0,0,0,0,26,15,110,10,110,100,55,0,0,0,0.094579847,0.054565296,0.400145507,0.036376864,0.400145507,0.363768643,0.200072754,-0.160335169,0
2024-10-21T11:57:41.319151873Z,AAPL,0,0,0,0,200,0,0,0,0,0,0,0,0,0,0.78462142,0,0,0,0,0,0,-0.14964292,0
2024-10-21T11:57:41.319163898Z,AAPL,0,0,0,0,0,-25,-30,-200,-44,-154,-400,0,0,0,0,-0.106428267,-0.127713921,-0.851426139,-0.187313751,-0.655598127,-1.702852278,0.341112168,0
2024-10-21T11:57:41.375697228Z,AAPL,0,0,-200,0,0,0,0,0,0,0,0,0,-0.930665426,0,0,0,0,0,0,0,0,0.059328303,0
2024-10-21T11:57:41.375709324Z,AAPL,0,0,400,0,0,0,0,0,0,0,0,0,1.702852278,0,0,0,0,0,0,0,0,-0.108553872,0
2024-10-21T11:57:41.965660865Z,AAPL,0,0,-400,-10,-26,-15,-110,-10,-110,-100,-55,0,-2.051282051,-0.051282051,-0.133333333,-0.076923077,-0.564102564,-0.051282051,-0.564102564,-0.512820513,-0.282051282,0.362178575,0
2024-10-21T11:57:42.074173420Z,AAPL,0,0,0,200,26,15,110,10,110,100,55,0,0,0.930665426,0.120986505,0.069799907,0.511865984,0.046533271,0.511865984,0.465332713,0.255932992,-0.302762825,0
2024-10-21T11:57:42.169221771Z,AAPL,0,0,0,200,0,0,0,0,0,0,0,0,0,0.930665426,0,0,0,0,0,0,0,-0.097662136,0
2024-10-21T11:57:42.207878969Z,AAPL,0,0,0,-200,-26,-15,-110,-10,-110,-100,-55,0,0,-1.025641026,-0.133333333,-0.076923077,-0.564102564,-0.051282051,-0.564102564,-0.512820513,-0.282051282,0.333660159,0
2024-10-21T11:57:42.313260974Z,AAPL,0,0,0,200,26,15,110,10,110,100,55,0,0,0.930665426,0.120986505,0.069799907,0.511865984,0.046533271,0.511865984,0.465332713,0.255932992,-0.302762825,0
2024-10-21T11:57:42.380159117Z,AAPL,0,0,0,200,0,0,0,0,0,0,0,0,0,0.851426139,0,0,0,0,0,0,0,-0.089346927,0
2024-10-21T11:57:42.412324426Z,AAPL,0,0,0,-200,0,0,0,0,0,0,0,0,0,-0.930665426,0,0,0,0,0,0,0,0.097662136,0
2024-10-21T11:57:42.412336614Z,AAPL,0,0,0,200,0,0,0,0,0,0,0,0,0,0.930665426,0,0,0,0,0,0,0,-0.097662136,0
2024-10-21T11:57:48.072962640Z,AAPL,0,0,0,200,0,0,0,0,0,0,0,0,0,0.851426139,0,0,0,0,0,0,0,-0.089346927,0
2024-10-21T11:57:48.072974095Z,AAPL,0,0,0,0,0,25,30,200,44,154,400,0,0,0,0,0.098077678,0.117693213,0.78462142,0.172616712,0.604158494,1.56924284,-0.314347777,0
2024-10-21T11:57:48.072984615Z,AAPL,0,0,0,0,0,-200,0,0,0,0,0,0,0,0,0,-0.727537286,0,0,0,0,0,0.089583618,0
2024-10-21T11:57:48.076659157Z,AAPL,0,0,0,0,0,0,200,44,154,400,1,0,0,0,0,0,0.735294118,0.161764706,0.566176471,1.470588235,0.003676471,-0.276148186,0
2024-10-21T11:57:48.076742621Z,AAPL,0,0,0,0,0,0,-200,-44,-154,-400,-1,0,0,0,0,0,-0.728066982,-0.160174736,-0.560611576,-1.456133964,-0.003640335,0.273433952,0
2024-10-21T11:57:48.136477014Z,AAPL,0,0,0,-200,0,0,0,0,0,0,0,0,0,-0.785237534,0,0,0,0,0,0,0,0.082401229,0
2024-10-21T11:57:48.136488492Z,AAPL,0,0,0,200,0,0,0,0,0,0,0,0,0,0.785237534,0,0,0,0,0,0,0,-0.082401229,0
2024-10-21T11:57:48.194611663Z,AAPL,0,0,0,0,-26,-15,-110,-10,-110,-100,-55,0,0,0,-0.103092784,-0.059476606,-0.436161776,-0.039651071,-0.436161776,-0.396510706,-0.218080888,0.174766606,0
2024-10-21T11:57:48.194659897Z,AAPL,0,0,0,0,29,15,110,10,110,100,55,0,0,0,0.11372549,0.058823529,0.431372549,0.039215686,0.431372549,0.392156863,0.215686275,-0.175091363,0
2024-10-21T11:57:51.070607242Z,AAPL,0,0,0,0,0,0,0,0,0,0,0,0,0,0,0,0,0,0,0,0,0,0,0
2024-10-21T11:57:51.271195500Z,AAPL,0,0,0,0,0,-225,-28,-200,-44,-154,-400,0,0,0,0,-1.046511628,-0.130232558,-0.930232558,-0.204651163,-0.71627907,-1.860465116,0.486045642,0
2024-10-21T11:57:51.287108312Z,AAPL,0,0,0,0,0,0,0,200,44,154,400,0,0,0,0,0,0,0.793021412,0.174464711,0.610626487,1.586042823,-0.290401876,0
2024-10-21T11:57:51.287157718Z,AAPL,0,0,0,0,0,0,0,-200,-44,-154,-400,0,0,0,0,0,0,-0.929800093,-0.20455602,-0.715946072,-1.859600186,0.340489787,0
2024-10-21T11:57:51.322699915Z,AAPL,0,0,0,0,0,0,0,0,0,0,0,0,0,0,0,0,0,0,0,0,0,0,0
2024-10-21T11:57:52.317929239Z,AAPL,0,0,0,0,0,25,29,200,44,154,400,0,0,0,0,0.106337729,0.123351765,0.850701829,0.187154402,0.655040408,1.701403658,-0.340281848,0
2024-10-21T11:57:52.317942384Z,AAPL,0,0,0,0,0,-200,0,0,0,0,0,0,0,0,0,-0.784006272,0,0,0,0,0,0.096536796,0
2024-10-21T11:57:58.266584280Z,AAPL,0,0,0,0,0,-225,-29,-200,-44,-154,-400,0,0,0,0,-1.046025105,-0.134821013,-0.929800093,-0.20455602,-0.715946072,-1.859600186,0.486410037,0
2024-10-21T11:58:06.284720780Z,AAPL,0,0,0,-200,-29,-15,-110,-10,-110,-100,-55,0,0,-1.024590164,-0.148565574,-0.076844262,-0.56352459,-0.051229508,-0.56352459,-0.512295082,-0.281762295,0.336249441,0
2024-10-21T11:58:06.284733562Z,AAPL,0,0,0,200,0,0,0,0,0,0,0,0,0,0.92936803,0,0,0,0,0,0,0,-0.09752599,0
2024-10-21T11:58:06.339571308Z,AAPL,0,0,0,0,-200,25,29,200,44,154,400,0,0,0,-0.78369906,0.097962382,0.113636364,0.78369906,0.172413793,0.603448276,1.567398119,-0.164013645,0
2024-10-21T11:58:06.359829740Z,AAPL,0,0,0,200,0,0,0,0,0,0,0,0,0,0.726744186,0,0,0,0,0,0,0,-0.076263056,0
2024-10-21T11:58:06.360206541Z,AAPL,0,0,0,0,0,0,-29,-200,-44,-154,-400,0,0,0,0,0,-0.121797564,-0.8399832,-0.184796304,-0.646787064,-1.679966401,0.323065709,0
2024-10-21T11:58:06.360243785Z,AAPL,0,0,0,0,0,0,0,200,44,154,400,0,0,0,0,0,0,0.726744186,0.159883721,0.559593023,1.453488372,-0.266131371,0
2024-10-21T11:58:06.414660818Z,AAPL,0,0,0,-200,0,0,0,0,0,0,0,0,0,-0.78369906,0,0,0,0,0,0,0,0.082239785,0
2024-10-21T11:58:06.414672832Z,AAPL,0,0,0,200,29,15,110,10,110,100,55,0,0,0.784006272,0.113680909,0.05880047,0.43120345,0.039200314,0.43120345,0.392003136,0.215601725,-0.25729475,0
2024-10-21T11:58:14.036350634Z,AAPL,0,0,0,0,0,0,0,0,0,0,0,0,0,0,0,0,0,0,0,0,0,0,0
2024-10-21T11:58:14.036377136Z,AAPL,0,0,0,0,200,0,0,0,0,0,0,0,0,0,0.850701829,0,0,0,0,0,0,-0.162245769,0
2024-10-21T11:58:14.144708873Z,AAPL,0,0,0,0,-200,0,0,0,0,0,0,0,0,0,-0.784006272,0,0,0,0,0,0,0.149525599,0
2024-10-21T11:58:18.578706483Z,AAPL,0,0,0,0,200,0,0,0,0,0,0,0,0,0,0.850701829,0,0,0,0,0,0,-0.162245769,0
2024-10-21T11:58:18.578717695Z,AAPL,0,0,0,0,0,-25,-29,-200,-44,-154,-400,0,0,0,0,-0.116225012,-0.134821013,-0.929800093,-0.20455602,-0.715946072,-1.859600186,0.371921257,0
2024-10-21T11:58:18.649580622Z,AAPL,0,0,0,0,0,25,29,200,44,154,400,0,0,0,0,0.106337729,0.123351765,0.850701829,0.187154402,0.655040408,1.701403658,-0.340281848,0
2024-10-21T11:58:18.666193529Z,AAPL,0,0,0,0,0,0,0,0,0,0,0,0,0,0,0,0,0,0,0,0,0,0,65
2024-10-21T11:58:18.666193529Z,AAPL,65,65,0,0,0,0,0,0,0,0,0,0.284339458,0,0,0,0,0,0,0,0,0,-0.005660839,0
2024-10-21T11:58:18.721960191Z,AAPL,0,0,0,0,0,0,-29,-200,-44,-154,-400,0,0,0,0,0,-0.126859143,-0.874890639,-0.192475941,-0.673665792,-1.749781277,0.336491449,0
2024-10-21T11:58:18.722551669Z,AAPL,0,0,0,0,0,0,0,0,-200,-44,-154,0,0,0,0,0,0,0,-0.926354794,-0.203798055,-0.713293191,0.158283822,0
2024-10-21T11:58:18.722579315Z,AAPL,0,0,0,0,0,0,0,27,200,44,154,0,0,0,0,0,0,0.11821366,0.875656743,0.192644483,0.674255692,-0.163945096,0
2024-10-21T11:58:18.733836431Z,AAPL,0,0,0,0,0,0,27,200,44,154,400,0,0,0,0,0,0.11821366,0.875656743,0.192644483,0.674255692,1.751313485,-0.335674139,0
2024-10-21T11:58:18.771745684Z,AAPL,0,0,0,0,0,0,-27,-200,-44,-154,-400,0,0,0,0,0,-0.129558541,-0.959692898,-0.211132438,-0.738963532,-1.919385797,0.367888548,0
2024-10-21T11:58:19.574896952Z,AAPL,0,0,0,0,0,0,27,200,44,154,400,0,0,0,0,0,0.11821366,0.875656743,0.192644483,0.674255692,1.751313485,-0.335674139,0
2024-10-21T11:58:19.574907103Z,AAPL,0,0,0,0,0,0,-27,-200,-44,-154,-400,0,0,0,0,0,-0.129558541,-0.959692898,-0.211132438,-0.738963532,-1.919385797,0.367888548,0
2024-10-21T11:58:19.604471701Z,AAPL,0,0,0,200,0,0,0,0,0,0,0,0,0,0.959692898,0,0,0,0,0,0,0,-0.10070822,0
2024-10-21T11:58:19.632503658Z,AAPL,0,0,0,0,0,0,-200,0,0,0,0,0,0,0,0,0,-0.959692898,0,0,0,0,0.121867499,0
2024-10-21T11:58:21.722356897Z,AAPL,0,0,0,0,0,0,-200,0,0,0,0,0,0,0,0,0,-0.875656743,0,0,0,0,0.111196089,0
2024-10-21T11:58:21.794663862Z,AAPL,0,0,200,10,0,0,0,0,0,0,0,0,0.875656743,0.043782837,0,0,0,0,0,0,0,-0.060416077,0
2024-10-21T11:58:32.993346096Z,AAPL,0,0,200,0,0,0,0,0,0,0,0,0,0.875656743,0,0,0,0,0,0,0,0,-0.055821595,0
2024-10-21T11:58:37.947553299Z,AAPL,0,0,0,0,0,0,200,0,0,0,0,0,0,0,0,0,0.959692898,0,0,0,0,-0.121867499,0
2024-10-21T11:58:37.947562931Z,AAPL,0,0,0,0,0,0,27,200,44,154,400,0,0,0,0,0,0.11821366,0.875656743,0.192644483,0.674255692,1.751313485,-0.335674139,0
2024-10-21T11:58:37.947573917Z,AAPL,0,0,0,0,0,0,-27,-200,-44,-154,-400,0,0,0,0,0,-0.11821366,-0.875656743,-0.192644483,-0.674255692,-1.751313485,0.335674139,0
2024-10-21T11:58:40.491423845Z,AAPL,0,0,0,0,-29,-15,-110,-10,-110,-100,-55,0,0,0,-0.128546099,-0.066489362,-0.487588652,-0.044326241,-0.487588652,-0.443262411,-0.243794326,0.197909121,0
2024-10-21T11:58:40.491466764Z,AAPL,0,0,0,0,26,15,110,10,110,100,55,0,0,0,0.113985094,0.065760631,0.48224463,0.043840421,0.48224463,0.438404209,0.241122315,-0.193231644,0
2024-10-21T11:58:50.556727313Z,AAPL,0,0,0,0,0,0,-400,0,0,0,0,0,0,0,0,0,-1.753616835,0,0,0,0,0.222684671,0
2024-10-21T11:58:53.131341094Z,AAPL,0,0,200,0,0,0,0,0,0,0,0,0,0.806126562,0,0,0,0,0,0,0,0,-0.051389167,0
2024-10-21T11:58:53.954307531Z,AAPL,0,0,0,0,0,0,0,0,0,0,0,0,0,0,0,0,0,0,0,0,0,0,40
2024-10-21T11:58:53.954307531Z,AAPL,40,40,0,0,0,0,0,0,0,0,0,0.163867268,0,0,0,0,0,0,0,0,0,-0.00326239,0
2024-10-21T11:58:53.954317948Z,AAPL,100,100,1,400,10,26,15,110,10,110,100,0.402252615,0.004022526,1.609010459,0.040225261,0.10458568,0.060337892,0.442477876,0.040225261,0.442477876,0.402252615,-0.329747775,0
2024-10-21T11:58:53.954477659Z,AAPL,0,0,0,0,0,0,0,0,0,0,0,0,0,0,0,0,0,0,0,0,0,0,201
2024-10-21T11:58:53.954477659Z,AAPL,201,201,8,150,25,400,27,200,44,154,400,0.806904857,0.032115616,0.602167804,0.100361301,1.605780811,0.108390205,0.802890405,0.176635889,0.618225612,1.605780811,-0.605946932,0
2024-10-21T11:58:53.954501480Z,AAPL,100,100,100,1,400,10,26,15,110,10,110,0.401445203,0.401445203,0.004014452,1.605780811,0.04014452,0.104375753,0.06021678,0.441589723,0.04014452,0.441589723,-0.445329436,0
2024-10-21T11:58:53.954502815Z,AAPL,0,0,100,100,1,400,10,26,15,110,10,0,0.403063281,0.403063281,0.004030633,1.612253124,0.040306328,0.104796453,0.060459492,0.443369609,0.040306328,-0.327640879,0
2024-10-21T11:58:53.954507571Z,AAPL,0,0,100,0,0,0,0,0,0,0,0,0,0.387446726,0,0,0,0,0,0,0,0,-0.024699055,0
2024-10-21T11:58:53.954515456Z,AAPL,0,0,100,0,0,0,0,0,0,0,0,0,0.372995151,0,0,0,0,0,0,0,0,-0.023777792,0
2024-10-21T11:58:53.954518683Z,AAPL,0,0,100,0,0,0,0,0,0,0,0,0,0.359582884,0,0,0,0,0,0,0,0,-0.022922784,0
2024-10-21T11:58:53.954521070Z,AAPL,40,40,0,0,0,0,0,0,0,0,0,0.14179369,0,0,0,0,0,0,0,0,0,-0.002822933,0
2024-10-21T11:58:53.954534910Z,AAPL,0,0,0,0,0,27,200,44,154,400,1,0,0,0,0,0.111478117,0.825763832,0.181668043,0.63583815,1.651527663,0.004128819,-0.32385173,0
2024-10-21T11:58:53.954535707Z,AAPL,0,0,0,40,100,1,400,10,26,15,110,0,0,0.163132137,0.407830343,0.004078303,1.63132137,0.040783034,0.106035889,0.061174551,0.448613377,-0.359070717,0
2024-10-21T11:58:53.954546864Z,AAPL,0,0,-100,0,0,0,0,0,0,0,0,0,-0.425170068,0,0,0,0,0,0,0,0,0.027103853,0
2024-10-21T11:58:53.954549208Z,AAPL,-100,-100,0,0,0,0,0,0,0,0,0,-0.444049734,0,0,0,0,0,0,0,0,0,0.008840468,0
2024-10-21T11:58:53.954555754Z,AAPL,0,0,0,0,0,0,0,0,0,0,0,0,0,0,0,0,0,0,0,0,0,0,0
2024-10-21T11:58:53.954564591Z,AAPL,0,0,-100,0,0,0,0,0,0,0,0,0,-0.464684015,0,0,0,0,0,0,0,0,0.029622798,0
2024-10-21T11:58:53.954570870Z,AAPL,0,0,-100,0,0,0,0,0,0,0,0,0,-0.487329435,0,0,0,0,0,0,0,0,0.031066404,0
2024-10-21T11:58:53.954666995Z,AAPL,0,0,0,0,-100,-1,-400,-10,-26,-15,-110,0,0,0,-0.509683996,-0.00509684,-2.038735984,-0.0509684,-0.132517839,-0.076452599,-0.560652396,0.42735281,0
2024-10-21T11:58:53.954950395Z,AAPL,0,0,-100,-40,-1,-400,-10,-26,-15,-110,-10,0,-0.507099391,-0.202839757,-0.005070994,-2.028397566,-0.050709939,-0.131845842,-0.076064909,-0.557809331,-0.050709939,0.380281056,0
2024-10-21T11:58:54.013566047Z,AAPL,0,0,0,0,0,-27,-200,-44,-154,-400,-1,0,0,0,0,-0.124366651,-0.921234454,-0.20267158,-0.70935053,-1.842468908,-0.004606172,0.361293824,0
2024-10-21T11:58:54.013589130Z,AAPL,0,0,0,0,0,27,200,44,154,400,1,0,0,0,0,0.136916836,1.014198783,0.223123732,0.780933063,2.028397566,0.005070994,-0.397752987,0
2024-10-21T11:58:54.021444014Z,AAPL,0,0,0,0,0,-27,-200,-44,-154,-400,-1,0,0,0,0,-0.124366651,-0.921234454,-0.20267158,-0.70935053,-1.842468908,-0.004606172,0.361293824,0
2024-10-21T11:58:54.043347922Z,AAPL,0,0,0,0,0,-200,0,0,0,0,0,0,0,0,0,-0.843525938,0,0,0,0,0,0.103865612,0
2024-10-21T11:58:54.063766628Z,AAPL,0,0,-40,-1,-400,-10,-26,-15,-110,-10,-110,0,-0.164541341,-0.004113534,-1.64541341,-0.041135335,-0.106951872,-0.061703003,-0.452488688,-0.041135335,-0.452488688,0.432397341,0
2024-10-21T11:58:54.213766156Z,AAPL,-40,-40,-1,-400,-10,-26,-15,-110,-10,-110,-100,-0.163532298,-0.004088307,-1.635322976,-0.040883074,-0.106295993,-0.061324612,-0.449713818,-0.040883074,-0.449713818,-0.408830744,0.330256635,0
2024-10-21T11:58:58.704657287Z,AAPL,0,0,0,26,10,26,15,110,10,110,100,0,0,0.107571369,0.041373604,0.107571369,0.062060405,0.45510964,0.041373604,0.45510964,0.413736036,-0.168282483,0
2024-10-21T11:58:58.704745556Z,AAPL,0,0,0,0,0,-26,-15,-110,-10,-110,-100,0,0,0,0,-0.106295993,-0.061324612,-0.449713818,-0.040883074,-0.449713818,-0.408830744,0.147335609,0
2024-10-21T11:58:58.758409305Z,AAPL,0,0,-200,0,0,0,0,0,0,0,0,0,-0.89047195,0,0,0,0,0,0,0,0,0.056766039,0
2024-10-21T11:58:58.758422757Z,AAPL,0,0,200,0,0,0,0,0,0,0,0,0,0.89047195,0,0,0,0,0,0,0,0,-0.056766039,0
2024-10-21T11:58:58.912375357Z,AAPL,100,100,1,200,26,10,15,110,10,110,100,0.436490615,0.004364906,0.872981231,0.11348756,0.043649062,0.065473592,0.480139677,0.043649062,0.480139677,0.436490615,-0.270925794,0
2024-10-21T11:58:58.912551174Z,AAPL,0,0,0,0,0,0,0,0,0,0,0,0,0,0,0,0,0,0,0,0,0,0,9
2024-10-21T11:58:58.912551174Z,AAPL,1,1,0,0,0,0,0,0,0,0,0,0.004366812,0,0,0,0,0,0,0,0,0,-8.69E-05,8
2024-10-21T11:58:58.912551174Z,AAPL,8,8,150,25,400,27,200,44,154,400,1,0.038259206,0.717360115,0.119560019,1.912960306,0.129124821,0.956480153,0.210425634,0.736489718,1.912960306,0.004782401,-0.798994776,1
2024-10-21T11:58:58.912577219Z,AAPL,100,100,200,100,1,200,26,10,15,110,10,0.458505273,0.917010546,0.458505273,0.004585053,0.917010546,0.119211371,0.045850527,0.068775791,0.5043558,0.045850527,-0.298578287,0
2024-10-21T11:58:58.912588388Z,AAPL,0,0,200,0,0,0,0,0,0,0,0,0,0.8399832,0,0,0,0,0,0,0,0,-0.053547469,0
2024-10-21T11:58:58.912594900Z,AAPL,0,0,38,400,100,1,200,26,10,15,110,0,0.157741802,1.660440017,0.415110004,0.0041511,0.830220008,0.107928601,0.041511,0.062266501,0.456621005,-0.429000538,0
2024-10-21T11:58:58.912609151Z,AAPL,0,0,0,0,38,100,1,200,26,10,15,0,0,0,0.162601626,0.427899016,0.00427899,0.855798032,0.111253744,0.042789902,0.064184852,-0.206553843,0
2024-10-21T11:58:58.912613899Z,AAPL,0,0,0,-100,0,0,0,0,0,0,0,0,0,-0.447027269,0,0,0,0,0,0,0,0.046910132,0
2024-10-21T11:58:58.912617614Z,AAPL,0,0,0,0,200,0,0,0,0,0,0,0,0,0,0.981836033,0,0,0,0,0,0,-0.187255671,0
2024-10-21T11:58:58.912620981Z,AAPL,-100,-100,-38,-300,-38,-100,-1,-200,-26,-10,-15,-0.488519785,-0.185637518,-1.465559355,-0.185637518,-0.488519785,-0.004885198,-0.97703957,-0.127015144,-0.048851979,-0.073277968,0.411169175,0
2024-10-21T11:58:58.912628049Z,AAPL,0,0,0,0,27,200,44,154,400,1,600,0,0,0,0.110339191,0.81732734,0.179812015,0.629342051,1.634654679,0.004086637,2.451982019,-0.572440879,0
2024-10-21T11:58:58.912639087Z,AAPL,0,0,-100,0,0,0,0,0,0,0,0,0,-0.426075841,0,0,0,0,0,0,0,0,0.027161594,0
2024-10-21T11:58:58.912642543Z,AAPL,0,0,-100,0,0,0,0,0,0,0,0,0,-0.445037828,0,0,0,0,0,0,0,0,0.028370388,0
2024-10-21T11:58:58.912684059Z,AAPL,0,0,0,0,-100,-1,-200,-26,-10,-15,-110,0,0,0,-0.463606861,-0.004636069,-0.927213723,-0.120537784,-0.046360686,-0.069541029,-0.509967548,0.273289798,0
2024-10-21T11:58:58.912954809Z,AAPL,0,0,-100,-38,-1,-200,-26,-10,-15,-110,-10,0,-0.461467467,-0.175357637,-0.004614675,-0.922934933,-0.119981541,-0.046146747,-0.06922012,-0.507614213,-0.046146747,0.2318785,0
2024-10-21T11:58:58.926466671Z,AAPL,0,0,0,0,-27,-200,-44,-154,-400,-1,-600,0,0,0,-0.152801358,-1.131861913,-0.249009621,-0.871533673,-2.263723826,-0.00565931,-3.395585739,0.792735048,0
2024-10-21T11:58:58.945466491Z,AAPL,0,0,0,0,-200,0,0,0,0,0,0,0,0,0,-1.016776817,0,0,0,0,0,0,0.193919574,0
2024-10-21T11:58:58.980196081Z,AAPL,0,0,0,0,200,0,0,0,0,0,0,0,0,0,1.131861913,0,0,0,0,0,0,-0.215868592,0
2024-10-21T11:58:58.980205607Z,AAPL,0,0,0,0,27,200,44,154,400,1,600,0,0,0,0.124596216,0.922934933,0.203045685,0.710659898,1.845869866,0.004614675,2.768804799,-0.646406474,0
2024-10-21T11:58:58.983388525Z,AAPL,0,0,0,0,-200,-26,-10,-15,-110,-10,-110,0,0,0,-0.967585873,-0.125786164,-0.048379294,-0.07256894,-0.53217223,-0.048379294,-0.53217223,0.310862568,0
2024-10-21T11:58:58.983400771Z,AAPL,0,0,0,0,400,26,10,15,110,10,110,0,0,0,1.689902831,0.109843684,0.042247571,0.063371356,0.464723278,0.042247571,0.464723278,-0.432612053,0
2024-10-21T11:58:59.013763041Z,AAPL,0,0,-38,-1,-400,-26,-10,-15,-110,-10,-110,0,-0.156442981,-0.004116921,-1.646768217,-0.107039934,-0.041169205,-0.061753808,-0.45286126,-0.041169205,-0.45286126,0.43197466,0
2024-10-21T11:58:59.013823110Z,AAPL,0,0,0,0,-27,-200,-44,-154,-400,-1,-600,0,0,0,-0.133070478,-0.985707245,-0.216855594,-0.758994579,-1.97141449,-0.004928536,-2.957121735,0.690371035,0
2024-10-21T11:58:59.163763153Z,AAPL,-38,-38,-1,-400,-26,-10,-15,-110,-10,-110,-100,-0.18572825,-0.004887586,-1.955034213,-0.127077224,-0.048875855,-0.073313783,-0.537634409,-0.048875855,-0.537634409,-0.488758553,0.399913738,0
2024-10-21T11:59:00.168228588Z,AAPL,0,0,0,-26,-10,-15,-110,-10,-110,-100,-55,0,0,-0.128649184,-0.049480455,-0.074220683,-0.544285007,-0.049480455,-0.544285007,-0.494804552,-0.272142504,0.216491869,0
2024-10-21T11:59:00.168269867Z,AAPL,0,0,0,30,10,15,110,10,110,100,55,0,0,0.146341463,0.048780488,0.073170732,0.536585366,0.048780488,0.536585366,0.487804878,0.268292683,-0.215476871,0
2024-10-21T11:59:00.853830846Z,AAPL,0,0,0,0,-200,0,0,0,0,0,0,0,0,0,-0.975609756,0,0,0,0,0,0,0.186068196,0
2024-10-21T11:59:01.071525039Z,AAPL,0,0,-400,-30,-10,-15,-110,-10,-110,-100,-55,0,-2.422774076,-0.181708056,-0.060569352,-0.090854028,-0.666262871,-0.060569352,-0.666262871,-0.605693519,-0.333131435,0.42199917,0
2024-10-21T11:59:01.071537379Z,AAPL,0,0,0,400,10,15,110,10,110,100,55,0,0,1.951219512,0.048780488,0.073170732,0.536585366,0.048780488,0.536585366,0.487804878,0.268292683,-0.404877101,0
2024-10-21T11:59:01.127333717Z,AAPL,0,0,0,0,-200,0,0,0,0,0,0,0,0,0,-0.975609756,0,0,0,0,0,0,0.186068196,0
2024-10-21T11:59:01.141872098Z,AAPL,0,0,0,0,27,200,44,154,400,1,600,0,0,0,0.110204082,0.816326531,0.179591837,0.628571429,1.632653061,0.004081633,2.448979592,-0.571739931,0
2024-10-21T11:59:01.141884696Z,AAPL,0,0,0,0,-27,-200,-44,-154,-400,-1,-600,0,0,0,-0.12,-0.888888889,-0.195555556,-0.684444444,-1.777777778,-0.004444444,-2.666666667,0.622561258,0
2024-10-21T11:59:01.197001468Z,AAPL,0,0,400,-400,-10,-15,-110,-10,-110,-100,-55,0,1.776988005,-1.776988005,-0.0444247,-0.06663705,-0.488671701,-0.0444247,-0.488671701,-0.444247001,-0.244335851,0.255444253,0
2024-10-21T11:59:01.197013688Z,AAPL,0,0,0,0,-400,0,0,0,0,0,0,0,0,0,-1.950268162,0,0,0,0,0,0,0.371954951,0
2024-10-21T11:59:01.308608556Z,AAPL,0,0,0,0,-200,0,0,0,0,0,0,0,0,0,-0.975134081,0,0,0,0,0,0,0.185977476,0
2024-10-21T11:59:01.341702894Z,AAPL,0,0,-30,0,0,0,0,0,0,0,0,0,-0.148441366,0,0,0,0,0,0,0,0,0.009462879,0
2024-10-21T11:59:01.341757997Z,AAPL,0,0,0,27,0,0,0,0,0,0,0,0,0,0.131835938,0,0,0,0,0,0,0,-0.013834595,0
2024-10-21T11:59:01.498729008Z,AAPL,0,0,200,0,0,0,0,0,0,0,0,0,1.082251082,0,0,0,0,0,0,0,0,-0.068991625,0
2024-10-21T11:59:01.983695936Z,AAPL,0,0,200,0,0,0,0,0,0,0,0,0,0.9765625,0,0,0,0,0,0,0,0,-0.062254161,0
2024-10-21T11:59:02.037392833Z,AAPL,0,0,-200,0,0,0,0,0,0,0,0,0,-1.082251082,0,0,0,0,0,0,0,0,0.068991625,0
2024-10-21T11:59:02.037405330Z,AAPL,0,0,200,0,0,0,0,0,0,0,0,0,1.082251082,0,0,0,0,0,0,0,0,-0.068991625,0
2024-10-21T11:59:02.587275146Z,AAPL,0,0,200,0,0,0,0,0,0,0,0,0,1.082251082,0,0,0,0,0,0,0,0,-0.068991625,0
2024-10-21T11:59:05.075636621Z,AAPL,0,0,0,0,27,200,44,154,400,1,600,0,0,0,0.120106762,0.889679715,0.195729537,0.685053381,1.779359431,0.004448399,2.669039146,-0.623115138,0
2024-10-21T11:59:05.075648273Z,AAPL,0,0,0,0,-27,-200,-44,-154,-400,-1,-600,0,0,0,-0.146103896,-1.082251082,-0.238095238,-0.833333333,-2.164502165,-0.005411255,-3.246753247,0.757988544,0
2024-10-21T11:59:05.129969945Z,AAPL,0,0,200,0,0,0,0,0,0,0,0,0,1.082251082,0,0,0,0,0,0,0,0,-0.068991625,0
2024-10-21T11:59:05.149534519Z,AAPL,0,0,0,-27,0,0,0,0,0,0,0,0,0,-0.148270181,0,0,0,0,0,0,0,0.015559171,0
2024-10-21T11:59:05.149624943Z,AAPL,0,0,0,27,10,15,110,10,110,100,55,0,0,0.146182999,0.054141852,0.081212777,0.595560368,0.054141852,0.595560368,0.541418517,0.297780184,-0.237455033,0
2024-10-21T11:59:22.128191719Z,AAPL,0,0,-200,-27,-10,-15,-110,-10,-110,-100,-55,0,-1.213592233,-0.163834951,-0.060679612,-0.091019417,-0.667475728,-0.060679612,-0.667475728,-0.606796117,-0.333737864,0.3434927,0
2024-10-21T11:59:22.128203635Z,AAPL,0,0,200,27,10,15,110,10,110,100,55,0,1.082837033,0.146182999,0.054141852,0.081212777,0.595560368,0.054141852,0.595560368,0.541418517,0.297780184,-0.306484011,0
2024-10-21T11:59:22.227115805Z,AAPL,0,0,200,0,0,0,0,0,0,0,0,0,1.082837033,0,0,0,0,0,0,0,0,-0.069028978,0
2024-10-21T11:59:22.702793943Z,AAPL,0,0,-200,-27,-10,-15,-110,-10,-110,-100,-55,0,-1.213592233,-0.163834951,-0.060679612,-0.091019417,-0.667475728,-0.060679612,-0.667475728,-0.606796117,-0.333737864,0.3434927,0
2024-10-21T11:59:22.702805375Z,AAPL,0,0,200,27,10,15,110,10,110,100,55,0,1.082837033,0.146182999,0.054141852,0.081212777,0.595560368,0.054141852,0.595560368,0.541418517,0.297780184,-0.306484011,0
2024-10-21T11:59:22.748399070Z,AAPL,0,0,0,0,-200,0,0,0,0,0,0,0,0,0,-1.082837033,0,0,0,0,0,0,0.206518572,0
2024-10-21T11:59:24.992210687Z,AAPL,0,0,0,0,-200,0,0,0,0,0,0,0,0,0,-0.97703957,0,0,0,0,0,0,0.18634089,0
2024-10-21T11:59:29.283276904Z,AAPL,0,0,0,0,200,0,0,0,0,0,0,0,0,0,1.082837033,0,0,0,0,0,0,-0.206518572,0
2024-10-21T11:59:29.283287223Z,AAPL,0,0,0,0,27,200,44,154,400,1,600,0,0,0,0.120160214,0.890075656,0.195816644,0.685358255,1.780151313,0.004450378,2.670226969,-0.623392448,0
2024-10-21T11:59:29.283298495Z,AAPL,0,0,0,0,-27,-200,-44,-154,-400,-1,-600,0,0,0,-0.131900342,-0.97703957,-0.214948705,-0.752320469,-1.95407914,-0.004885198,-2.93111871,0.684300357,0
2024-10-21T11:59:29.341806485Z,AAPL,0,0,0,0,-400,0,0,0,0,0,0,0,0,0,-1.95407914,0,0,0,0,0,0,0.37268178,0
2024-10-21T11:59:29.368105783Z,AAPL,0,0,0,0,-400,0,0,0,0,0,0,0,0,0,-1.95407914,0,0,0,0,0,0,0.37268178,0
2024-10-21T11:59:29.441553398Z,AAPL,0,0,0,0,0,-27,-200,-44,-154,-400,-1,0,0,0,0,-0.130183221,-0.964320154,-0.212150434,-0.742526519,-1.928640309,-0.004821601,0.378191365,0
2024-10-21T11:59:29.441648558Z,AAPL,0,0,0,0,0,0,200,44,154,400,1,0,0,0,0,0,0.9765625,0.21484375,0.751953125,1.953125,0.004882813,-0.36675931,0
2024-10-21T11:59:29.504292026Z,AAPL,0,0,200,0,0,0,0,0,0,0,0,0,0.889679715,0,0,0,0,0,0,0,0,-0.056715535,0
2024-10-21T11:59:29.550327634Z,AAPL,0,0,-200,0,0,0,0,0,0,0,0,0,-0.9765625,0,0,0,0,0,0,0,0,0.062254161,0
2024-10-21T11:59:29.550340581Z,AAPL,0,0,200,0,0,0,0,0,0,0,0,0,0.9765625,0,0,0,0,0,0,0,0,-0.062254161,0
2024-10-21T11:59:30.102712999Z,AAPL,0,0,0,0,0,0,0,0,0,0,0,0,0,0,0,0,0,0,0,0,0,0,150
2024-10-21T11:59:30.102712999Z,AAPL,150,150,25,400,28,200,44,154,400,1,600,0.568181818,0.09469697,1.515151515,0.106060606,0.757575758,0.166666667,0.583333333,1.515151515,0.003787879,2.272727273,-0.70765987,0
2024-10-21T11:59:30.102735583Z,AAPL,100,100,1,200,27,10,15,110,10,110,100,0.372439479,0.003724395,0.744878957,0.100558659,0.037243948,0.055865922,0.409683426,0.037243948,0.409683426,0.372439479,-0.231880146,0
2024-10-21T11:59:30.102746947Z,AAPL,100,100,0,0,0,0,0,0,0,0,0,0.359066427,0,0,0,0,0,0,0,0,0,-0.007148558,0
2024-10-21T11:59:30.102753002Z,AAPL,23,23,200,1,200,27,10,15,110,10,110,0.08493353,0.738552437,0.003692762,0.738552437,0.099704579,0.036927622,0.055391433,0.40620384,0.036927622,0.40620384,-0.286894079,0
2024-10-21T11:59:30.102766235Z,AAPL,0,0,0,23,1,200,27,10,15,110,10,0,0,0.087752766,0.003815338,0.763067531,0.103014117,0.038153377,0.057230065,0.419687142,0.038153377,-0.16187013,0
2024-10-21T11:59:30.102781049Z,AAPL,0,0,-100,0,0,0,0,0,0,0,0,0,-0.396667989,0,0,0,0,0,0,0,0,0.025286895,0
2024-10-21T11:59:30.102784354Z,AAPL,0,0,-100,-23,-1,-200,-27,-10,-15,-110,-10,0,-0.395100751,-0.090873173,-0.003951008,-0.790201501,-0.106677203,-0.039510075,-0.059265113,-0.434610826,-0.039510075,0.192813067,0
2024-10-21T11:59:30.166940785Z,AAPL,0,0,0,200,0,0,0,0,0,0,0,0,0,0.858000858,0,0,0,0,0,0,0,-0.090036864,0
2024-10-21T11:59:30.203764599Z,AAPL,0,0,-23,-1,-200,-27,-10,-15,-110,-10,-110,0,-0.09551495,-0.004152824,-0.830564784,-0.112126246,-0.041528239,-0.062292359,-0.456810631,-0.041528239,-0.456810631,0.273876966,0
2024-10-21T11:59:30.353763576Z,AAPL,-23,-23,-1,-200,-27,-10,-15,-110,-10,-110,-100,-0.094262295,-0.004098361,-0.819672131,-0.110655738,-0.040983607,-0.06147541,-0.450819672,-0.040983607,-0.450819672,-0.409836066,0.248880519,0
2024-10-21T11:59:33.214948750Z,AAPL,0,0,200,0,0,0,0,0,0,0,0,0,0.757575758,0,0,0,0,0,0,0,0,-0.048294137,0
2024-10-21T11:59:33.268596579Z,AAPL,0,0,-200,0,0,0,0,0,0,0,0,0,-0.819672131,0,0,0,0,0,0,0,0,0.052252673,0
2024-10-21T11:59:40.586082406Z,AAPL,1,1,1,200,27,10,15,110,10,110,100,0.004191115,0.004191115,0.838222967,0.113160101,0.041911148,0.062866723,0.461022632,0.041911148,0.461022632,0.419111484,-0.252677513,0
2024-10-21T11:59:40.711462280Z,AAPL,0,0,0,0,0,0,0,0,0,0,0,0,0,0,0,0,0,0,0,0,0,0,-1
2024-10-21T11:59:40.711462280Z,AAPL,-1,-1,-1,-200,-27,-10,-15,-110,-10,-110,-100,-0.004098361,-0.004098361,-0.819672131,-0.110655738,-0.040983607,-0.06147541,-0.450819672,-0.040983607,-0.450819672,-0.409836066,0.247085469,0
2024-10-21T11:59:44.915756078Z,AAPL,0,0,200,0,0,0,0,0,0,0,0,0,0.819672131,0,0,0,0,0,0,0,0,-0.052252673,0
2024-10-21T11:59:56.140334654Z,AAPL,0,0,-200,-27,-10,-15,-110,-10,-110,-100,-55,0,-0.892458724,-0.120481928,-0.044622936,-0.066934404,-0.490852298,-0.044622936,-0.490852298,-0.446229362,-0.245426149,0.252599718,0
2024-10-21T11:59:56.140348516Z,AAPL,0,0,200,27,10,15,110,10,110,100,55,0,0.819672131,0.110655738,0.040983607,0.06147541,0.450819672,0.040983607,0.450819672,0.409836066,0.225409836,-0.231998348,0
2024-10-21T11:59:56.303825659Z,AAPL,0,0,0,28,200,44,154,400,1,600,5,0,0,0.124721604,0.890868597,0.195991091,0.68596882,1.781737194,0.004454343,2.672605791,0.022271715,-0.715801706,0
2024-10-21T11:59:56.303838548Z,AAPL,0,0,0,-28,-200,-44,-154,-400,-1,-600,-5,0,0,-0.114754098,-0.819672131,-0.180327869,-0.631147541,-1.639344262,-0.004098361,-2.459016393,-0.020491803,0.658596242,0
2024-10-21T11:59:56.366678187Z,AAPL,0,0,0,-200,0,0,0,0,0,0,0,0,0,-0.819672131,0,0,0,0,0,0,0,0.086014726,0
2024-10-21T11:59:56.374323675Z,AAPL,0,0,0,0,200,44,154,400,1,600,5,0,0,0,0.827472073,0.182043856,0.637153496,1.654944146,0.00413736,2.482416218,0.020686802,-0.652706744,0
2024-10-21T11:59:56.374379339Z,AAPL,0,0,0,0,-200,-44,-154,-400,-1,-600,-5,0,0,0,-0.8200082,-0.180401804,-0.631406314,-1.6400164,-0.004100041,-2.4600246,-0.020500205,0.64681927,0
2024-10-21T11:59:57.076259289Z,AAPL,0,0,0,0,200,44,154,400,1,600,5,0,0,0,0.827472073,0.182043856,0.637153496,1.654944146,0.00413736,2.482416218,0.020686802,-0.652706744,0
2024-10-21T11:59:57.076314960Z,AAPL,0,0,0,0,-200,-44,-154,-400,-1,-600,-5,0,0,0,-0.820344545,-0.1804758,-0.631665299,-1.640689089,-0.004101723,-2.461033634,-0.020508614,0.647084578,0
2024-10-21T11:59:57.121796841Z,AAPL,0,0,200,0,0,0,0,0,0,0,0,0,0.820344545,0,0,0,0,0,0,0,0,-0.052295538,0
2024-10-21T11:59:58.069271668Z,AAPL,0,0,-200,-27,-10,-15,-110,-10,-110,-100,-55,0,-0.893255918,-0.120589549,-0.044662796,-0.066994194,-0.491290755,-0.044662796,-0.491290755,-0.446627959,-0.245645377,0.252825355,0
2024-10-21T11:59:58.069284093Z,AAPL,0,0,200,27,10,15,110,10,110,100,55,0,0.820344545,0.110746514,0.041017227,0.061525841,0.4511895,0.041017227,0.4511895,0.410172272,0.22559475,-0.232188666,0
2024-10-21T12:00:01.682008523Z,AAPL,0,0,0,0,200,44,154,400,1,600,5,0,0,0,0.827472073,0.182043856,0.637153496,1.654944146,0.00413736,2.482416218,0.020686802,-0.652706744,0
2024-10-21T12:00:01.682052966Z,AAPL,0,0,0,0,-200,-44,-154,-400,-1,-600,-5,0,0,0,-0.820344545,-0.1804758,-0.631665299,-1.640689089,-0.004101723,-2.461033634,-0.020508614,0.647084578,0
2024-10-21T12:00:01.884638806Z,AAPL,0,0,200,0,0,0,0,0,0,0,0,0,0.820344545,0,0,0,0,0,0,0,0,-0.052295538,0
2024-10-21T12:00:02.064285089Z,AAPL,0,0,-200,-27,-10,-15,-110,-10,-110,-100,-55,0,-0.893255918,-0.120589549,-0.044662796,-0.066994194,-0.491290755,-0.044662796,-0.491290755,-0.446627959,-0.245645377,0.252825355,0
2024-10-21T12:00:02.160356498Z,AAPL,0,0,-27,-10,-15,-110,-10,-110,-100,-55,-1,0,-0.119363395,-0.044208665,-0.066312997,-0.486295314,-0.044208665,-0.486295314,-0.442086649,-0.243147657,-0.004420866,0.20796244,0
2024-10-21T12:00:02.160444679Z,AAPL,0,0,0,26,15,110,10,110,100,55,1,0,0,0.116175156,0.067024129,0.491510277,0.044682752,0.491510277,0.446827525,0.245755139,0.004468275,-0.210004058,0
2024-10-21T12:00:02.178747608Z,AAPL,0,0,0,0,400,15,110,10,110,100,55,0,0,0,1.516875237,0.056882821,0.41714069,0.037921881,0.41714069,0.379218809,0.208570345,-0.437638912,0
2024-10-21T12:00:02.219875510Z,AAPL,0,0,200,10,26,0,0,0,0,0,0,0,0.820681165,0.041034058,0.106688551,0,0,0,0,0,0,-0.076970658,0
2024-10-21T12:00:02.605471012Z,AAPL,0,0,0,-200,0,0,0,0,0,0,0,0,0,-0.758437619,0,0,0,0,0,0,0,0.079588901,0
2024-10-21T12:00:02.834037742Z,AAPL,0,0,200,0,0,0,0,0,0,0,0,0,0.704970039,0,0,0,0,0,0,0,0,-0.044940614,0
2024-10-21T12:00:03.047639596Z,AAPL,0,0,-200,0,0,0,0,0,0,0,0,0,-0.758437619,0,0,0,0,0,0,0,0,0.048349079,0
2024-10-21T12:00:03.047650452Z,AAPL,0,0,-200,-10,-26,-15,-110,-10,-110,-100,-55,0,-0.820344545,-0.041017227,-0.106644791,-0.061525841,-0.4511895,-0.041017227,-0.4511895,-0.410172272,-0.22559475,0.237387899,0
2024-10-21T12:00:03.057465668Z,AAPL,0,0,200,10,26,15,110,10,110,100,55,0,0.758437619,0.037921881,0.09859689,0.056882821,0.41714069,0.037921881,0.41714069,0.379218809,0.208570345,-0.21947353,0
2024-10-21T12:00:03.060752951Z,AAPL,0,0,-200,-10,-26,-15,-110,-10,-110,-100,-55,0,-0.820344545,-0.041017227,-0.106644791,-0.061525841,-0.4511895,-0.041017227,-0.4511895,-0.410172272,-0.22559475,0.237387899,0
2024-10-21T12:00:03.162897564Z,AAPL,0,0,400,10,26,15,110,10,110,100,55,0,1.409940078,0.035248502,0.091646105,0.052872753,0.387733521,0.035248502,0.387733521,0.352485019,0.193866761,-0.248941918,0
2024-10-21T12:00:03.902053598Z,AAPL,0,0,400,0,0,0,0,0,0,0,0,0,1.409940078,0,0,0,0,0,0,0,0,-0.089881228,0
2024-10-21T12:00:04.046818528Z,AAPL,0,0,-400,-10,-26,-15,-110,-10,-110,-100,-55,0,-1.640689089,-0.041017227,-0.106644791,-0.061525841,-0.4511895,-0.041017227,-0.4511895,-0.410172272,-0.22559475,0.289683438,0
2024-10-21T12:00:04.147280360Z,AAPL,0,0,400,10,26,15,110,10,110,100,55,0,1.409940078,0.035248502,0.091646105,0.052872753,0.387733521,0.035248502,0.387733521,0.352485019,0.193866761,-0.248941918,0
2024-10-21T12:00:06.012108650Z,AAPL,0,0,-400,-10,-26,-15,-110,-10,-110,-100,-55,0,-1.640689089,-0.041017227,-0.106644791,-0.061525841,-0.4511895,-0.041017227,-0.4511895,-0.410172272,-0.22559475,0.289683438,0
2024-10-21T12:00:06.012122140Z,AAPL,0,0,0,200,26,15,110,10,110,100,55,0,0,0.758437619,0.09859689,0.056882821,0.41714069,0.037921881,0.41714069,0.379218809,0.208570345,-0.246733906,0
2024-10-21T12:00:06.101295300Z,AAPL,0,0,0,-200,-26,-15,-110,-10,-110,-100,-55,0,0,-0.820344545,-0.106644791,-0.061525841,-0.4511895,-0.041017227,-0.4511895,-0.410172272,-0.22559475,0.266873384,0
2024-10-21T12:00:06.101307454Z,AAPL,0,0,0,400,26,15,110,10,110,100,55,0,0,1.409940078,0.091646105,0.052872753,0.387733521,0.035248502,0.387733521,0.352485019,0.193866761,-0.303318027,0
2024-10-21T12:00:07.067376608Z,AAPL,0,0,0,0,0,0,0,0,0,0,0,0,0,0,0,0,0,0,0,0,0,0,-1
2024-10-21T12:00:07.067376608Z,AAPL,-1,-1,-10,-400,-26,-15,-110,-10,-110,-100,-55,-0.00352485,-0.035248502,-1.409940078,-0.091646105,-0.052872753,-0.387733521,-0.035248502,-0.387733521,-0.352485019,-0.193866761,0.305635233,0
2024-10-21T12:00:07.067419673Z,AAPL,-150,-150,-25,-400,-26,-200,-44,-154,-400,-1,-600,-0.664893617,-0.110815603,-1.773049645,-0.115248227,-0.886524823,-0.195035461,-0.682624113,-1.773049645,-0.004432624,-2.659574468,0.826421835,0
2024-10-21T12:00:07.067421371Z,AAPL,0,0,-200,0,0,0,0,0,0,0,0,0,-0.972762646,0,0,0,0,0,0,0,0,0.062011927,0
2024-10-21T12:00:07.067467022Z,AAPL,0,0,-150,-25,-400,-26,-200,-44,-154,-400,-1,0,-0.723240116,-0.120540019,-1.928640309,-0.12536162,-0.964320154,-0.212150434,-0.742526519,-1.928640309,-0.004821601,0.804182282,0
2024-10-21T12:00:07.086677914Z,AAPL,0,0,200,0,0,0,0,0,0,0,0,0,0.879507476,0,0,0,0,0,0,0,0,-0.056067072,0
2024-10-21T12:00:07.088999005Z,AAPL,0,0,-200,0,0,0,0,0,0,0,0,0,-0.964320154,0,0,0,0,0,0,0,0,0.061473733,0
2024-10-21T12:00:07.089009480Z,AAPL,0,0,-200,-26,-15,-110,-10,-110,-100,-55,-1,0,-1.03950104,-0.135135135,-0.077962578,-0.571725572,-0.051975052,-0.571725572,-0.51975052,-0.285862786,-0.005197505,0.310543454,0
2024-10-21T12:00:07.149589050Z,AAPL,0,0,-26,-15,-110,-10,-110,-100,-55,-1,-50,0,-0.133470226,-0.077002053,-0.564681725,-0.051334702,-0.564681725,-0.513347023,-0.282340862,-0.00513347,-0.256673511,0.311692398,0
2024-10-21T12:00:07.149680427Z,AAPL,0,0,0,29,110,10,110,100,55,1,50,0,0,0.150492994,0.570835496,0.051894136,0.570835496,0.51894136,0.285417748,0.005189414,0.25947068,-0.314111862,0
2024-10-21T12:00:07.173766393Z,AAPL,0,0,150,25,400,26,200,44,154,400,1,0,0.785751702,0.130958617,2.095337873,0.136196962,1.047668937,0.230487166,0.806705081,2.095337873,0.005238345,-0.873689917,0
2024-10-21T12:00:07.190951663Z,AAPL,0,0,0,200,29,110,10,110,100,55,1,0,0,0.971345313,0.14084507,0.534239922,0.048567266,0.534239922,0.485672657,0.267119961,0.004856727,-0.329908659,0
2024-10-21T12:00:07.323764357Z,AAPL,150,150,25,400,26,200,44,154,400,1,600,0.568181818,0.09469697,1.515151515,0.098484848,0.757575758,0.166666667,0.583333333,1.515151515,0.003787879,2.272727273,-0.706215023,0
2024-10-21T12:00:07.337509459Z,AAPL,0,0,0,200,0,0,0,0,0,0,0,0,0,0.704225352,0,0,0,0,0,0,0,-0.073899976,0
2024-10-21T12:00:07.338114020Z,AAPL,0,0,0,-200,0,0,0,0,0,0,0,0,0,-0.757575758,0,0,0,0,0,0,0,0.079498459,0
2024-10-21T12:00:07.646720038Z,AAPL,0,0,0,0,0,0,0,0,0,0,0,0,0,0,0,0,0,0,0,0,0,0,0
2024-10-21T12:00:07.956169614Z,AAPL,0,0,0,200,0,0,0,0,0,0,0,0,0,0.704225352,0,0,0,0,0,0,0,-0.073899976,0
2024-10-21T12:00:07.965852395Z,AAPL,0,0,0,200,0,0,0,0,0,0,0,0,0,0.757575758,0,0,0,0,0,0,0,-0.079498459,0
2024-10-21T12:00:07.965864571Z,AAPL,0,0,0,-200,0,0,0,0,0,0,0,0,0,-0.704225352,0,0,0,0,0,0,0,0.073899976,0
2024-10-21T12:00:08.010134216Z,AAPL,0,0,0,-200,0,0,0,0,0,0,0,0,0,-0.757575758,0,0,0,0,0,0,0,0.079498459,0
2024-10-21T12:00:08.010145977Z,AAPL,0,0,200,-200,-29,-110,-10,-110,-100,-55,-1,0,0.743494424,-0.743494424,-0.107806691,-0.408921933,-0.037174721,-0.408921933,-0.371747212,-0.204460967,-0.003717472,0.205124686,0
2024-10-21T12:00:08.944714285Z,AAPL,0,0,0,0,200,44,154,400,1,600,5,0,0,0,0.749344324,0.164855751,0.576995129,1.498688647,0.003746722,2.248032971,0.018733608,-0.59107988,0
2024-10-21T12:00:08.944755705Z,AAPL,0,0,0,0,-200,-44,-154,-400,-1,-600,-5,0,0,0,-0.743218135,-0.16350799,-0.572277964,-1.486436269,-0.003716091,-2.229654404,-0.018580453,0.586247566,0
2024-10-21T12:00:11.760000282Z,AAPL,0,0,200,15,29,110,10,110,100,55,1,0,0.757288906,0.056796668,0.109806891,0.416508898,0.037864445,0.416508898,0.378644453,0.208254449,0.003786445,-0.231973955,0
2024-10-21T12:00:14.055732875Z,AAPL,0,0,-200,-15,-29,-110,-10,-110,-100,-55,-1,0,-0.802890405,-0.06021678,-0.116419109,-0.441589723,-0.04014452,-0.441589723,-0.401445203,-0.220794862,-0.004014452,0.24594268,0
2024-10-21T12:00:14.158979266Z,AAPL,0,0,200,0,0,0,0,0,0,0,0,0,0.743218135,0,0,0,0,0,0,0,0,-0.047378864,0
2024-10-21T12:00:14.450532708Z,AAPL,0,0,0,0,0,0,0,0,0,0,0,0,0,0,0,0,0,0,0,0,0,0,0
2024-10-21T12:00:15.203702787Z,AAPL,0,0,0,0,0,0,0,0,0,0,0,0,0,0,0,0,0,0,0,0,0,0,0
2024-10-21T12:00:15.819869942Z,AAPL,0,0,-200,0,0,0,0,0,0,0,0,0,-0.802890405,0,0,0,0,0,0,0,0,0.051182867,0
2024-10-21T12:00:15.819882720Z,AAPL,0,0,0,200,0,0,0,0,0,0,0,0,0,0.743218135,0,0,0,0,0,0,0,-0.077991799,0
2024-10-21T12:00:15.838554673Z,AAPL,0,0,0,-400,0,0,0,0,0,0,0,0,0,-1.486436269,0,0,0,0,0,0,0,0.155983598,0
2024-10-21T12:00:15.866578232Z,AAPL,0,0,0,-29,0,0,0,0,0,0,0,0,0,-0.108940646,0,0,0,0,0,0,0,0.01143201,0
2024-10-21T12:00:15.866633819Z,AAPL,0,0,0,0,26,110,10,110,100,55,1,0,0,0,0.098559515,0.416982563,0.037907506,0.416982563,0.379075057,0.208491281,0.003790751,-0.175771191,0
2024-10-21T12:00:15.951171652Z,AAPL,0,0,0,0,200,44,154,400,1,600,5,0,0,0,0.764525994,0.168195719,0.588685015,1.529051988,0.00382263,2.293577982,0.01911315,-0.603055123,0
2024-10-21T12:00:15.951251227Z,AAPL,0,0,0,0,-200,-44,-154,-400,-1,-600,-5,0,0,0,-0.758150114,-0.166793025,-0.583775588,-1.516300227,-0.003790751,-2.274450341,-0.018953753,0.598025853,0
2024-10-21T12:00:16.054719712Z,AAPL,0,0,0,-200,-26,-110,-10,-110,-100,-55,-1,0,0,-0.803858521,-0.104501608,-0.442122186,-0.040192926,-0.442122186,-0.40192926,-0.221061093,-0.004019293,0.270723606,0
2024-10-21T12:00:16.157998016Z,AAPL,0,0,0,200,26,110,10,110,100,55,1,0,0,0.758150114,0.098559515,0.416982563,0.037907506,0.416982563,0.379075057,0.208491281,0.003790751,-0.255329921,0
2024-10-21T12:00:16.338916301Z,AAPL,0,0,0,200,0,0,0,0,0,0,0,0,0,0.704721635,0,0,0,0,0,0,0,-0.073952055,0
2024-10-21T12:00:16.393554950Z,AAPL,0,0,0,-200,0,0,0,0,0,0,0,0,0,-0.758150114,0,0,0,0,0,0,0,0.07955873,0
2024-10-21T12:00:16.393566799Z,AAPL,0,0,0,200,0,0,0,0,0,0,0,0,0,0.758150114,0,0,0,0,0,0,0,-0.07955873,0
2024-10-21T12:00:30.257881806Z,AAPL,0,0,200,-200,-26,-110,-10,-110,-100,-55,-1,0,0.744047619,-0.744047619,-0.09672619,-0.40922619,-0.037202381,-0.40922619,-0.37202381,-0.204613095,-0.003720238,0.203148739,0
2024-10-21T12:00:31.949871042Z,AAPL,0,0,-200,0,0,0,0,0,0,0,0,0,-0.803858521,0,0,0,0,0,0,0,0,0.051244583,0
2024-10-21T12:00:31.949883226Z,AAPL,0,0,0,200,26,110,10,110,100,55,1,0,0,0.758150114,0.098559515,0.416982563,0.037907506,0.416982563,0.379075057,0.208491281,0.003790751,-0.255329921,0
2024-10-21T12:00:34.385769828Z,AAPL,0,0,200,-200,-26,-110,-10,-110,-100,-55,-1,0,0.744047619,-0.744047619,-0.09672619,-0.40922619,-0.037202381,-0.40922619,-0.37202381,-0.204613095,-0.003720238,0.203148739,0
2024-10-21T12:00:34.427987983Z,AAPL,0,0,0,-26,-110,-10,-110,-100,-55,-1,-50,0,0,-0.095870206,-0.40560472,-0.036873156,-0.40560472,-0.368731563,-0.20280236,-0.003687316,-0.184365782,0.222030022,0
2024-10-21T12:00:34.428063663Z,AAPL,0,0,0,28,110,10,110,100,55,1,50,0,0,0.104089219,0.408921933,0.037174721,0.408921933,0.371747212,0.204460967,0.003717472,0.185873606,-0.224626089,0
2024-10-21T12:00:35.519789038Z,AAPL,0,0,-200,0,0,0,0,0,0,0,0,0,-0.803212851,0,0,0,0,0,0,0,0,0.051203423,0
2024-10-21T12:00:35.519800735Z,AAPL,0,0,0,200,28,110,10,110,100,55,1,0,0,0.757575758,0.106060606,0.416666667,0.037878788,0.416666667,0.378787879,0.208333333,0.003787879,-0.256581337,0
2024-10-21T12:00:40.233143021Z,AAPL,0,0,0,-400,0,0,0,0,0,0,0,0,0,-1.515151515,0,0,0,0,0,0,0,0.158996917,0
2024-10-21T12:00:40.246039339Z,AAPL,0,0,0,-200,-28,-110,-10,-110,-100,-55,-1,0,0,-0.803212851,-0.112449799,-0.441767068,-0.040160643,-0.441767068,-0.401606426,-0.220883534,-0.004016064,0.272038044,0
2024-10-21T12:00:40.246051577Z,AAPL,0,0,0,200,0,0,0,0,0,0,0,0,0,0.743494424,0,0,0,0,0,0,0,-0.078020792,0
2024-10-21T12:00:40.301104866Z,AAPL,0,0,-400,27,200,44,154,400,1,600,5,0,-1.484230056,0.100185529,0.742115028,0.163265306,0.571428571,1.484230056,0.003710575,2.226345083,0.018552876,-0.50127362,0
2024-10-21T12:00:40.317525489Z,AAPL,0,0,0,-28,0,0,0,0,0,0,0,0,0,-0.104986877,0,0,0,0,0,0,0,0.011017109,0
2024-10-21T12:00:40.317579213Z,AAPL,0,0,0,0,29,0,0,0,0,0,0,0,0,0,0.107566766,0,0,0,0,0,0,-0.020515123,0
2024-10-21T12:00:40.436754233Z,AAPL,0,0,0,200,44,154,400,1,600,5,63,0,0,0.732064422,0.161054173,0.563689605,1.464128843,0.003660322,2.196193265,0.018301611,0.230600293,-0.581512963,0
2024-10-21T12:00:40.436793684Z,AAPL,0,0,0,-200,-44,-154,-400,-1,-600,-5,-63,0,0,-0.741015191,-0.163023342,-0.570581697,-1.482030382,-0.003705076,-2.223045572,-0.01852538,-0.233419785,0.588622977,0
2024-10-21T12:00:51.186556234Z,AAPL,500,500,10,15,200,139,10,110,100,55,1,1.587805653,0.031756113,0.04763417,0.635122261,0.441409971,0.031756113,0.349317244,0.317561131,0.174658622,0.003175611,-0.302605494,0
2024-10-21T12:00:51.249667336Z,AAPL,-150,-150,-425,-30,-200,-44,-154,-400,-1,-600,-5,-0.476947536,-1.351351351,-0.095389507,-0.635930048,-0.13990461,-0.489666137,-1.271860095,-0.00317965,-1.907790143,-0.015898251,0.607270843,0
2024-10-21T12:00:51.987589245Z,AAPL,0,0,0,0,200,0,0,0,0,0,0,0,0,0,0.597907324,0,0,0,0,0,0,-0.114032826,0
2024-10-21T12:00:51.987648731Z,AAPL,0,0,0,200,0,0,0,0,0,0,0,0,0,0.635930048,0,0,0,0,0,0,0,-0.066733205,0
2024-10-21T12:00:51.988166858Z,AAPL,0,0,0,0,0,-29,0,0,0,0,0,0,0,0,0,-0.093068036,0,0,0,0,0,0.011459717,0
2024-10-21T12:00:51.988248573Z,AAPL,0,0,0,26,0,0,0,0,0,0,0,0,0,0.082749841,0,0,0,0,0,0,0,-0.0086836,0
2024-10-21T12:00:52.042752970Z,AAPL,0,0,0,0,-200,0,0,0,0,0,0,0,0,0,-0.679809653,0,0,0,0,0,0,0.12965323,0
2024-10-21T12:00:52.042765437Z,AAPL,0,0,0,200,41,0,0,0,0,0,0,0,0,0.679809653,0.139360979,0,0,0,0,0,0,-0.097916754,0
2024-10-21T12:00:53.989325211Z,AAPL,0,0,0,-200,-41,-110,-10,-110,-100,-55,-1,0,0,-0.716332378,-0.146848138,-0.393982808,-0.035816619,-0.393982808,-0.358166189,-0.196991404,-0.003581662,0.25149295,0
2024-10-21T12:00:53.989336874Z,AAPL,0,0,0,400,41,110,10,110,100,55,1,0,0,1.273074475,0.130490134,0.350095481,0.031826862,0.350095481,0.318268619,0.17504774,0.003182686,-0.290275063,0
2024-10-21T12:00:53.998541135Z,AAPL,0,0,0,0,-26,0,0,0,0,0,0,0,0,0,-0.083440308,0,0,0,0,0,0,0.015913727,0
2024-10-21T12:00:53.998594585Z,AAPL,0,0,0,0,0,0,27,0,0,0,0,0,0,0,0,0,0.085905186,0,0,0,0,-0.01090875,0
2024-10-21T12:00:57.883000000Z,AAPL,0,0,0,0,0,0,-27,0,0,0,0,0,0,0,0,0,-0.086649551,0,0,0,0,0.011003274,0
2024-10-21T12:00:57.883056751Z,AAPL,0,0,0,0,0,27,0,0,0,0,0,0,0,0,0,0.085905186,0,0,0,0,0,-0.010577736,0
2024-10-21T12:00:58.996621223Z,AAPL,0,0,0,-400,-15,-137,-10,-110,-100,-55,-1,0,0,-1.432151808,-0.053705693,-0.490511994,-0.035803795,-0.393841747,-0.358037952,-0.196920874,-0.00358038,0.320695631,0
2024-10-21T12:00:58.996633732Z,AAPL,0,0,0,400,0,0,0,0,0,0,0,0,0,1.25274037,0,0,0,0,0,0,0,-0.131460026,0
2024-10-21T12:01:00.317542037Z,AAPL,0,0,0,-200,0,0,0,0,0,0,0,0,0,-0.66822586,0,0,0,0,0,0,0,0.070122262,0
2024-10-21T12:01:01.594618675Z,AAPL,0,0,0,200,0,0,0,0,0,0,0,0,0,0.626370185,0,0,0,0,0,0,0,-0.065730013,0
2024-10-21T12:01:02.481414409Z,AAPL,0,0,0,-200,0,0,0,0,0,0,0,0,0,-0.66822586,0,0,0,0,0,0,0,0.070122262,0
2024-10-21T12:01:02.481427194Z,AAPL,0,0,0,400,15,137,10,110,100,55,1,0,0,1.272669424,0.047725103,0.435889278,0.031816736,0.349984092,0.318167356,0.174992046,0.003181674,-0.284983423,0
2024-10-21T12:01:02.481437815Z,AAPL,0,0,0,200,0,0,0,0,0,0,0,0,0,0.679578661,0,0,0,0,0,0,0,-0.071313602,0
2024-10-21T12:01:02.481449719Z,AAPL,0,0,0,0,-30,-200,-44,-154,-400,-1,-600,0,0,0,-0.117970901,-0.78647267,-0.173023987,-0.605583956,-1.57294534,-0.003932363,-2.35941801,0.553080781,0
2024-10-21T12:01:02.537411197Z,AAPL,0,0,0,0,-200,0,0,0,0,0,0,0,0,0,-0.78647267,0,0,0,0,0,0,0.14999599,0
2024-10-21T12:01:02.855205010Z,AAPL,0,0,0,400,0,0,0,0,0,0,0,0,0,1.57294534,0,0,0,0,0,0,0,-0.165061684,0
2024-10-21T12:01:04.580232646Z,AAPL,0,0,0,-400,-15,-137,-10,-110,-100,-55,-1,0,0,-1.823985408,-0.068399453,-0.624715002,-0.045599635,-0.501595987,-0.455996352,-0.250797994,-0.004559964,0.408437254,0
2024-10-21T12:01:04.580244325Z,AAPL,0,0,0,400,15,137,10,110,100,55,1,0,0,1.57294534,0.05898545,0.538733779,0.039323634,0.432559969,0.393236335,0.216279984,0.003932363,-0.352222925,0
2024-10-21T12:01:04.634702173Z,AAPL,0,0,0,-25,-200,0,0,0,0,0,0,0,0,-0.098309084,-0.78647267,0,0,0,0,0,0,0.160312345,0
2024-10-21T12:01:04.658981181Z,AAPL,0,0,0,0,0,200,44,154,400,1,600,0,0,0,0,0.642467074,0.141342756,0.494699647,1.284934147,0.003212335,1.927401221,-0.433430278,0
2024-10-21T12:01:04.659042935Z,AAPL,0,0,0,0,0,-200,-44,-154,-400,-1,-600,0,0,0,0,-0.78647267,-0.173023987,-0.605583956,-1.57294534,-0.003932363,-2.35941801,0.530581383,0
2024-10-21T12:01:04.741629959Z,AAPL,0,0,0,-400,-15,-137,-10,-110,-100,-55,-1,0,0,-1.823985408,-0.068399453,-0.624715002,-0.045599635,-0.501595987,-0.455996352,-0.250797994,-0.004559964,0.408437254,0
2024-10-21T12:01:04.741641481Z,AAPL,0,0,0,400,0,0,0,0,0,0,0,0,0,1.542614732,0,0,0,0,0,0,0,-0.161878852,0
2024-10-21T12:01:04.804426665Z,AAPL,0,0,-200,25,30,200,44,154,400,1,600,0,-0.626370185,0.078296273,0.093955528,0.626370185,0.137801441,0.482305042,1.25274037,0.003131851,1.879110554,-0.408776197,0
2024-10-21T12:01:04.818909404Z,AAPL,0,0,0,0,-27,0,0,0,0,0,0,0,0,0,-0.085281112,0,0,0,0,0,0,0.016264805,0
2024-10-21T12:01:04.818994775Z,AAPL,0,0,0,0,0,0,28,110,100,55,1,0,0,0,0,0,0.089058524,0.349872774,0.318066158,0.174936387,0.003180662,-0.095899727,0
2024-10-21T12:01:04.857007035Z,AAPL,0,0,0,400,15,110,10,28,110,100,55,0,0,1.272669424,0.047725103,0.349984092,0.031816736,0.08908686,0.349984092,0.318167356,0.174992046,-0.270866917,0
2024-10-21T12:01:05.922932529Z,AAPL,0,0,0,0,200,44,154,400,1,600,5,0,0,0,0.641436818,0.1411161,0.49390635,1.282873637,0.003207184,1.924310455,0.01603592,-0.505962861,0
2024-10-21T12:01:05.922966254Z,AAPL,0,0,0,0,0,0,0,-28,-110,-100,-55,0,0,0,0,0,0,-0.090585571,-0.355871886,-0.323519896,-0.177935943,0.082442681,0
2024-10-21T12:01:05.923028260Z,AAPL,0,0,0,0,-200,-44,-154,-400,-1,-600,-5,0,0,0,-0.642054575,-0.141252006,-0.494382022,-1.284109149,-0.003210273,-1.926163724,-0.016051364,0.506450145,0
2024-10-21T12:01:05.923061114Z,AAPL,0,0,0,0,0,30,110,10,110,100,55,0,0,0,0,0.095419847,0.349872774,0.031806616,0.349872774,0.318066158,0.174936387,-0.130293928,0
2024-10-21T12:01:06.781424093Z,AAPL,0,0,0,-400,-15,-30,-110,-10,-110,-100,-55,0,0,-1.4571949,-0.054644809,-0.109289617,-0.400728597,-0.036429872,-0.400728597,-0.364298725,-0.200364299,0.312569747,0
2024-10-21T12:01:06.781437182Z,AAPL,0,0,0,200,15,30,110,10,110,100,55,0,0,0.679347826,0.050951087,0.101902174,0.373641304,0.033967391,0.373641304,0.339673913,0.186820652,-0.220152182,0
2024-10-21T12:01:07.185212354Z,AAPL,0,0,0,-200,-15,-30,-110,-10,-110,-100,-55,0,0,-0.72859745,-0.054644809,-0.109289617,-0.400728597,-0.036429872,-0.400728597,-0.364298725,-0.200364299,0.236112213,0
2024-10-21T12:01:07.185224829Z,AAPL,0,0,0,400,0,0,0,0,0,0,0,0,0,1.271860095,0,0,0,0,0,0,0,-0.133466411,0
2024-10-21T12:01:07.565767784Z,AAPL,0,0,0,400,15,30,110,10,110,100,55,0,0,1.272264631,0.047709924,0.095419847,0.349872774,0.031806616,0.349872774,0.318066158,0.174936387,-0.272902021,0
2024-10-21T12:01:07.595799579Z,AAPL,0,0,0,0,0,-30,-110,-10,-110,-100,-55,0,0,0,0,-0.096308186,-0.353130016,-0.032102729,-0.353130016,-0.321027287,-0.176565008,0.131506937,0
2024-10-21T12:01:07.595852119Z,AAPL,0,0,0,0,0,29,110,10,110,100,55,0,0,0,0,0.092268533,0.349984092,0.031816736,0.349984092,0.318167356,0.174992046,-0.129943615,0
2024-10-21T12:01:09.437841151Z,AAPL,1,1,500,10,400,15,29,110,10,110,100,0.003237294,1.618646811,0.032372936,1.294917449,0.048559404,0.093881515,0.356102298,0.032372936,0.356102298,0.323729362,-0.471651062,0
2024-10-21T12:01:11.781701764Z,AAPL,0,0,0,0,-400,-15,-29,-110,-10,-110,-100,0,0,0,-1.457725948,-0.054664723,-0.105685131,-0.400874636,-0.036443149,-0.400874636,-0.364431487,0.410895022,0
2024-10-21T12:01:11.781713240Z,AAPL,0,0,0,0,400,0,0,0,0,0,0,0,0,0,1.272264631,0,0,0,0,0,0,-0.242646185,0
2024-10-21T12:01:13.838979517Z,AAPL,0,0,0,0,0,-29,-110,-10,-110,-100,-55,0,0,0,0,-0.093068036,-0.353016688,-0.032092426,-0.353016688,-0.320924262,-0.176508344,0.13106957,0
2024-10-21T12:01:13.839070933Z,AAPL,0,0,0,0,0,28,110,10,110,100,55,0,0,0,0,0.08908686,0.349984092,0.031816736,0.349984092,0.318167356,0.174992046,-0.129551847,0
2024-10-21T12:01:33.939295458Z,AAPL,0,0,0,0,400,15,28,110,10,110,100,0,0,0,1.295336788,0.04857513,0.090673575,0.356217617,0.03238342,0.356217617,0.323834197,-0.364710518,0
2024-10-21T12:01:35.962900590Z,AAPL,0,0,-200,0,0,0,0,0,0,0,0,0,-0.608272506,0,0,0,0,0,0,0,0,0.038776315,0
2024-10-21T12:01:35.963468384Z,AAPL,0,0,0,-28,0,0,0,0,0,0,0,0,0,-0.084439083,0,0,0,0,0,0,0,0.008860866,0
2024-10-21T12:01:35.963501831Z,AAPL,0,0,0,0,200,44,154,400,1,600,5,0,0,0,0.607533414,0.133657351,0.467800729,1.215066829,0.003037667,1.822600243,0.015188335,-0.479219988,0
2024-10-21T12:01:36.017994443Z,AAPL,0,0,200,0,0,0,0,0,0,0,0,0,0.64683053,0,0,0,0,0,0,0,0,-0.041234322,0
2024-10-21T12:01:36.018008103Z,AAPL,-200,-200,200,0,0,0,0,0,0,0,0,-0.64683053,0.64683053,0,0,0,0,0,0,0,0,-0.028356744,0
2024-10-21T12:01:37.328372588Z,AAPL,0,0,0,-53,-200,-44,-154,-400,-1,-600,-5,0,0,-0.170144462,-0.642054575,-0.141252006,-0.494382022,-1.284109149,-0.003210273,-1.926163724,-0.016051364,0.524304758,0
2024-10-21T12:01:37.328448858Z,AAPL,-201,-201,-150,-28,-53,-200,-44,-154,-400,-1,-600,-0.799204771,-0.596421471,-0.111332008,-0.210735586,-0.795228628,-0.174950298,-0.612326044,-1.590457256,-0.003976143,-2.385685885,0.642294864,0
2024-10-21T12:01:37.328482738Z,AAPL,0,0,0,0,0,28,0,0,0,0,0,0,0,0,0,0.112585444,0,0,0,0,0,-0.013862948,0
2024-10-21T12:01:37.359224760Z,AAPL,0,0,0,0,0,0,-28,-110,-10,-110,-100,0,0,0,0,0,-0.111376293,-0.437549722,-0.039777247,-0.437549722,-0.397772474,0.137182408,0
2024-10-21T12:01:37.359337685Z,AAPL,0,0,0,0,0,0,29,110,10,110,100,0,0,0,0,0,0.116559486,0.442122186,0.040192926,0.442122186,0.40192926,-0.13912638,0
2024-10-21T12:01:37.396952090Z,AAPL,0,0,0,0,200,0,0,0,0,0,0,0,0,0,0.874125874,0,0,0,0,0,0,-0.1667132,0
2024-10-21T12:01:37.923006207Z,AAPL,0,0,0,0,25,200,44,154,400,1,600,0,0,0,0.087412587,0.699300699,0.153846154,0.538461538,1.398601399,0.003496503,2.097902098,-0.488443508,0
2024-10-21T12:01:37.923035401Z,AAPL,0,0,0,0,0,0,-29,-110,-10,-110,-100,0,0,0,0,0,-0.1004851,-0.381150381,-0.034650035,-0.381150381,-0.346500347,0.119939859,0
2024-10-21T12:01:37.923099010Z,AAPL,0,0,0,0,0,27,15,110,10,110,100,0,0,0,0,0.094471659,0.052484255,0.384884535,0.034989503,0.384884535,0.349895031,-0.126527021,0
2024-10-21T12:01:37.923141688Z,AAPL,0,0,0,-28,0,0,0,0,0,0,0,0,0,-0.097020097,0,0,0,0,0,0,0,0.010181092,0
2024-10-21T12:01:42.535186906Z,AAPL,1,1,178,25,200,44,154,400,1,600,5,0.003716091,0.66146414,0.092902267,0.743218135,0.16350799,0.572277964,1.486436269,0.003716091,2.229654404,0.018580453,-0.638237713,0
2024-10-21T12:01:42.535199542Z,AAPL,0,0,-178,-25,-200,-44,-154,-400,-1,-600,-5,0,-0.616770617,-0.086625087,-0.693000693,-0.152460152,-0.533610534,-1.386001386,-0.003465003,-2.079002079,-0.017325017,0.595044559,0
2024-10-21T12:01:42.538298989Z,AAPL,0,0,0,28,0,0,0,0,0,0,0,0,0,0.097970609,0,0,0,0,0,0,0,-0.010280836,0
2024-10-21T12:01:42.538396440Z,AAPL,0,0,0,0,0,-200,-44,-154,-400,-1,-600,0,0,0,0,-0.874890639,-0.192475941,-0.673665792,-1.749781277,-0.004374453,-2.624671916,0.590231171,0
2024-10-21T12:01:44.767942496Z,AAPL,0,0,0,0,200,0,0,0,0,0,0,0,0,0,0.874890639,0,0,0,0,0,0,-0.166859056,0
2024-10-21T12:01:44.773272494Z,AAPL,0,0,0,0,0,-27,-15,-110,-10,-110,-100,0,0,0,0,-0.116681072,-0.064822818,-0.475367329,-0.043215212,-0.475367329,-0.432152118,0.156272354,0
2024-10-21T12:01:44.773315201Z,AAPL,0,0,0,0,0,26,15,110,10,110,100,0,0,0,0,0.113785558,0.065645514,0.481400438,0.043763676,0.481400438,0.437636761,-0.157716805,0
2024-10-21T12:01:46.087712989Z,AAPL,100,100,1,500,10,200,26,15,110,10,110,0.437636761,0.004376368,2.188183807,0.043763676,0.875273523,0.113785558,0.065645514,0.481400438,0.043763676,0.481400438,-0.463890494,0
2024-10-21T12:01:46.088087887Z,AAPL,-100,-100,-1,-500,-10,-200,-26,-15,-110,-10,-110,-0.437636761,-0.004376368,-2.188183807,-0.043763676,-0.875273523,-0.113785558,-0.065645514,-0.481400438,-0.043763676,-0.481400438,0.463890494,0
2024-10-21T12:01:48.662449384Z,AAPL,0,0,0,0,-200,-26,-15,-110,-10,-110,-100,0,0,0,-0.934579439,-0.121495327,-0.070093458,-0.514018692,-0.046728972,-0.514018692,-0.46728972,0.346646123,0
2024-10-21T12:01:48.662461832Z,AAPL,0,0,0,0,400,26,15,110,10,110,100,0,0,0,1.609657948,0.104627767,0.060362173,0.442655936,0.040241449,0.442655936,0.402414487,-0.452017105,0
2024-10-21T12:01:48.663006081Z,AAPL,0,0,0,0,0,-26,-15,-110,-10,-110,-100,0,0,0,0,-0.103420843,-0.059665871,-0.437549722,-0.039777247,-0.437549722,-0.397772474,0.143350398,0
2024-10-21T12:01:48.663060459Z,AAPL,0,0,0,0,0,0,30,110,10,110,100,0,0,0,0,0,0.120530333,0.441944556,0.040176778,0.441944556,0.401767778,-0.139580672,0
2024-10-21T12:01:50.803408210Z,AAPL,0,0,0,0,0,0,-30,-110,-10,-110,-100,0,0,0,0,0,-0.119331742,-0.437549722,-0.039777247,-0.437549722,-0.397772474,0.138192638,0
2024-10-21T12:01:50.803449763Z,AAPL,0,0,0,0,0,0,28,110,10,110,100,0,0,0,0,0,0.112585444,0.44229996,0.040209087,0.44229996,0.402090873,-0.138671723,0
2024-10-21T12:01:59.276468415Z,AAPL,-1,-1,-500,-10,-400,-15,-28,-110,-10,-110,-100,-0.003935458,-1.96772924,-0.039354585,-1.574183392,-0.059031877,-0.110192837,-0.432900433,-0.039354585,-0.432900433,-0.393545848,0.572869056,0
2024-10-21T12:01:59.277562747Z,AAPL,1,1,500,10,400,15,28,110,10,110,100,0.004020909,2.010454363,0.040209087,1.60836349,0.060313631,0.112585444,0.44229996,0.040209087,0.44229996,0.402090873,-0.585307709,0
2024-10-21T12:02:01.448038651Z,AAPL,200,200,150,25,28,200,44,154,400,1,600,0.64808814,0.486066105,0.081011017,0.09073234,0.64808814,0.142579391,0.499027868,1.29617628,0.003240441,1.94426442,-0.50691652,0
2024-10-21T12:02:05.406537956Z,AAPL,150,150,25,28,200,44,154,400,1,600,5,0.518851608,0.086475268,0.0968523,0.691802145,0.152196472,0.532687651,1.383604289,0.003459011,2.075406434,0.017295054,-0.571696644,0
2024-10-21T12:02:05.406550192Z,AAPL,0,0,-25,-28,-200,-44,-154,-400,-1,-600,-5,0,-0.081011017,-0.09073234,-0.64808814,-0.142579391,-0.499027868,-1.29617628,-0.003240441,-1.94426442,-0.016202203,0.525894976,0
2024-10-21T12:02:05.521390954Z,AAPL,-200,-200,25,28,200,44,154,400,1,600,5,-0.647039793,0.080879974,0.090585571,0.647039793,0.142348754,0.498220641,1.294079586,0.003235199,1.941119379,0.016175995,-0.512162545,0
2024-10-21T12:02:07.782798949Z,AAPL,-350,-350,-25,-28,-200,-44,-154,-400,-1,-600,-5,-1.134154245,-0.081011017,-0.09073234,-0.64808814,-0.142579391,-0.499027868,-1.29617628,-0.003240441,-1.94426442,-0.016202203,0.548474552,0
2024-10-21T12:02:17.703470063Z,AAPL,150,150,25,28,200,44,154,400,1,600,5,0.518851608,0.086475268,0.0968523,0.691802145,0.152196472,0.532687651,1.383604289,0.003459011,2.075406434,0.017295054,-0.571696644,0
2024-10-21T12:02:17.703482613Z,AAPL,0,0,-25,-28,-200,-44,-154,-400,-1,-600,-5,0,-0.081011017,-0.09073234,-0.64808814,-0.142579391,-0.499027868,-1.29617628,-0.003240441,-1.94426442,-0.016202203,0.525894976,0
2024-10-21T12:02:17.758071973Z,AAPL,0,0,0,0,400,0,0,0,0,0,0,0,0,0,1.29617628,0,0,0,0,0,0,-0.247206612,0
2024-10-21T12:02:17.837786779Z,AAPL,0,0,-200,0,0,0,0,0,0,0,0,0,-0.608642727,0,0,0,0,0,0,0,0,0.038799916,0
2024-10-21T12:02:18.878119302Z,AAPL,0,0,0,0,0,0,-28,-110,-10,-110,-100,0,0,0,0,0,-0.084515545,-0.332025355,-0.030184123,-0.332025355,-0.301841232,0.10409797,0
2024-10-21T12:02:18.878154633Z,AAPL,0,0,0,0,0,-200,-44,-154,-400,-1,-600,0,0,0,0,-0.729394602,-0.160466813,-0.561633844,-1.458789205,-0.003646973,-2.188183807,0.492074565,0
2024-10-21T12:02:18.939543004Z,AAPL,0,0,0,0,29,200,44,154,400,1,600,0,0,0,0.087507544,0.603500302,0.132770066,0.464695232,1.207000604,0.003017502,1.810500905,-0.42383139,0
2024-10-21T12:02:30.307162147Z,AAPL,0,0,0,0,0,0,29,110,10,110,100,0,0,0,0,0,0.088199513,0.334549878,0.030413625,0.334549878,0.304136253,-0.105275679,0
2024-10-21T12:02:44.176288366Z,AAPL,100,100,0,0,0,0,0,0,0,0,0,0.295159386,0,0,0,0,0,0,0,0,0,-0.00587625,0
2024-10-21T12:02:44.176621537Z,AAPL,-100,-100,0,0,0,0,0,0,0,0,0,-0.304136253,0,0,0,0,0,0,0,0,0,0.006054968,0
2024-10-21T12:02:48.812722097Z,AAPL,-1,-1,-500,-10,-400,-15,-29,-110,-10,-110,-100,-0.00299222,-1.496110114,-0.029922202,-1.196888091,-0.044883303,-0.086774387,-0.329144225,-0.029922202,-0.329144225,-0.299222023,0.435945581,0
2024-10-21T12:02:48.883865862Z,AAPL,0,0,0,-400,-15,-29,-110,-10,-110,-100,-55,0,0,-1.359157322,-0.0509684,-0.098538906,-0.373768264,-0.033978933,-0.373768264,-0.339789331,-0.186884132,0.291122198,0
2024-10-21T12:02:48.883880917Z,AAPL,0,0,0,200,15,29,110,10,110,100,55,0,0,0.636537237,0.047740293,0.092297899,0.350095481,0.031826862,0.350095481,0.318268619,0.17504774,-0.205886918,0
2024-10-21T12:02:49.759332649Z,AAPL,0,0,0,200,0,0,0,0,0,0,0,0,0,0.636537237,0,0,0,0,0,0,0,-0.066796923,0
2024-10-21T12:02:54.518612296Z,AAPL,0,0,200,0,0,0,0,0,0,0,0,0,0.679809653,0,0,0,0,0,0,0,0,-0.043336683,0
2024-10-21T12:02:54.518624596Z,AAPL,-400,-400,25,29,200,44,154,400,1,600,5,-1.271051795,0.079440737,0.092151255,0.635525898,0.139815697,0.489354941,1.271051795,0.003177629,1.906577693,0.015888147,-0.490729691,0
2024-10-21T12:02:54.523940080Z,AAPL,0,0,0,-29,-200,-44,-154,-400,-1,-600,-5,0,0,-0.091540404,-0.631313131,-0.138888889,-0.486111111,-1.262626263,-0.003156566,-1.893939394,-0.015782828,0.5075834,0
2024-10-21T12:02:54.524017462Z,AAPL,0,0,0,0,200,44,154,400,1,600,5,0,0,0,0.636132316,0.139949109,0.489821883,1.272264631,0.003180662,1.908396947,0.015903308,-0.50177869,0
2024-10-21T12:02:56.706628033Z,AAPL,0,0,0,-200,-15,-29,-110,-10,-110,-100,-55,0,0,-0.679117148,-0.050933786,-0.098471986,-0.373514431,-0.033955857,-0.373514431,-0.339558574,-0.186757216,0.21965932,0
2024-10-21T12:02:56.706639645Z,AAPL,0,0,0,200,15,29,110,10,110,100,55,0,0,0.636132316,0.047709924,0.092239186,0.349872774,0.031806616,0.349872774,0.318066158,0.174936387,-0.205755947,0
2024-10-21T12:02:56.761416724Z,AAPL,-550,-550,-25,-26,-200,-44,-154,-400,-1,-600,-5,-1.871384825,-0.085062947,-0.088465464,-0.680503573,-0.149710786,-0.523987751,-1.361007145,-0.003402518,-2.041510718,-0.017012589,0.588741469,0
2024-10-21T12:02:56.763029737Z,AAPL,0,0,0,200,0,0,0,0,0,0,0,0,0,0.637145588,0,0,0,0,0,0,0,-0.066860762,0
2024-10-21T12:02:56.828592562Z,AAPL,0,0,0,0,-26,-200,-44,-154,-400,-1,-600,0,0,0,-0.101246106,-0.778816199,-0.171339564,-0.599688474,-1.557632399,-0.003894081,-2.336448598,0.544725713,0
2024-10-21T12:02:56.828630121Z,AAPL,0,0,0,0,0,200,44,154,400,1,600,0,0,0,0,0.636537237,0.140038192,0.490133673,1.273074475,0.003182686,1.909611712,-0.429429808,0
2024-10-21T12:02:58.875085988Z,AAPL,0,0,0,-200,0,0,0,0,0,0,0,0,0,-0.679809653,0,0,0,0,0,0,0,0.071337842,0
2024-10-21T12:02:58.875097976Z,AAPL,0,0,0,400,0,0,0,0,0,0,0,0,0,1.273074475,0,0,0,0,0,0,0,-0.133593845,0
2024-10-21T12:02:59.629692844Z,AAPL,0,0,0,-400,-15,-29,-110,-10,-110,-100,-55,0,0,-1.458257382,-0.054684652,-0.10572366,-0.40102078,-0.036456435,-0.40102078,-0.364564346,-0.20051039,0.312348753,0
2024-10-21T12:02:59.629704420Z,AAPL,0,0,0,400,15,29,110,10,110,100,55,0,0,1.273074475,0.047740293,0.092297899,0.350095481,0.031826862,0.350095481,0.318268619,0.17504774,-0.272683841,0
2024-10-21T12:03:04.465116162Z,AAPL,0,0,0,400,0,0,0,0,0,0,0,0,0,1.273074475,0,0,0,0,0,0,0,-0.133593845,0
2024-10-21T12:03:23.013257512Z,AAPL,0,0,0,-400,-15,-29,-110,-10,-110,-100,-55,0,0,-1.458257382,-0.054684652,-0.10572366,-0.40102078,-0.036456435,-0.40102078,-0.364564346,-0.20051039,0.312348753,0
2024-10-21T12:03:23.013270046Z,AAPL,0,0,0,400,15,29,110,10,110,100,55,0,0,1.273074475,0.047740293,0.092297899,0.350095481,0.031826862,0.350095481,0.318268619,0.17504774,-0.272683841,0
2024-10-21T12:03:36.462240600Z,AAPL,-200,-200,0,0,0,0,0,0,0,0,0,-0.636537237,0,0,0,0,0,0,0,0,0,0.012672651,0
2024-10-21T12:03:36.477257436Z,AAPL,0,0,0,0,0,0,28,0,0,0,0,0,0,0,0,0,0.088328076,0,0,0,0,-0.011216423,0
2024-10-21T12:03:36.477483536Z,AAPL,0,0,0,0,0,-29,-138,-10,-110,-100,-55,0,0,0,0,-0.092297899,-0.439210694,-0.031826862,-0.350095481,-0.318268619,-0.17504774,0.14130135,0
2024-10-21T12:03:36.477526397Z,AAPL,0,0,0,0,200,44,154,400,1,600,5,0,0,0,0.641436818,0.1411161,0.49390635,1.282873637,0.003207184,1.924310455,0.01603592,-0.505962861,0
2024-10-21T12:03:36.477570977Z,AAPL,0,0,0,0,-200,-44,-154,-400,-1,-600,-5,0,0,0,-0.636942675,-0.140127389,-0.49044586,-1.27388535,-0.003184713,-1.910828025,-0.015923567,0.502417898,0
2024-10-21T12:03:37.922916443Z,AAPL,0,0,0,0,200,44,154,400,1,600,5,0,0,0,0.641436818,0.1411161,0.49390635,1.282873637,0.003207184,1.924310455,0.01603592,-0.505962861,0
2024-10-21T12:03:37.922990125Z,AAPL,0,0,0,0,-200,-44,-154,-400,-1,-600,-5,0,0,0,-0.636942675,-0.140127389,-0.49044586,-1.27388535,-0.003184713,-1.910828025,-0.015923567,0.502417898,0
2024-10-21T12:03:38.391113474Z,AAPL,1,1,500,10,400,15,138,10,110,100,55,0.003184713,1.592356688,0.031847134,1.27388535,0.047770701,0.439490446,0.031847134,0.350318471,0.318471338,0.175159236,-0.483771994,0
2024-10-21T12:03:38.520085682Z,AAPL,0,0,0,0,0,0,27,138,10,110,100,0,0,0,0,0,0.086760925,0.44344473,0.032133676,0.353470437,0.321336761,-0.121315629,0
2024-10-21T12:03:38.520115737Z,AAPL,0,0,0,0,0,0,0,-28,0,0,0,0,0,0,0,0,0,-0.09079118,0,0,0,0.011001143,0
2024-10-21T12:03:55.424131689Z,AAPL,0,0,0,0,0,0,-27,-110,-10,-110,-100,0,0,0,0,0,-0.086760925,-0.353470437,-0.032133676,-0.353470437,-0.321336761,0.110413469,0
2024-10-21T12:03:55.424188038Z,AAPL,0,0,0,0,0,0,30,110,10,110,100,0,0,0,0,0,0.09718173,0.356333009,0.03239391,0.356333009,0.323939099,-0.112541721,0
2024-10-21T12:03:55.618218602Z,AAPL,150,150,25,27,200,44,154,400,1,600,5,0.518672199,0.086445367,0.093360996,0.691562932,0.152143845,0.532503458,1.383125864,0.003457815,2.074688797,0.017289073,-0.571136106,0
2024-10-21T12:03:55.618231402Z,AAPL,-200,-200,0,0,0,0,0,0,0,0,0,-0.64683053,0,0,0,0,0,0,0,0,0,0.012877577,0
2024-10-21T12:03:55.674377683Z,AAPL,0,0,0,0,400,0,0,0,0,0,0,0,0,0,1.293661061,0,0,0,0,0,0,-0.24672691,0
2024-10-21T12:03:55.688445687Z,AAPL,0,0,0,200,44,154,400,1,600,5,63,0,0,0.639386189,0.140664962,0.492327366,1.278772379,0.003196931,1.918158568,0.015984655,0.20140665,-0.507894314,0
2024-10-21T12:03:55.688489469Z,AAPL,0,0,0,-200,-44,-154,-400,-1,-600,-5,-63,0,0,-0.64683053,-0.142302717,-0.498059508,-1.293661061,-0.003234153,-1.940491591,-0.016170763,-0.203751617,0.513807702,0
2024-10-21T12:03:55.728447009Z,AAPL,-350,-350,-25,-27,-200,-44,-154,-400,-1,-600,-5,-1.133786848,-0.080984775,-0.087463557,-0.647878199,-0.142533204,-0.498866213,-1.295756398,-0.003239391,-1.943634597,-0.016196955,0.547956944,0
2024-10-21T12:03:56.332225034Z,AAPL,0,0,0,0,0,0,-30,-110,-10,-110,-100,0,0,0,0,0,-0.096401028,-0.353470437,-0.032133676,-0.353470437,-0.321336761,0.111637626,0
2024-10-21T12:03:56.332253646Z,AAPL,0,0,0,0,200,44,154,400,1,600,5,0,0,0,0.647249191,0.142394822,0.498381877,1.294498382,0.003236246,1.941747573,0.01618123,-0.510547638,0
2024-10-21T12:03:56.332311467Z,AAPL,0,0,0,0,-200,-44,-154,-400,-1,-600,-5,0,0,0,-0.642673522,-0.141388175,-0.494858612,-1.285347044,-0.003213368,-1.928020566,-0.016066838,0.506938368,0
2024-10-21T12:03:56.332342495Z,AAPL,0,0,0,0,0,30,15,110,10,110,100,0,0,0,0,0.09718173,0.048590865,0.356333009,0.03239391,0.356333009,0.323939099,-0.118337612,0
2024-10-21T12:03:56.388992803Z,AAPL,0,0,0,200,10,0,0,0,0,0,0,0,0,0.692760651,0.034638033,0,0,0,0,0,0,-0.079303055,0
2024-10-21T12:03:56.896105724Z,AAPL,0,0,0,0,0,-30,-15,-110,-10,-110,-100,0,0,0,0,-0.103021978,-0.051510989,-0.377747253,-0.034340659,-0.377747253,-0.343406593,0.125449247,0
2024-10-21T12:03:56.896208906Z,AAPL,0,0,0,0,0,28,15,110,10,110,100,0,0,0,0,0.097053726,0.051993068,0.381282496,0.034662045,0.381282496,0.346620451,-0.125769689,0
2024-10-21T12:04:00.333416396Z,AAPL,0,0,200,-200,-10,-28,-15,-110,-10,-110,-100,0,0.680272109,-0.680272109,-0.034013605,-0.095238095,-0.051020408,-0.37414966,-0.034013605,-0.37414966,-0.340136054,0.157924133,0
2024-10-21T12:04:00.453606564Z,AAPL,0,0,0,27,0,0,0,0,0,0,0,0,0,0.091001011,0,0,0,0,0,0,0,-0.009549461,0
2024-10-21T12:04:00.453632315Z,AAPL,0,0,0,0,-28,-15,-110,-10,-110,-100,-55,0,0,0,-0.095238095,-0.051020408,-0.37414966,-0.034013605,-0.37414966,-0.340136054,-0.18707483,0.151216251,0
2024-10-21T12:04:01.301464181Z,AAPL,0,0,18,700,37,15,110,10,110,100,55,0,0.060872506,2.367264119,0.125126818,0.050727088,0.371998647,0.033818059,0.371998647,0.338180588,0.185999324,-0.408448094,0
2024-10-21T12:04:01.372206492Z,AAPL,0,0,0,-200,0,0,0,0,0,0,0,0,0,-0.725426188,0,0,0,0,0,0,0,0.076124748,0
2024-10-21T12:04:01.372219216Z,AAPL,0,0,0,0,400,37,15,110,10,110,100,0,0,0,1.289490651,0.119277885,0.048355899,0.354609929,0.032237266,0.354609929,0.322372663,-0.366475532,0
2024-10-21T12:04:01.372796891Z,AAPL,0,0,0,0,0,-27,0,0,0,0,0,0,0,0,0,-0.087804878,0,0,0,0,0,0.01081165,0
2024-10-21T12:04:01.644457609Z,AAPL,0,0,0,200,-400,-10,-15,-110,-10,-110,-100,0,0,0.682593857,-1.365187713,-0.034129693,-0.051194539,-0.375426621,-0.034129693,-0.375426621,-0.341296928,0.305012063,0
2024-10-21T12:04:05.632550110Z,AAPL,0,0,0,0,26,0,0,0,0,0,0,0,0,0,0.087956698,0,0,0,0,0,0,-0.016775093,0
2024-10-21T12:04:12.155049282Z,AAPL,150,150,25,27,200,44,154,400,1,600,5,0.54328142,0.090546903,0.097790656,0.724375226,0.15936255,0.557768924,1.448750453,0.003621876,2.173125679,0.018109381,-0.598234559,0
2024-10-21T12:04:12.156256239Z,AAPL,0,0,0,0,0,0,0,0,0,0,0,0,0,0,0,0,0,0,0,0,0,0,0
2024-10-21T12:04:12.260774944Z,AAPL,0,0,0,-27,-200,-44,-154,-400,-1,-600,-5,0,0,-0.091339648,-0.676589986,-0.148849797,-0.52097429,-1.353179973,-0.00338295,-2.029769959,-0.01691475,0.54327654,0
2024-10-21T12:04:16.430845992Z,AAPL,0,0,0,-200,0,0,0,0,0,0,0,0,0,-0.633713561,0,0,0,0,0,0,0,0.066500612,0
2024-10-21T12:04:16.499853888Z,AAPL,0,0,0,-200,0,0,0,0,0,0,0,0,0,-0.676589986,0,0,0,0,0,0,0,0.070999977,0
2024-10-21T12:04:16.509417925Z,AAPL,0,0,0,0,200,36,15,110,10,110,100,0,0,0,0.644953241,0.116091583,0.048371493,0.354724282,0.032247662,0.354724282,0.32247662,-0.243191219,0
2024-10-21T12:04:19.069602567Z,AAPL,0,0,0,0,-200,-36,-15,-110,-10,-110,-100,0,0,0,-0.676589986,-0.121786198,-0.050744249,-0.372124493,-0.033829499,-0.372124493,-0.338294993,0.255120423,0
2024-10-21T12:04:19.069614798Z,AAPL,0,0,0,0,400,36,15,110,10,110,100,0,0,0,1.211754014,0.109057861,0.045440776,0.333232354,0.03029385,0.333232354,0.302938503,-0.344009625,0
2024-10-21T12:04:19.070597243Z,AAPL,0,0,0,0,0,-26,0,0,0,0,0,0,0,0,0,-0.079389313,0,0,0,0,0,0.009775419,0
2024-10-21T12:04:19.070641181Z,AAPL,0,0,0,0,0,0,28,15,110,10,110,0,0,0,0,0,0.087418046,0.046831096,0.343428036,0.031220731,0.343428036,-0.078662534,0
2024-10-21T12:04:19.474987580Z,AAPL,0,0,0,0,200,0,0,0,0,0,0,0,0,0,0.666000666,0,0,0,0,0,0,-0.127019581,0
2024-10-21T12:04:19.884911653Z,AAPL,0,0,0,0,0,0,-28,-15,-110,-10,-110,0,0,0,0,0,-0.091056911,-0.048780488,-0.357723577,-0.032520325,-0.357723577,0.081936942,0
2024-10-21T12:04:19.885049397Z,AAPL,0,0,0,0,0,0,29,15,110,10,110,0,0,0,0,0,0.096537949,0.049933422,0.366178429,0.033288948,0.366178429,-0.084296257,0
2024-10-21T12:04:26.481060587Z,AAPL,0,0,0,0,-200,-10,-29,-15,-110,-10,-110,0,0,0,-0.688705234,-0.034435262,-0.099862259,-0.051652893,-0.378787879,-0.034435262,-0.378787879,0.222788921,0
2024-10-21T12:04:26.481072450Z,AAPL,0,0,0,0,200,10,29,15,110,10,110,0,0,0,0.665778961,0.033288948,0.096537949,0.049933422,0.366178429,0.033288948,0.366178429,-0.215372512,0
2024-10-21T12:04:26.535918353Z,AAPL,0,0,0,200,0,0,0,0,0,0,0,0,0,0.713266762,0,0,0,0,0,0,0,-0.074848763,0
2024-10-21T12:04:26.535930308Z,AAPL,0,0,0,-200,0,0,0,0,0,0,0,0,0,-0.665778961,0,0,0,0,0,0,0,0.06986549,0
2024-10-21T12:04:26.555072803Z,AAPL,0,0,0,0,200,44,154,400,1,600,5,0,0,0,0.670690812,0.147551979,0.516431925,1.341381623,0.003353454,2.012072435,0.01676727,-0.529038297,0
2024-10-21T12:04:26.555132343Z,AAPL,0,0,0,0,-200,-44,-154,-400,-1,-600,-5,0,0,0,-0.665114732,-0.146325241,-0.512138344,-1.330229465,-0.003325574,-1.995344197,-0.016627868,0.524639907,0
2024-10-21T12:04:26.566152901Z,AAPL,0,0,0,0,200,0,0,0,0,0,0,0,0,0,0.623635797,0,0,0,0,0,0,-0.118939758,0
2024-10-21T12:04:26.621148067Z,AAPL,0,0,0,0,-200,0,0,0,0,0,0,0,0,0,-0.665114732,0,0,0,0,0,0,0.126850616,0
2024-10-21T12:04:26.621160396Z,AAPL,0,0,0,400,-200,-10,-29,-15,-110,-10,-110,0,0,1.209555488,-0.604777744,-0.030238887,-0.087692773,-0.045358331,-0.332627759,-0.030238887,-0.332627759,0.068710966,0
2024-10-21T12:04:27.723319849Z,AAPL,0,0,0,400,500,10,29,15,110,10,110,0,0,1.247271593,1.559089492,0.03118179,0.090427191,0.046772685,0.342999688,0.03118179,0.342999688,-0.51103542,0
2024-10-21T12:04:27.735053874Z,AAPL,0,0,0,-400,-500,-10,-29,-15,-110,-10,-110,0,0,-1.375988992,-1.71998624,-0.034399725,-0.099759202,-0.051599587,-0.378396973,-0.034399725,-0.378396973,0.563773853,0
2024-10-21T12:04:27.735066380Z,AAPL,0,0,0,0,200,10,29,15,110,10,110,0,0,0,0.665114732,0.033255737,0.096441636,0.049883605,0.365813103,0.033255737,0.365813103,-0.215157641,0
2024-10-21T12:04:40.612532228Z,AAPL,0,0,0,0,0,0,0,0,0,-1,-600,0,0,0,0,0,0,0,0,-0.004070004,-2.442002442,0.20376178,0
2024-10-21T12:04:47.058697813Z,AAPL,-150,-150,-25,-400,-30,-200,-44,-154,-400,-50,-1,-0.610004067,-0.101667344,-1.626677511,-0.122000813,-0.813338756,-0.178934526,-0.626270842,-1.626677511,-0.203334689,-0.004066694,0.573518848,0
2024-10-21T12:04:51.210492220Z,AAPL,0,0,0,0,30,200,44,154,400,50,1,0,0,0,0.145631068,0.970873786,0.213592233,0.747572816,1.941747573,0.242718447,0.004854369,-0.458607193,0
2024-10-21T12:04:51.210504256Z,AAPL,0,0,0,0,-400,0,0,0,0,0,0,0,0,0,-1.62601626,0,0,0,0,0,0,0.31011366,0
2024-10-21T12:04:51.271373633Z,AAPL,0,0,0,0,0,0,-29,-15,-110,-10,-110,0,0,0,0,0,-0.114579218,-0.059265113,-0.434610826,-0.039510075,-0.434610826,0.100049765,0
2024-10-21T12:04:51.271438407Z,AAPL,0,0,0,0,0,27,0,0,0,0,0,0,0,0,0,0.105551212,0,0,0,0,0,-0.012996804,0
2024-10-21T12:04:51.271510236Z,AAPL,0,0,0,0,-430,-200,-44,-154,-400,-50,-1,0,0,0,-1.824352991,-0.848536275,-0.18667798,-0.653372932,-1.69707255,-0.212134069,-0.004242681,0.724484693,0
2024-10-21T12:04:51.316443773Z,AAPL,0,0,0,0,-200,0,0,0,0,0,0,0,0,0,-0.782166601,0,0,0,0,0,0,0.149174737,0
2024-10-21T12:04:54.735741554Z,AAPL,0,0,0,5,0,0,0,0,0,0,0,0,0,0.019516003,0,0,0,0,0,0,0,-0.00204797,0
2024-10-21T12:05:01.936493423Z,AAPL,0,0,0,0,200,0,0,0,0,0,0,0,0,0,0.846740051,0,0,0,0,0,0,-0.161490179,0
2024-10-21T12:05:01.936505877Z,AAPL,0,0,-150,-25,-200,0,0,0,0,0,0,0,-0.635055038,-0.105842506,-0.846740051,0,0,0,0,0,0,0.213080731,0
2024-10-21T12:05:05.090737406Z,AAPL,0,0,0,0,0,0,0,0,0,0,1,0,0,0,0,0,0,0,0,0,0.00432339,-0.000360197,0
2024-10-21T12:05:15.858212657Z,AAPL,0,0,150,25,30,200,44,154,400,1,50,0,0.693481276,0.115580213,0.138696255,0.924641701,0.203421174,0.71197411,1.849283403,0.004623209,0.231160425,-0.494737186,0
2024-10-21T12:05:15.858226719Z,AAPL,0,0,0,0,-30,-200,-44,-154,-400,-1,-50,0,0,0,-0.129701686,-0.864677907,-0.19022914,-0.665801989,-1.729355815,-0.00432339,-0.216169477,0.409969585,0
2024-10-21T12:05:18.858600266Z,AAPL,0,0,0,0,-200,0,0,0,0,0,0,0,0,0,-0.79586152,0,0,0,0,0,0,0.15178663,0
2024-10-21T12:05:27.769244591Z,AAPL,0,0,0,0,0,0,0,0,0,0,0,0,0,0,0,0,0,0,0,0,0,0,150
2024-10-21T12:05:27.769244591Z,AAPL,150,150,25,400,30,200,44,154,400,1,50,0.5859375,0.09765625,1.5625,0.1171875,0.78125,0.171875,0.6015625,1.5625,0.00390625,0.1953125,-0.552270187,0
2024-10-21T12:05:27.769266569Z,AAPL,100,100,1,18,505,200,37,15,110,10,110,0.390625,0.00390625,0.0703125,1.97265625,0.78125,0.14453125,0.05859375,0.4296875,0.0390625,0.4296875,-0.59071123,0
2024-10-21T12:05:27.769279547Z,AAPL,100,100,0,0,0,0,0,0,0,0,0,0.37593985,0,0,0,0,0,0,0,0,0,-0.007484487,0
2024-10-21T12:05:27.769282701Z,AAPL,0,0,13,1,18,505,200,37,15,110,10,0,0.05072181,0.003901678,0.070230199,1.970347249,0.780335544,0.144362076,0.058525166,0.429184549,0.039016777,-0.417417516,0
2024-10-21T12:05:27.769319506Z,AAPL,-100,-100,0,0,0,0,0,0,0,0,0,-0.406008932,0,0,0,0,0,0,0,0,0,0.008083124,0
2024-10-21T12:05:27.769383987Z,AAPL,-100,-100,-13,-1,-18,-505,-200,-37,-15,-110,-10,-0.404367165,-0.052567732,-0.004043672,-0.07278609,-2.042054185,-0.808734331,-0.149615851,-0.060655075,-0.444803882,-0.040436717,0.440659049,0
2024-10-21T12:05:27.870580890Z,AAPL,-13,-13,-1,-18,-505,-200,-37,-15,-110,-10,-110,-0.05078125,-0.00390625,-0.0703125,-1.97265625,-0.78125,-0.14453125,-0.05859375,-0.4296875,-0.0390625,-0.4296875,0.583945371,0
2024-10-21T12:05:30.107740673Z,AAPL,1200,1200,1,18,505,200,37,15,110,10,110,3.278688525,0.00273224,0.049180328,1.379781421,0.546448087,0.101092896,0.040983607,0.300546448,0.027322404,0.300546448,-0.473010062,0
2024-10-21T12:05:35.113109625Z,AAPL,0,0,0,0,0,-200,-37,-15,-110,-10,-110,0,0,0,0,-0.561797753,-0.103932584,-0.042134831,-0.308988764,-0.028089888,-0.308988764,0.143160168,0
2024-10-21T12:05:35.113122799Z,AAPL,0,0,0,0,0,0,400,15,110,10,110,0,0,0,0,0,1.03626943,0.038860104,0.284974093,0.025906736,0.284974093,-0.187653826,0
2024-10-21T12:05:40.025196163Z,AAPL,0,0,0,200,0,0,0,0,0,0,0,0,0,0.546448087,0,0,0,0,0,0,0,-0.057343151,0
2024-10-21T12:05:40.028003470Z,AAPL,0,0,0,0,0,0,0,0,0,0,0,0,0,0,0,0,0,0,0,0,0,0,50
2024-10-21T12:05:40.028003470Z,AAPL,50,50,0,0,0,0,0,0,0,0,0,0.138504155,0,0,0,0,0,0,0,0,0,-0.002757442,0
2024-10-21T12:05:40.028006695Z,AAPL,281,281,1230,201,62,659,437,401,65,710,15,0.691947796,3.028810638,0.494951982,0.152671756,1.622753016,1.076089633,0.987441517,0.160059099,1.748337848,0.036936715,-0.894571577,0
2024-10-21T12:05:40.028030027Z,AAPL,0,0,100,1200,1,18,505,37,400,15,110,0,0.240905806,2.89086967,0.002409058,0.043363045,1.216574319,0.089135148,0.963623223,0.036135871,0.264996386,-0.601333085,0
2024-10-21T12:05:40.028032659Z,AAPL,0,0,0,100,1200,1,18,505,37,400,15,0,0,0.241487563,2.897850761,0.002414876,0.043467761,1.219512195,0.089350398,0.965950254,0.036223135,-0.816181287,0
2024-10-21T12:05:40.028041901Z,AAPL,0,0,0,100,0,0,0,0,0,0,0,0,0,0.235793445,0,0,0,0,0,0,0,-0.024743684,0
2024-10-21T12:05:40.028043931Z,AAPL,0,0,100,0,0,0,0,0,0,0,0,0,0.230361668,0,0,0,0,0,0,0,0,-0.014685156,0
2024-10-21T12:05:40.028048443Z,AAPL,0,0,32,0,0,0,0,0,0,0,0,0,0.073176309,0,0,0,0,0,0,0,0,-0.004664862,0
2024-10-21T12:05:40.028054971Z,AAPL,0,0,0,100,0,0,0,0,0,0,0,0,0,0.223563604,0,0,0,0,0,0,0,-0.02346031,0
2024-10-21T12:05:40.028063174Z,AAPL,0,0,0,0,32,1200,1,18,505,37,400,0,0,0,0.071269488,2.672605791,0.002227171,0.040089087,1.124721604,0.082405345,0.890868597,-0.529504194,0
2024-10-21T12:05:40.028066207Z,AAPL,0,0,-100,0,0,0,0,0,0,0,0,0,-0.227790433,0,0,0,0,0,0,0,0,0.014521244,0
2024-10-21T12:05:40.028077104Z,AAPL,0,0,-100,0,0,0,0,0,0,0,0,0,-0.233100233,0,0,0,0,0,0,0,0,0.014859735,0
2024-10-21T12:05:40.028094970Z,AAPL,0,0,0,0,0,0,0,0,0,0,0,0,0,0,0,0,0,0,0,0,0,0,30
2024-10-21T12:05:40.028094970Z,AAPL,30,30,200,44,154,400,1,50,600,5,63,0.069316081,0.462107209,0.101663586,0.355822551,0.924214418,0.002310536,0.115526802,1.386321627,0.01155268,0.145563771,-0.375197994,0
2024-10-21T12:05:40.028097758Z,AAPL,0,0,0,0,0,100,0,0,0,0,0,0,0,0,0,0.225835592,0,0,0,0,0,-0.027807742,0
2024-10-21T12:05:40.028115361Z,AAPL,100,100,256,32,300,32,1300,1,18,505,37,0.242248062,0.620155039,0.07751938,0.726744186,0.07751938,3.149224806,0.002422481,0.043604651,1.223352713,0.089631783,-0.705344322,0
2024-10-21T12:05:40.028121192Z,AAPL,0,0,0,0,0,0,100,0,0,0,0,0,0,0,0,0,0.236518448,0,0,0,0,-0.030034516,0
2024-10-21T12:05:40.028128644Z,AAPL,0,0,0,0,-100,0,0,0,0,0,0,0,0,0,-0.242248062,0,0,0,0,0,0,0.046201526,0
2024-10-21T12:05:40.028156649Z,AAPL,0,0,0,0,-100,0,0,0,0,0,0,0,0,0,-0.248262165,0,0,0,0,0,0,0.047348536,0
2024-10-21T12:05:40.028365786Z,AAPL,-100,-100,-256,-32,-100,-32,-1400,-1,-18,-505,-37,-0.231053604,-0.591497227,-0.073937153,-0.231053604,-0.073937153,-3.234750462,-0.002310536,-0.041589649,-1.166820702,-0.085489834,0.613957369,0
2024-10-21T12:05:40.028429209Z,AAPL,0,0,0,-100,-32,-1400,-1,-18,-505,-37,-400,0,0,-0.2356823,-0.075418336,-3.299552204,-0.002356823,-0.042422814,-1.190195616,-0.087202451,-0.942729201,0.643100911,0
2024-10-21T12:05:40.028485091Z,AAPL,0,0,0,0,-100,0,0,0,0,0,0,0,0,0,-0.241370987,0,0,0,0,0,0,0.046034251,0
2024-10-21T12:05:40.028584035Z,AAPL,0,0,0,0,-100,0,0,0,0,0,0,0,0,0,-0.247341083,0,0,0,0,0,0,0.047172867,0
2024-10-21T12:05:40.055564914Z,AAPL,-256,-256,-32,-32,-1200,-1,-18,-505,-37,-400,-15,-0.656915576,-0.082114447,-0.082114447,-3.079291763,-0.002566076,-0.046189376,-1.295868617,-0.094944829,-1.026430588,-0.038491147,0.867286296,0
2024-10-21T12:05:40.071027333Z,AAPL,326,326,32,32,1200,1,18,505,37,400,15,0.792608801,0.077802091,0.077802091,2.91757841,0.002431315,0.043763676,1.227814248,0.089958668,0.972526137,0.03646973,-0.825127841,0
2024-10-21T12:05:40.096302346Z,AAPL,200,200,44,154,400,1,50,600,5,63,1,0.489715965,0.107737512,0.377081293,0.979431929,0.00244858,0.122428991,1.469147894,0.012242899,0.154260529,0.00244858,-0.449896092,0
2024-10-21T12:05:40.096345392Z,AAPL,-200,-200,-44,-154,-400,-1,-50,-600,-5,-63,-1,-0.486499635,-0.10702992,-0.374604719,-0.97299927,-0.002432498,-0.121624909,-1.459498905,-0.012162491,-0.153247385,-0.002432498,0.446941289,0
2024-10-21T12:05:40.133764520Z,AAPL,0,0,0,-32,-1200,-1,-18,-505,-37,-400,-15,0,0,-0.076390547,-2.8646455,-0.002387205,-0.042969683,-1.205538315,-0.08832657,-0.954881833,-0.035808069,0.789794436,0
2024-10-21T12:05:40.147760543Z,AAPL,0,0,0,0,0,0,400,0,-400,-15,-110,0,0,0,0,0,0.952607764,0,-0.952607764,-0.035722791,-0.261967135,-0.010716073,0
2024-10-21T12:05:40.167062454Z,AAPL,-28,-28,-200,-44,-154,-400,-1,-50,-600,-5,-63,-0.064575646,-0.461254613,-0.101476015,-0.355166052,-0.922509225,-0.002306273,-0.115313653,-1.383763838,-0.011531365,-0.145295203,0.374413917,0
2024-10-21T12:05:40.279040532Z,AAPL,0,0,-32,-1200,-1,-18,-905,-37,-15,-110,-10,0,-0.072496602,-2.718622565,-0.002265519,-0.040779338,-2.050294517,-0.083824196,-0.033982782,-0.249207068,-0.022655188,0.589789703,0
2024-10-21T12:05:40.371306716Z,AAPL,0,0,0,0,0,400,505,37,15,110,10,0,0,0,0,0.92936803,1.173327138,0.085966543,0.034851301,0.255576208,0.023234201,-0.298371895,0
2024-10-21T12:05:40.371534341Z,AAPL,28,28,200,44,154,400,1,50,600,5,63,0.067194624,0.479961603,0.105591553,0.369570434,0.959923206,0.002399808,0.119990401,1.439884809,0.01199904,0.151187905,-0.38959893,0
2024-10-21T12:05:40.371545573Z,AAPL,0,0,-200,-44,-154,-400,-1,-50,-600,-5,-63,0,-0.464684015,-0.102230483,-0.357806691,-0.92936803,-0.00232342,-0.116171004,-1.394052045,-0.0116171,-0.146375465,0.375902485,0
2024-10-21T12:05:40.371797762Z,AAPL,0,0,0,0,0,0,27,0,0,0,0,0,0,0,0,0,0.062341261,0,0,0,0,-0.007916463,0
2024-10-21T12:05:40.371831552Z,AAPL,0,0,0,0,0,0,0,-27,0,0,0,0,0,0,0,0,0,-0.062732342,0,0,0,0.007601261,0
2024-10-21T12:05:40.422122396Z,AAPL,0,0,0,200,1,18,0,0,0,0,0,0,0,0.487329435,0.002436647,0.043859649,0,0,0,0,0,-0.057004633,0
2024-10-21T12:05:41.922932814Z,AAPL,0,0,0,0,0,0,-27,0,0,0,0,0,0,0,0,0,-0.066225166,0,0,0,0,0.008409664,0
2024-10-21T12:05:41.923000912Z,AAPL,0,0,0,0,0,0,28,505,10,15,110,0,0,0,0,0,0.068376068,1.233211233,0.024420024,0.036630037,0.268620269,-0.185475474,0
2024-10-21T12:05:41.948630132Z,AAPL,0,0,0,0,0,0,0,0,0,0,0,0,0,0,0,0,0,0,0,0,0,0,0
2024-10-21T12:05:41.951962933Z,AAPL,0,0,0,-200,-1,-18,-28,-505,-10,-15,-110,0,0,-0.512163892,-0.002560819,-0.04609475,-0.071702945,-1.293213828,-0.025608195,-0.038412292,-0.281690141,0.254409495,0
2024-10-21T12:05:41.951975929Z,AAPL,0,0,0,0,400,0,0,0,0,0,0,0,0,0,0.929152149,0,0,0,0,0,0,-0.177207806,0
2024-10-21T12:05:41.952567424Z,AAPL,200,200,200,44,154,400,1,50,600,5,63,0.460829493,0.460829493,0.101382488,0.35483871,0.921658986,0.002304147,0.115207373,1.382488479,0.011520737,0.14516129,-0.381958932,0
2024-10-21T12:05:41.952619801Z,AAPL,0,0,0,-44,-154,-400,-1,-50,-600,-5,-63,0,0,-0.102183,-0.357640502,-0.928936368,-0.002322341,-0.116117046,-1.393404552,-0.011611705,-0.146307478,0.346118851,0
2024-10-21T12:05:43.153724103Z,AAPL,0,0,0,200,1,18,28,505,10,15,110,0,0,0.48828125,0.002441406,0.043945313,0.068359375,1.232910156,0.024414063,0.036621094,0.268554688,-0.242546162,0
2024-10-21T12:05:43.258685033Z,AAPL,0,0,0,0,0,0,0,0,0,0,0,0,0,0,0,0,0,0,0,0,0,0,-250
2024-10-21T12:05:43.258685033Z,AAPL,-250,-250,0,0,0,0,0,0,0,0,0,-0.650026001,0,0,0,0,0,0,0,0,0,0.012941195,0
2024-10-21T12:05:43.258755715Z,AAPL,0,0,0,-200,-1,-18,-28,-505,-10,-15,-110,0,0,-0.547045952,-0.00273523,-0.049234136,-0.076586433,-1.381291028,-0.027352298,-0.041028446,-0.300875274,0.271736619,0
2024-10-21T12:05:43.337323654Z,AAPL,0,0,0,0,0,0,200,505,10,15,110,0,0,0,0,0,0.520020801,1.313052522,0.02600104,0.03900156,0.28601144,-0.254274017,0
2024-10-21T12:05:43.337453873Z,AAPL,-200,-200,0,0,0,0,0,0,0,0,0,-0.494315373,0,0,0,0,0,0,0,0,0,0.009841193,0
2024-10-21T12:05:43.337912322Z,AAPL,0,0,0,0,0,-28,-200,-505,-10,-15,-110,0,0,0,0,-0.069513406,-0.49652433,-1.253723932,-0.024826216,-0.037239325,-0.273088381,0.251344345,0
2024-10-21T12:05:43.337965586Z,AAPL,0,0,0,0,0,0,0,0,26,15,110,0,0,0,0,0,0,0,0.064292779,0.037091988,0.272007913,-0.031269604,0
2024-10-21T12:05:43.365778374Z,AAPL,0,0,0,0,0,200,0,0,0,0,0,0,0,0,0,0.471253534,0,0,0,0,0,-0.058026712,0
2024-10-21T12:05:43.393790686Z,AAPL,200,200,0,0,0,0,0,0,0,0,0,0.494559842,0,0,0,0,0,0,0,0,0,-0.009846061,0
2024-10-21T12:05:43.393803680Z,AAPL,-200,-200,0,0,0,0,0,0,0,0,0,-0.494559842,0,0,0,0,0,0,0,0,0,0.009846061,0
2024-10-21T12:05:43.596064460Z,AAPL,0,0,0,0,0,-200,0,0,0,0,0,0,0,0,0,-0.520291363,0,0,0,0,0,0.064064872,0
2024-10-21T12:05:43.596076460Z,AAPL,0,0,0,0,400,-200,-505,-10,-26,-15,-110,0,0,0,0.986679822,-0.493339911,-1.245683276,-0.024666996,-0.064134188,-0.037000493,-0.271336951,0.064932407,0
2024-10-21T12:05:45.922885872Z,AAPL,0,0,0,0,0,0,0,-26,-15,-110,-10,0,0,0,0,0,0,-0.062832286,-0.036249396,-0.265828903,-0.024166264,0.033120896,0
2024-10-21T12:05:45.923016443Z,AAPL,0,0,0,0,0,29,0,0,0,0,0,0,0,0,0,0.069594432,0,0,0,0,0,-0.008569349,0
2024-10-21T12:05:46.352758108Z,AAPL,0,0,100,1200,1,418,534,10,15,110,10,0,0.240558095,2.886697137,0.002405581,1.005532836,1.284580226,0.024055809,0.036083714,0.264613904,0.024055809,-0.633961429,0
2024-10-21T12:05:46.952418271Z,AAPL,200,200,29,44,154,400,1,50,600,5,63,0.497512438,0.072139303,0.109452736,0.383084577,0.995024876,0.002487562,0.124378109,1.492537313,0.012437811,0.156716418,-0.385246826,0
2024-10-21T12:05:46.952433308Z,AAPL,-200,-200,-29,-44,-154,-400,-1,-50,-600,-5,-63,-0.459031444,-0.066559559,-0.100986918,-0.353454212,-0.918062887,-0.002295157,-0.114757861,-1.377094331,-0.011475786,-0.144594905,0.355449217,0
2024-10-21T12:05:47.007021590Z,AAPL,0,0,0,0,200,1,18,534,10,15,110,0,0,0,0.482276344,0.002411382,0.043404871,1.287677839,0.024113817,0.036170726,0.265251989,-0.280837671,0
2024-10-21T12:05:48.195531738Z,AAPL,200,200,29,44,154,400,1,50,600,5,63,0.524934383,0.076115486,0.115485564,0.404199475,1.049868766,0.002624672,0.131233596,1.57480315,0.01312336,0.165354331,-0.406480903,0
2024-10-21T12:05:48.195615637Z,AAPL,0,0,0,0,0,0,0,0,0,0,0,0,0,0,0,0,0,0,0,0,0,0,-176
2024-10-21T12:05:48.195615637Z,AAPL,-76,-76,-100,-1200,-200,-1,-18,-534,-10,-15,-110,-0.202991453,-0.267094017,-3.205128205,-0.534188034,-0.00267094,-0.048076923,-1.426282051,-0.026709402,-0.040064103,-0.293803419,0.668474441,-100
2024-10-21T12:05:48.195615637Z,AAPL,-100,-100,-1200,-200,-1,-18,-534,-10,-15,-110,-10,-0.266382525,-3.196590304,-0.532765051,-0.002663825,-0.047948855,-1.422482685,-0.026638253,-0.039957379,-0.293020778,-0.026638253,0.483379563,-76
2024-10-21T12:05:48.195638794Z,AAPL,-200,-200,-29,-44,-154,-400,-1,-50,-600,-5,-63,-0.527565286,-0.076496966,-0.116064363,-0.40622527,-1.055130572,-0.002637826,-0.131891322,-1.582695859,-0.013189132,-0.166183065,0.408518132,0
2024-10-21T12:05:48.195643749Z,AAPL,0,0,-200,-29,-44,-154,-400,-1,-50,-600,-5,0,-0.514668039,-0.074626866,-0.113226969,-0.39629439,-1.029336078,-0.00257334,-0.12866701,-1.544004117,-0.012866701,0.372220214,0
2024-10-21T12:05:48.195651625Z,AAPL,0,0,0,-200,-29,-44,-154,-400,-1,-50,-600,0,0,-0.590667454,-0.085646781,-0.12994684,-0.45481394,-1.181334908,-0.002953337,-0.147666864,-1.772002363,0.454352502,0
2024-10-21T12:05:48.195652834Z,AAPL,-33,-33,-100,0,0,0,0,0,0,0,0,-0.093776641,-0.28417164,0,0,0,0,0,0,0,0,0.019982422,0
2024-10-21T12:05:48.195667975Z,AAPL,-133,-133,-200,-100,-200,-29,-44,-154,-400,-1,-50,-0.369239311,-0.555247085,-0.277623542,-0.555247085,-0.080510827,-0.122154359,-0.427540255,-1.11049417,-0.002776235,-0.138811771,0.366696196,0
2024-10-21T12:05:48.195671113Z,AAPL,0,0,-200,-1,-18,-534,-10,-15,-110,-10,-110,0,-0.571102227,-0.002855511,-0.0513992,-1.524842947,-0.028555111,-0.042832667,-0.314106225,-0.028555111,-0.314106225,0.299686648,0
2024-10-21T12:05:48.195675914Z,AAPL,0,0,0,0,-100,0,0,0,0,0,0,0,0,0,-0.277623542,0,0,0,0,0,0,0.052948335,0
2024-10-21T12:05:48.195679038Z,AAPL,0,0,0,-100,0,0,0,0,0,0,0,0,0,-0.270124257,0,0,0,0,0,0,0,0.02834629,0
2024-10-21T12:05:48.195690635Z,AAPL,0,0,100,0,0,0,0,0,0,0,0,0,0.277623542,0,0,0,0,0,0,0,0,-0.017698018,0
2024-10-21T12:05:48.195701993Z,AAPL,0,0,0,100,0,0,0,0,0,0,0,0,0,0.285551114,0,0,0,0,0,0,0,-0.029965153,0
2024-10-21T12:05:48.195706051Z,AAPL,0,0,0,0,100,0,0,0,0,0,0,0,0,0,0.293944738,0,0,0,0,0,0,-0.056061111,0
2024-10-21T12:05:48.195771617Z,AAPL,0,0,0,0,100,0,0,0,0,0,0,0,0,0,0.30284676,0,0,0,0,0,0,-0.057758904,0
2024-10-21T12:05:48.195800135Z,AAPL,33,33,200,33,200,29,44,154,400,1,50,0.101476015,0.61500615,0.101476015,0.61500615,0.089175892,0.135301353,0.473554736,1.2300123,0.003075031,0.153751538,-0.378420211,0
2024-10-21T12:05:48.195848770Z,AAPL,0,0,100,0,0,0,0,0,0,0,0,0,0.317258883,0,0,0,0,0,0,0,0,-0.020224702,0
2024-10-21T12:05:48.195954138Z,AAPL,0,0,33,200,29,44,154,400,1,50,600,0,0.090361446,0.547645126,0.079408543,0.120481928,0.421686747,1.095290252,0.002738226,0.136911281,1.642935378,-0.427019304,0
2024-10-21T12:05:48.259822838Z,AAPL,0,0,0,0,400,534,10,15,110,10,110,0,0,0,1.012145749,1.351214575,0.025303644,0.037955466,0.278340081,0.025303644,0.278340081,-0.417385314,0
2024-10-21T12:05:48.263346529Z,AAPL,0,0,0,0,0,-29,0,0,0,0,0,0,0,0,0,-0.073923018,0,0,0,0,0,0.00910234,0
2024-10-21T12:05:48.297202075Z,AAPL,0,0,0,-200,-29,-44,-154,-400,-1,-50,-600,0,0,-0.537201182,-0.077894171,-0.11818426,-0.41364491,-1.074402364,-0.002686006,-0.134300295,-1.611603546,0.413225241,0
2024-10-21T12:05:48.297231678Z,AAPL,0,0,400,200,29,44,154,400,1,50,600,0,0.932400932,0.466200466,0.067599068,0.102564103,0.358974359,0.932400932,0.002331002,0.116550117,1.398601399,-0.418049095,0
2024-10-21T12:05:48.313231819Z,AAPL,0,0,-400,0,0,0,0,0,0,0,0,0,-0.97799511,0,0,0,0,0,0,0,0,0.062345488,0
2024-10-21T12:05:48.453765847Z,AAPL,200,200,200,29,44,154,400,1,50,600,5,0.492368291,0.492368291,0.071393402,0.108321024,0.379123584,0.984736583,0.002461841,0.123092073,1.477104874,0.012309207,-0.365894934,0
2024-10-21T12:05:48.461428130Z,AAPL,-200,-200,0,0,0,0,0,0,0,0,0,-0.469263257,0,0,0,0,0,0,0,0,0,0.009342438,0
2024-10-21T12:05:48.825644162Z,AAPL,0,0,0,0,200,0,0,0,0,0,0,0,0,0,0.492368291,0,0,0,0,0,0,-0.093904432,0
2024-10-21T12:05:49.592099813Z,AAPL,0,0,0,200,-200,-505,-10,-15,-110,-10,-110,0,0,0.480538203,-0.480538203,-1.213358962,-0.02402691,-0.036040365,-0.264296012,-0.02402691,-0.264296012,0.245670964,0
2024-10-21T12:05:52.517180690Z,AAPL,0,0,0,0,0,29,10,15,110,10,110,0,0,0,0,0.070887314,0.024443901,0.036665852,0.268882914,0.024443901,0.268882914,-0.064729188,0
2024-10-21T12:05:55.930110286Z,AAPL,0,0,0,-18,0,0,0,0,0,0,0,0,0,-0.044193469,0,0,0,0,0,0,0,0.004637573,0
2024-10-21T12:05:57.922929284Z,AAPL,0,0,0,0,0,-29,-10,-15,-110,-10,-110,0,0,0,0,-0.069980695,-0.024131274,-0.036196911,-0.265444015,-0.024131274,-0.265444015,0.063901329,0
2024-10-21T12:05:57.923066098Z,AAPL,0,0,0,0,30,0,0,0,0,0,0,0,0,0,0.071873503,0,0,0,0,0,0,-0.013707707,0
2024-10-21T12:06:05.427139071Z,AAPL,-400,-400,-200,-29,-44,-154,-400,-1,-50,-600,-5,-0.958313368,-0.479156684,-0.069477719,-0.105414471,-0.368950647,-0.958313368,-0.002395783,-0.119789171,-1.437470053,-0.011978917,0.365616361,0
2024-10-21T12:06:06.690796307Z,AAPL,0,0,200,0,0,0,0,0,0,0,0,0,0.503271263,0,0,0,0,0,0,0,0,-0.032082668,0
2024-10-21T12:06:06.690808686Z,AAPL,0,0,-200,0,0,0,0,0,0,0,0,0,-0.503271263,0,0,0,0,0,0,0,0,0.032082668,0
2024-10-21T12:06:06.701910843Z,AAPL,0,0,0,0,44,154,400,1,50,600,5,0,0,0,0.111392405,0.389873418,1.012658228,0.002531646,0.126582278,1.518987342,0.012658228,-0.326207397,0
2024-10-21T12:06:06.701967763Z,AAPL,0,0,0,-26,0,0,0,0,0,0,0,0,0,-0.065392354,0,0,0,0,0,0,0,0.006862141,0
2024-10-21T12:06:06.737555073Z,AAPL,0,0,0,-200,-535,-10,-15,-110,-10,-110,-100,0,0,-0.522056904,-1.396502219,-0.026102845,-0.039154268,-0.287131297,-0.026102845,-0.287131297,-0.261028452,0.410051964,0
2024-10-21T12:06:06.737568257Z,AAPL,0,0,0,200,535,10,15,110,10,110,100,0,0,0.503018109,1.345573441,0.025150905,0.037726358,0.27665996,0.025150905,0.27665996,0.251509054,-0.395097855,0
2024-10-21T12:06:06.784651971Z,AAPL,0,0,0,200,0,0,0,0,0,0,0,0,0,0.478927203,0,0,0,0,0,0,0,-0.050257646,0
2024-10-21T12:06:06.795491217Z,AAPL,0,0,0,-200,0,0,0,0,0,0,0,0,0,-0.503018109,0,0,0,0,0,0,0,0.052785697,0
2024-10-21T12:06:06.795502438Z,AAPL,0,0,0,200,0,0,0,0,0,0,0,0,0,0.503018109,0,0,0,0,0,0,0,-0.052785697,0
2024-10-21T12:06:07.734697882Z,AAPL,100,100,1200,1,200,535,10,15,110,10,110,0.251509054,3.018108652,0.002515091,0.503018109,1.345573441,0.025150905,0.037726358,0.27665996,0.025150905,0.27665996,-0.516910346,0
2024-10-21T12:06:07.735102284Z,AAPL,-100,-100,-1200,-1,-200,-535,-10,-15,-110,-10,-110,-0.251509054,-3.018108652,-0.002515091,-0.503018109,-1.345573441,-0.025150905,-0.037726358,-0.27665996,-0.025150905,-0.27665996,0.516910346,0
2024-10-21T12:06:07.797318931Z,AAPL,0,0,0,26,0,0,0,0,0,0,0,0,0,0.065822785,0,0,0,0,0,0,0,-0.006907309,0
2024-10-21T12:06:07.797428592Z,AAPL,0,0,0,-200,-44,-154,-400,-1,-50,-600,-5,0,0,-0.503271263,-0.110719678,-0.387518873,-1.006542526,-0.002516356,-0.125817816,-1.50981379,-0.012581782,0.37704961,0
2024-10-21T12:06:07.802356464Z,AAPL,0,0,29,200,44,154,400,1,50,600,5,0,0.076739878,0.52924054,0.116432919,0.407515216,1.05848108,0.002646203,0.132310135,1.587721619,0.013231013,-0.401397763,0
2024-10-21T12:06:07.802368533Z,AAPL,0,0,-29,-200,-44,-154,-400,-1,-50,-600,-5,0,-0.072974333,-0.503271263,-0.110719678,-0.387518873,-1.006542526,-0.002516356,-0.125817816,-1.50981379,-0.012581782,0.381701597,0
2024-10-21T12:06:07.805948070Z,AAPL,0,0,0,200,0,0,0,0,0,0,0,0,0,0.479156684,0,0,0,0,0,0,0,-0.050281728,0
2024-10-21T12:06:07.846428844Z,AAPL,0,0,-200,0,0,0,0,0,0,0,0,0,-0.457247371,0,0,0,0,0,0,0,0,0.029148725,0
2024-10-21T12:06:07.848909781Z,AAPL,0,0,0,-200,0,0,0,0,0,0,0,0,0,-0.479156684,0,0,0,0,0,0,0,0.050281728,0
2024-10-21T12:06:07.896522805Z,AAPL,0,0,200,0,0,0,0,0,0,0,0,0,0.503271263,0,0,0,0,0,0,0,0,-0.032082668,0
2024-10-21T12:06:07.896534876Z,AAPL,0,0,-200,0,0,0,0,0,0,0,0,0,-0.503271263,0,0,0,0,0,0,0,0,0.032082668,0
2024-10-21T12:06:08.694025455Z,AAPL,0,0,-200,0,0,0,0,0,0,0,0,0,-0.503271263,0,0,0,0,0,0,0,0,0.032082668,0
2024-10-21T12:06:17.680964159Z,AAPL,0,0,0,0,-30,0,0,0,0,0,0,0,0,0,-0.076064909,0,0,0,0,0,0,0.014507092,0
2024-10-21T12:06:17.681006872Z,AAPL,0,0,0,0,0,29,10,15,110,10,110,0,0,0,0,0.074877356,0.025819778,0.038729667,0.284017557,0.025819778,0.284017557,-0.068372607,0
2024-10-21T12:06:17.696105981Z,AAPL,0,0,0,200,44,154,400,1,50,600,5,0,0,0.519615485,0.114315407,0.400103923,1.039230969,0.002598077,0.129903871,1.558846454,0.012990387,-0.389294661,0
2024-10-21T12:06:18.819178890Z,AAPL,100,100,1200,1,200,505,29,10,15,110,10,0.260484501,3.125814014,0.002604845,0.520969002,1.315446731,0.075540505,0.02604845,0.039072675,0.286532951,0.02604845,-0.506301155,0
2024-10-21T12:06:18.819594049Z,AAPL,-100,-100,-1200,-1,-200,-505,-29,-10,-15,-110,-10,-0.259807742,-3.117692907,-0.002598077,-0.519615485,-1.312029098,-0.075344245,-0.025980774,-0.038971161,-0.285788516,-0.025980774,0.504985746,0
2024-10-21T12:06:18.820239929Z,AAPL,0,0,0,-200,-505,-29,-10,-15,-110,-10,-110,0,0,-0.533475593,-1.347025874,-0.077353961,-0.02667378,-0.04001067,-0.293411576,-0.02667378,-0.293411576,0.383520549,0
2024-10-21T12:06:18.821093344Z,AAPL,200,200,200,44,154,400,1,50,600,5,63,0.525348043,0.525348043,0.115576569,0.404517993,1.050696086,0.00262674,0.131337011,1.576044129,0.013133701,0.165484634,-0.435435189,0
2024-10-21T12:06:18.873162917Z,AAPL,0,0,0,200,505,29,10,15,110,10,110,0,0,0.511901715,1.29255183,0.074225749,0.025595086,0.038392629,0.281545943,0.025595086,0.281545943,-0.368010888,0
2024-10-21T12:06:18.892219598Z,AAPL,200,200,44,154,400,1,50,600,5,63,1,0.539374326,0.118662352,0.415318231,1.078748652,0.002696872,0.134843581,1.618122977,0.013484358,0.169902913,0.002696872,-0.495516624,0
2024-10-21T12:06:18.892231335Z,AAPL,-200,-200,-44,-154,-400,-1,-50,-600,-5,-63,-1,-0.48697346,-0.107134161,-0.374969564,-0.97394692,-0.002434867,-0.121743365,-1.46092038,-0.012174336,-0.15339664,-0.002434867,0.447376587,0
2024-10-21T12:06:18.892290341Z,AAPL,200,200,0,0,0,0,0,0,0,0,0,0.511901715,0,0,0,0,0,0,0,0,0,-0.010191315,0
2024-10-21T12:06:19.678000980Z,AAPL,0,0,0,200,0,0,0,0,0,0,0,0,0,0.48697346,0,0,0,0,0,0,0,-0.051102004,0
2024-10-21T12:06:19.696727473Z,AAPL,0,0,0,-200,0,0,0,0,0,0,0,0,0,-0.511901715,0,0,0,0,0,0,0,0.053717924,0
2024-10-21T12:06:19.696738939Z,AAPL,0,0,0,400,0,0,0,0,0,0,0,0,0,0.97394692,0,0,0,0,0,0,0,-0.102204008,0
2024-10-21T12:06:22.179031254Z,AAPL,0,0,0,-200,0,0,0,0,0,0,0,0,0,-0.511901715,0,0,0,0,0,0,0,0.053717924,0
2024-10-21T12:06:29.265587376Z,AAPL,0,0,0,0,0,-29,-10,-15,-110,-10,-110,0,0,0,0,-0.072900955,-0.02513826,-0.037707391,-0.276520865,-0.02513826,-0.276520865,0.0665679,0
2024-10-21T12:06:29.265653484Z,AAPL,0,0,0,0,0,30,10,15,110,10,110,0,0,0,0,0.076765609,0.025588536,0.038382805,0.2814739,0.025588536,0.2814739,-0.068075341,0
2024-10-21T12:06:29.265699161Z,AAPL,0,0,-28,0,0,0,0,0,0,0,0,0,-0.071138211,0,0,0,0,0,0,0,0,0.004534937,0
2024-10-21T12:06:31.862439229Z,AAPL,0,0,0,0,0,-30,-10,-15,-110,-10,-110,0,0,0,0,-0.074887668,-0.024962556,-0.037443834,-0.274588118,-0.024962556,-0.274588118,0.066409993,0
2024-10-21T12:06:31.862509699Z,AAPL,0,0,0,0,0,27,10,15,110,10,110,0,0,0,0,0.068649886,0.025425884,0.038138825,0.279684719,0.025425884,0.279684719,-0.066703395,0
2024-10-21T12:06:39.032886978Z,AAPL,228,228,44,154,400,1,50,600,5,63,1,0.610605249,0.117836101,0.412426352,1.071237279,0.002678093,0.13390466,1.606855919,0.013390466,0.168719871,0.002678093,-0.493559209,0
2024-10-21T12:06:39.137156502Z,AAPL,-228,-228,-44,-154,-400,-1,-50,-600,-5,-63,-1,-0.579710145,-0.111873888,-0.391558607,-1.017035342,-0.002542588,-0.127129418,-1.525553013,-0.012712942,-0.160183066,-0.002542588,0.468586343,0
2024-10-21T12:06:46.758024329Z,AAPL,0,0,0,200,0,0,0,0,0,0,0,0,0,0.483909993,0,0,0,0,0,0,0,-0.05078053,0
2024-10-21T12:06:46.812855420Z,AAPL,0,0,0,-200,0,0,0,0,0,0,0,0,0,-0.508517671,0,0,0,0,0,0,0,0.05336281,0
2024-10-21T12:06:46.812867723Z,AAPL,0,0,0,200,0,0,0,0,0,0,0,0,0,0.508517671,0,0,0,0,0,0,0,-0.05336281,0
2024-10-21T12:06:46.863385247Z,AAPL,0,0,0,0,0,-27,-10,-15,-110,-10,-110,0,0,0,0,-0.067398902,-0.024962556,-0.037443834,-0.274588118,-0.024962556,-0.274588118,0.065487881,0
2024-10-21T12:06:46.888617346Z,AAPL,0,0,0,0,26,0,0,0,0,0,0,0,0,0,0.064484127,0,0,0,0,0,0,-0.012298406,0
2024-10-21T12:06:48.285146479Z,AAPL,228,228,44,154,400,1,50,600,5,63,1,0.594834333,0.114792591,0.401774067,1.043569006,0.002608923,0.130446126,1.565353509,0.013044613,0.164362118,0.002608923,-0.480811397,0
2024-10-21T12:06:48.317330539Z,AAPL,-228,-228,-44,-154,-400,-1,-50,-600,-5,-63,-1,-0.56547619,-0.109126984,-0.381944444,-0.992063492,-0.002480159,-0.124007937,-1.488095238,-0.012400794,-0.15625,-0.002480159,0.457080875,0
2024-10-21T12:06:48.791506901Z,AAPL,-200,-200,-228,-44,-154,-400,-1,-50,-600,-5,-63,-0.501378792,-0.571571823,-0.110303334,-0.38606167,-1.002757583,-0.002506894,-0.125344698,-1.504136375,-0.01253447,-0.157934319,0.420042938,0
2024-10-21T12:06:48.791534978Z,AAPL,0,0,0,0,0,0,0,0,0,0,0,0,0,0,0,0,0,0,0,0,0,0,200
2024-10-21T12:06:48.791534978Z,AAPL,200,200,228,44,154,400,1,50,600,5,63,0.496031746,0.56547619,0.109126984,0.381944444,0.992063492,0.002480159,0.124007937,1.488095238,0.012400794,0.15625,-0.415563313,0
2024-10-21T12:06:48.791573564Z,AAPL,100,100,1200,1,200,531,10,15,110,10,110,0.248015873,2.976190476,0.002480159,0.496031746,1.316964286,0.024801587,0.037202381,0.27281746,0.024801587,0.27281746,-0.508509481,0
2024-10-21T12:06:48.791586310Z,AAPL,0,0,100,1200,1,200,531,10,15,110,10,0,0.248632521,2.983590254,0.002486325,0.497265042,1.320238687,0.024863252,0.037294878,0.273495773,0.024863252,-0.587553166,0
2024-10-21T12:06:48.893768793Z,AAPL,0,0,-100,-1200,-1,-200,-531,-10,-15,-110,-10,0,-0.248015873,-2.976190476,-0.002480159,-0.496031746,-1.316964286,-0.024801587,-0.037202381,-0.27281746,-0.024801587,0.586095941,0
2024-10-21T12:06:49.043764990Z,AAPL,-100,-100,-1200,-1,-200,-531,-10,-15,-110,-10,-110,-0.248015873,-2.976190476,-0.002480159,-0.496031746,-1.316964286,-0.024801587,-0.037202381,-0.27281746,-0.024801587,-0.27281746,0.508509481,0
2024-10-21T12:06:49.574441885Z,AAPL,0,0,200,-200,-531,-10,-15,-110,-10,-110,-100,0,0.489356496,-0.489356496,-1.299241497,-0.024467825,-0.036701737,-0.269146073,-0.024467825,-0.269146073,-0.244678248,0.351305054,0
2024-10-21T12:06:51.353578115Z,AAPL,0,0,-200,0,0,0,0,0,0,0,0,0,-0.514535632,0,0,0,0,0,0,0,0,0.032800752,0
2024-10-21T12:06:51.353591847Z,AAPL,0,0,0,200,531,10,15,110,10,110,100,0,0,0.496031746,1.316964286,0.024801587,0.037202381,0.27281746,0.024801587,0.27281746,0.248015873,-0.387718323,0
2024-10-21T12:06:53.388459101Z,AAPL,0,0,0,200,0,0,0,0,0,0,0,0,0,0.496031746,0,0,0,0,0,0,0,-0.052052562,0
2024-10-21T12:06:56.110160994Z,AAPL,100,100,1200,1,200,531,10,15,110,10,110,0.248015873,2.976190476,0.002480159,0.496031746,1.316964286,0.024801587,0.037202381,0.27281746,0.024801587,0.27281746,-0.508509481,0
2024-10-21T12:06:56.110195323Z,AAPL,228,228,44,154,400,1,50,600,5,63,1,0.594834333,0.114792591,0.401774067,1.043569006,0.002608923,0.130446126,1.565353509,0.013044613,0.164362118,0.002608923,-0.480811397,0
2024-10-21T12:06:56.110459619Z,AAPL,-100,-100,-1200,-1,-200,-531,-10,-15,-110,-10,-110,-0.260892252,-3.130707018,-0.002608923,-0.521784503,-1.385337855,-0.026089225,-0.039133838,-0.286981477,-0.026089225,-0.286981477,0.534910052,0
2024-10-21T12:06:56.110506828Z,AAPL,-200,-200,0,0,0,0,0,0,0,0,0,-0.495908753,0,0,0,0,0,0,0,0,0,0.009872916,0
2024-10-21T12:06:56.200078370Z,AAPL,0,0,0,200,0,0,0,0,0,0,0,0,0,0.472478148,0,0,0,0,0,0,0,-0.049580896,0
2024-10-21T12:06:56.253414674Z,AAPL,0,0,0,-200,0,0,0,0,0,0,0,0,0,-0.495908753,0,0,0,0,0,0,0,0.052039656,0
2024-10-21T12:06:56.253426681Z,AAPL,0,0,400,-200,-531,-10,-15,-110,-10,-110,-100,0,0.932835821,-0.46641791,-1.238339552,-0.023320896,-0.034981343,-0.256529851,-0.023320896,-0.256529851,-0.233208955,0.305104299,0
2024-10-21T12:06:56.253770667Z,AAPL,0,0,-200,0,0,0,0,0,0,0,0,0,-0.489236791,0,0,0,0,0,0,0,0,0.031187995,0
2024-10-21T12:06:56.253914719Z,AAPL,0,0,0,-26,0,0,0,0,0,0,0,0,0,-0.064007878,0,0,0,0,0,0,0,0.006716856,0
2024-10-21T12:06:56.254006802Z,AAPL,0,0,0,26,505,10,15,110,10,110,100,0,0,0.064468138,1.252169601,0.024795438,0.037193156,0.272749814,0.024795438,0.272749814,0.247954376,-0.330052329,0
2024-10-21T12:06:56.262048229Z,AAPL,0,0,-200,0,0,0,0,0,0,0,0,0,-0.521784503,0,0,0,0,0,0,0,0,0.033262855,0
2024-10-21T12:06:56.262061304Z,AAPL,0,0,0,0,400,505,10,15,110,10,110,0,0,0,0.967819985,1.221872732,0.0241955,0.036293249,0.266150496,0.0241955,0.266150496,-0.390466558,0
2024-10-21T12:06:56.280865568Z,AAPL,0,0,0,-26,-400,-505,-10,-15,-110,-10,-110,0,0,-0.061801759,-0.950796292,-1.200380319,-0.023769907,-0.035654861,-0.26146898,-0.023769907,-0.26146898,0.390083707,0
2024-10-21T12:06:56.343913221Z,AAPL,0,0,200,-400,-505,-10,-15,-110,-10,-110,-100,0,0.492368291,-0.984736583,-1.243229936,-0.024618415,-0.036927622,-0.27080256,-0.024618415,-0.27080256,-0.246184146,0.392927748,0
2024-10-21T12:06:57.181891624Z,AAPL,0,0,0,26,0,0,0,0,0,0,0,0,0,0.063600783,0,0,0,0,0,0,0,-0.006674137,0
2024-10-21T12:06:59.253990761Z,AAPL,0,0,200,0,0,0,0,0,0,0,0,0,0.46641791,0,0,0,0,0,0,0,0,-0.029733331,0
2024-10-21T12:06:59.254521031Z,AAPL,0,0,0,-26,0,0,0,0,0,0,0,0,0,-0.061004223,0,0,0,0,0,0,0,0.006401659,0
2024-10-21T12:06:59.254578130Z,AAPL,0,0,0,29,505,10,15,110,10,110,100,0,0,0.068460812,1.192162417,0.023607177,0.035410765,0.259678942,0.023607177,0.259678942,0.236071766,-0.31497856,0
2024-10-21T12:06:59.308464431Z,AAPL,0,0,-200,0,0,0,0,0,0,0,0,0,-0.495540139,0,0,0,0,0,0,0,0,0.031589822,0
2024-10-21T12:06:59.308477350Z,AAPL,200,200,-200,0,0,0,0,0,0,0,0,0.495540139,-0.495540139,0,0,0,0,0,0,0,0,0.021724245,0
2024-10-21T12:07:03.723636278Z,AAPL,-428,-428,-44,-154,-400,-1,-50,-600,-5,-63,-1,-1.060718711,-0.109045849,-0.381660471,-0.991325898,-0.002478315,-0.123915737,-1.486988848,-0.012391574,-0.156133829,-0.002478315,0.46660906,0
2024-10-21T12:07:06.239446409Z,AAPL,-200,-200,0,0,0,0,0,0,0,0,0,-0.521512386,0,0,0,0,0,0,0,0,0,0.010382652,0
2024-10-21T12:07:06.347474732Z,AAPL,200,200,0,0,0,0,0,0,0,0,0,0.495662949,0,0,0,0,0,0,0,0,0,-0.009868022,0
2024-10-21T12:07:21.424028257Z,AAPL,228,228,44,154,400,1,50,600,5,63,1,0.594369135,0.114702815,0.401459854,1.042752868,0.002606882,0.130344108,1.564129301,0.013034411,0.164233577,0.002606882,-0.480435372,0
2024-10-21T12:07:21.424041784Z,AAPL,0,0,-44,-154,-400,-1,-50,-600,-5,-63,-1,0,-0.109045849,-0.381660471,-0.991325898,-0.002478315,-0.123915737,-1.486988848,-0.012391574,-0.156133829,-0.002478315,0.445491492,0
2024-10-21T12:07:21.478349682Z,AAPL,200,200,1200,1,29,505,10,15,110,10,110,0.508259212,3.049555273,0.002541296,0.073697586,1.283354511,0.025412961,0.038119441,0.279542567,0.025412961,0.279542567,-0.435088548,0
2024-10-21T12:07:21.488058823Z,AAPL,0,0,0,0,-29,-505,-10,-15,-110,-10,-110,0,0,0,-0.072391413,-1.260609086,-0.024962556,-0.037443834,-0.274588118,-0.024962556,-0.274588118,0.226217536,0
2024-10-21T12:07:21.488100749Z,AAPL,0,0,0,0,26,505,10,15,110,10,110,0,0,0,0.06612411,1.284333672,0.02543235,0.038148525,0.279755849,0.02543235,0.279755849,-0.2290198,0
2024-10-21T12:07:21.502492836Z,AAPL,28,28,0,0,0,0,0,0,0,0,0,0.071721311,0,0,0,0,0,0,0,0,0,-0.001427881,0
2024-10-21T12:07:21.502548349Z,AAPL,0,0,0,-44,-154,-400,-1,-50,-600,-5,-63,0,0,-0.113783295,-0.398241531,-1.034393587,-0.002585984,-0.129299198,-1.55159038,-0.01292992,-0.16291699,0.385411889,0
2024-10-21T12:07:24.037331253Z,AAPL,-200,-200,26,44,154,400,1,50,600,5,63,-0.508905852,0.066157761,0.111959288,0.391857506,1.017811705,0.002544529,0.127226463,1.526717557,0.012722646,0.160305344,-0.373319301,0
2024-10-21T12:07:24.051643239Z,AAPL,0,0,44,154,400,1,50,600,5,63,1,0,0.112676056,0.394366197,1.024327785,0.002560819,0.128040973,1.536491677,0.012804097,0.161331626,0.002560819,-0.460322195,0
2024-10-21T12:07:24.051685450Z,AAPL,0,0,-44,-154,-400,-1,-50,-600,-5,-63,-1,0,-0.111959288,-0.391857506,-1.017811705,-0.002544529,-0.127226463,-1.526717557,-0.012722646,-0.160305344,-0.002544529,0.457393937,0
2024-10-21T12:07:31.492189570Z,AAPL,-400,-400,-26,-44,-154,-400,-1,-50,-600,-5,-63,-1.034393587,-0.067235583,-0.113783295,-0.398241531,-1.034393587,-0.002585984,-0.129299198,-1.55159038,-0.01292992,-0.16291699,0.410291508,0
2024-10-21T12:07:31.505459563Z,AAPL,0,0,0,44,154,400,1,50,600,5,63,0,0,0.112704918,0.394467213,1.024590164,0.002561475,0.12807377,1.536885246,0.012807377,0.161372951,-0.381759164,0
2024-10-21T12:07:31.506518669Z,AAPL,0,0,0,-44,-154,-400,-1,-50,-600,-5,-63,0,0,-0.11369509,-0.397932817,-1.033591731,-0.002583979,-0.129198966,-1.550387597,-0.012919897,-0.162790698,0.38511312,0
2024-10-21T12:07:32.030551990Z,AAPL,-200,-200,-1200,-1,-26,-505,-10,-15,-110,-10,-110,-0.530503979,-3.183023873,-0.00265252,-0.068965517,-1.339522546,-0.026525199,-0.039787798,-0.291777188,-0.026525199,-0.291777188,0.452613219,0
2024-10-21T12:07:32.030564032Z,AAPL,0,0,200,1,26,505,10,15,110,10,110,0,0.516795866,0.002583979,0.067183463,1.304909561,0.025839793,0.03875969,0.284237726,0.025839793,0.284237726,-0.265904847,0
2024-10-21T12:07:33.189588145Z,AAPL,200,200,-200,-1,-26,-505,-10,-15,-110,-10,-110,0.503778338,-0.503778338,-0.002518892,-0.065491184,-1.272040302,-0.025188917,-0.037783375,-0.277078086,-0.025188917,-0.277078086,0.249177402,0
2024-10-21T12:07:34.413504555Z,AAPL,200,200,1200,1,26,505,10,15,110,10,110,0.516795866,3.100775194,0.002583979,0.067183463,1.304909561,0.025839793,0.03875969,0.284237726,0.025839793,0.284237726,-0.440917787,0
2024-10-21T12:07:51.491296294Z,AAPL,0,0,0,0,0,0,0,0,0,0,0,0,0,0,0,0,0,0,0,0,0,0,0
2024-10-21T12:07:51.491296294Z,AAPL,0,0,0,0,0,0,0,0,0,0,0,0,0,0,0,0,0,0,0,0,0,0,0
2024-10-21T12:07:51.493462211Z,AAPL,0,0,0,0,0,0,0,0,0,0,0,0,0,0,0,0,0,0,0,0,0,0,0
2024-10-21T12:07:51.493723176Z,AAPL,100,100,200,1200,1,26,505,10,15,110,10,0.259067358,0.518134715,3.10880829,0.002590674,0.067357513,1.308290155,0.025906736,0.038860104,0.284974093,0.025906736,-0.569826066,0
2024-10-21T12:07:51.493724386Z,AAPL,0,0,100,200,1200,1,26,505,10,15,110,0,0.253164557,0.506329114,3.037974684,0.002531646,0.065822785,1.278481013,0.025316456,0.037974684,0.278481013,-0.840627007,0
2024-10-21T12:07:51.493756947Z,AAPL,200,200,29,44,154,400,1,50,600,5,63,0.524521374,0.076055599,0.115394702,0.403881458,1.049042748,0.002622607,0.131130344,1.573564123,0.013113034,0.165224233,-0.406161091,0
2024-10-21T12:07:51.494118408Z,AAPL,-100,-100,-100,-200,-1200,-1,-26,-505,-10,-15,-110,-0.268600591,-0.268600591,-0.537201182,-3.223207091,-0.002686006,-0.069836154,-1.356432984,-0.026860059,-0.040290089,-0.29546065,0.897229496,0
2024-10-21T12:07:51.502398180Z,AAPL,-100,-100,-200,-1200,-1,-26,-505,-10,-15,-110,-10,-0.267881061,-0.535762122,-3.21457273,-0.002678811,-0.069649076,-1.352799357,-0.026788106,-0.040182159,-0.294669167,-0.026788106,0.589212059,0
2024-10-21T12:07:51.568012126Z,AAPL,200,200,0,0,0,0,0,0,0,0,0,0.508517671,0,0,0,0,0,0,0,0,0,-0.010123943,0
2024-10-21T12:07:51.600943259Z,AAPL,0,0,0,0,-154,-400,-1,-50,-600,-5,-63,0,0,0,-0.378378378,-0.982800983,-0.002457002,-0.122850123,-1.474201474,-0.012285012,-0.154791155,0.354843997,0
2024-10-21T12:07:51.615820733Z,AAPL,0,0,0,0,154,400,1,50,600,5,63,0,0,0,0.391558607,1.017035342,0.002542588,0.127129418,1.525553013,0.012712942,0.160183066,-0.367204442,0
2024-10-21T12:07:51.619802962Z,AAPL,0,0,0,0,-26,-505,-10,-15,-110,-10,-110,0,0,0,-0.064886449,-1.260294485,-0.024956326,-0.03743449,-0.274519591,-0.024956326,-0.274519591,0.22473318,0
2024-10-21T12:07:51.619884656Z,AAPL,0,0,0,28,1,505,10,15,110,10,110,0,0,0.07115629,0.002541296,1.283354511,0.025412961,0.038119441,0.279542567,0.025412961,0.279542567,-0.224195301,0
2024-10-21T12:07:51.619898253Z,AAPL,0,0,44,154,400,1,50,600,5,63,1,0,0.112618377,0.39416432,1.02380343,0.002559509,0.127975429,1.535705145,0.012797543,0.16124904,0.002559509,-0.460086555,0
2024-10-21T12:07:51.619921024Z,AAPL,28,28,400,1200,28,1,505,10,15,110,10,0.073202614,1.045751634,3.137254902,0.073202614,0.002614379,1.320261438,0.026143791,0.039215686,0.287581699,0.026143791,-0.610039752,0
2024-10-21T12:07:51.619959682Z,AAPL,0,0,0,0,-400,-1,-50,-600,-5,-63,-1,0,0,0,-1.037882719,-0.002594707,-0.12973534,-1.556824079,-0.012973534,-0.163466528,-0.002594707,0.417204066,0
2024-10-21T12:07:51.628191317Z,AAPL,0,0,-200,0,0,0,0,0,0,0,0,0,-0.547345375,0,0,0,0,0,0,0,0,0.034892316,0
2024-10-21T12:07:51.628201644Z,AAPL,0,0,-200,-1200,-28,-1,-505,-10,-15,-110,-10,0,-0.561167228,-3.367003367,-0.078563412,-0.002805836,-1.41694725,-0.028058361,-0.042087542,-0.308641975,-0.028058361,0.617376847,0
2024-10-21T12:07:51.628212387Z,AAPL,0,0,0,0,200,1,505,10,15,110,10,0,0,0,0.547345375,0.002736727,1.382047072,0.027367269,0.041050903,0.301039956,0.027367269,-0.312429449,0
2024-10-21T12:07:51.686536494Z,AAPL,0,0,0,-200,0,0,0,0,0,0,0,0,0,-0.51894136,0,0,0,0,0,0,0,0.05445665,0
2024-10-21T12:07:51.794799198Z,AAPL,0,0,0,0,200,0,0,0,0,0,0,0,0,0,0.51894136,0,0,0,0,0,0,-0.098972445,0
2024-10-21T12:07:51.814032926Z,AAPL,0,0,200,1200,28,0,0,0,0,0,0,0,0.51894136,3.113648158,0.07265179,0,0,0,0,0,0,-0.373677655,0
2024-10-21T12:07:52.076548886Z,AAPL,0,0,0,0,0,0,0,0,0,0,0,0,0,0,0,0,0,0,0,0,0,0,0
2024-10-21T12:07:52.076590310Z,AAPL,5,5,28,200,1200,28,1,505,10,15,110,0.012990387,0.072746168,0.519615485,3.117692907,0.072746168,0.002598077,1.312029098,0.025980774,0.038971161,0.285788516,-0.851408862,0
2024-10-21T12:07:52.083763088Z,AAPL,-5,-5,-28,-200,-1200,-28,-1,-505,-10,-15,-110,-0.012973534,-0.07265179,-0.51894136,-3.113648158,-0.07265179,-0.002594707,-1.310326933,-0.025947068,-0.038920602,-0.285417748,0.850304284,0
2024-10-21T12:07:52.139320651Z,AAPL,0,0,0,0,-28,-1,-505,-10,-15,-110,-10,0,0,0,-0.071138211,-0.00254065,-1.283028455,-0.025406504,-0.038109756,-0.279471545,-0.025406504,0.206701976,0
2024-10-21T12:07:52.139355221Z,AAPL,-28,-28,-200,-1200,-1,-505,-10,-15,-110,-10,-110,-0.069860279,-0.499001996,-2.994011976,-0.00249501,-1.25998004,-0.0249501,-0.03742515,-0.274451098,-0.0249501,-0.274451098,0.560167773,0
2024-10-21T12:07:52.139430957Z,AAPL,0,0,29,0,0,0,0,0,0,0,0,0,0.071835521,0,0,0,0,0,0,0,0,-0.00457939,0
2024-10-21T12:07:52.330233710Z,AAPL,0,0,0,0,0,0,0,0,0,0,0,0,0,0,0,0,0,0,0,0,0,0,0
2024-10-21T12:07:52.330267041Z,AAPL,5,5,200,1229,1,505,10,15,110,10,110,0.012683917,0.507356672,3.117706748,0.002536783,1.281075596,0.025367834,0.03805175,0.279046169,0.025367834,0.279046169,-0.576104879,0
2024-10-21T12:07:52.333762726Z,AAPL,-5,-5,-200,-1229,-1,-505,-10,-15,-110,-10,-110,-0.012385435,-0.495417389,-3.044339856,-0.002477087,-1.250928908,-0.024770869,-0.037156304,-0.272479564,-0.024770869,-0.272479564,0.562547791,0
2024-10-21T12:07:53.654833970Z,AAPL,0,0,0,0,0,0,0,0,0,0,0,0,0,0,0,0,0,0,0,0,0,0,0
2024-10-21T12:07:53.654870612Z,AAPL,5,5,200,1229,1,505,10,15,110,10,110,0.012683917,0.507356672,3.117706748,0.002536783,1.281075596,0.025367834,0.03805175,0.279046169,0.025367834,0.279046169,-0.576104879,0
2024-10-21T12:07:53.663763591Z,AAPL,-5,-5,-200,-1229,-1,-505,-10,-15,-110,-10,-110,-0.012385435,-0.495417389,-3.044339856,-0.002477087,-1.250928908,-0.024770869,-0.037156304,-0.272479564,-0.024770869,-0.272479564,0.562547791,0
2024-10-21T12:07:54.619783229Z,AAPL,200,200,0,0,0,0,0,0,0,0,0,0.472032098,0,0,0,0,0,0,0,0,0,-0.009397562,0
2024-10-21T12:07:54.619937567Z,AAPL,0,0,0,200,0,0,0,0,0,0,0,0,0,0.495417389,0,0,0,0,0,0,0,-0.051988093,0
2024-10-21T12:07:54.619949131Z,AAPL,0,0,0,0,-30,-400,-1,-50,-600,-5,-63,0,0,0,-0.068587106,-0.914494742,-0.002286237,-0.114311843,-1.371742112,-0.011431184,-0.144032922,0.276113944,0
2024-10-21T12:07:54.620382308Z,AAPL,29,29,400,1229,1,505,10,15,110,10,110,0.067394841,0.929584011,2.856146874,0.00232396,1.173599814,0.0232396,0.0348594,0.255635603,0.0232396,0.255635603,-0.558512678,0
2024-10-21T12:07:54.620490674Z,AAPL,0,0,0,0,0,400,1,50,600,5,63,0,0,0,0,0.922509225,0.002306273,0.115313653,1.383763838,0.011531365,0.145295203,-0.265338197,0
2024-10-21T12:07:54.620533693Z,AAPL,0,0,0,0,0,-400,-1,-50,-600,-5,-63,0,0,0,0,-0.930016275,-0.002325041,-0.116252034,-1.395024413,-0.011625203,-0.146477563,0.267497424,0
2024-10-21T12:07:54.677762815Z,AAPL,0,0,-200,0,0,0,0,0,0,0,0,0,-0.48768593,0,0,0,0,0,0,0,0,0.03108913,0
2024-10-21T12:07:54.677774981Z,AAPL,200,200,29,0,0,0,0,0,0,0,0,0.48768593,0.07071446,0,0,0,0,0,0,0,0,-0.014217134,0
2024-10-21T12:07:54.740560308Z,AAPL,0,0,-29,-1229,-1,-505,-10,-15,-110,-10,-110,0,-0.069511026,-2.945829338,-0.002396932,-1.210450623,-0.023969319,-0.035953979,-0.263662512,-0.023969319,-0.263662512,0.517977102,0
2024-10-21T12:07:54.740591753Z,AAPL,0,0,-29,0,0,0,0,0,0,0,0,0,-0.069997586,0,0,0,0,0,0,0,0,0.004462224,0
2024-10-21T12:07:54.740668620Z,AAPL,0,0,29,1200,1,505,10,15,110,10,110,0,0.071218075,2.946954813,0.002455796,1.240176817,0.024557957,0.036836935,0.270137525,0.024557957,0.270137525,-0.523224082,0
2024-10-21T12:07:57.005348310Z,AAPL,0,0,0,0,0,0,0,0,0,0,0,0,0,0,0,0,0,0,0,0,0,0,0
2024-10-21T12:07:57.005348926Z,AAPL,0,0,0,0,0,0,0,0,0,0,0,0,0,0,0,0,0,0,0,0,0,0,0
2024-10-21T12:07:57.005648252Z,AAPL,100,100,200,29,1200,1,505,10,15,110,10,0.246184146,0.492368291,0.071393402,2.954209749,0.002461841,1.243229936,0.024618415,0.036927622,0.27080256,0.024618415,-0.794350932,0
2024-10-21T12:07:57.006073356Z,AAPL,-100,-100,-200,-29,-1200,-1,-505,-10,-15,-110,-10,-0.245579568,-0.491159136,-0.071218075,-2.946954813,-0.002455796,-1.240176817,-0.024557957,-0.036836935,-0.270137525,-0.024557957,0.792400168,0
2024-10-21T12:07:57.069351091Z,AAPL,0,0,0,0,200,0,0,0,0,0,0,0,0,0,0.516528926,0,0,0,0,0,0,-0.098512346,0
2024-10-21T12:07:57.258842550Z,AAPL,0,0,0,0,0,0,0,0,0,0,0,0,0,0,0,0,0,0,0,0,0,0,0
2024-10-21T12:07:58.008823092Z,AAPL,0,0,0,0,0,0,0,0,0,0,0,0,0,0,0,0,0,0,0,0,0,0,50
2024-10-21T12:07:58.008823092Z,AAPL,50,50,0,0,0,0,0,0,0,0,0,0.130821559,0,0,0,0,0,0,0,0,0,-0.002604492,0
2024-10-21T12:07:58.008889077Z,AAPL,0,0,0,0,28,400,1,50,600,5,63,0,0,0,0.075983718,1.085481682,0.002713704,0.13568521,1.628222524,0.013568521,0.170963365,-0.326705019,0
2024-10-21T12:07:58.036947209Z,AAPL,0,0,0,0,-28,-400,-1,-50,-600,-5,-63,0,0,0,-0.073260073,-1.046572475,-0.002616431,-0.130821559,-1.569858713,-0.013082156,-0.164835165,0.314994242,0
2024-10-21T12:07:58.162656656Z,AAPL,0,0,0,0,-200,0,0,0,0,0,0,0,0,0,-0.497265042,0,0,0,0,0,0,0.09483834,0
2024-10-21T12:08:07.337716526Z,AAPL,200,200,0,0,0,0,0,0,0,0,0,0.497265042,0,0,0,0,0,0,0,0,0,-0.009899918,0
2024-10-21T12:08:07.341475627Z,AAPL,0,0,29,29,1200,1,505,10,15,110,10,0,0.073585384,0.073585384,3.044912459,0.002537427,1.28140066,0.02537427,0.038061406,0.279116975,0.02537427,-0.786027715,0
2024-10-21T12:08:07.343053018Z,AAPL,0,0,0,-29,-1200,-1,-505,-10,-15,-110,-10,0,0,-0.072103431,-2.983590254,-0.002486325,-1.255594232,-0.024863252,-0.037294878,-0.273495773,-0.024863252,0.76560125,0
2024-10-21T12:08:11.980882050Z,AAPL,0,0,0,0,0,0,0,0,0,0,0,0,0,0,0,0,0,0,0,0,0,0,56
2024-10-21T12:08:11.980882050Z,AAPL,0,0,0,0,0,0,0,0,0,0,0,0,0,0,0,0,0,0,0,0,0,0,56
2024-10-21T12:08:11.980882050Z,AAPL,56,56,0,0,0,0,0,0,0,0,0,0.141200202,0,0,0,0,0,0,0,0,0,-0.002811117,0
2024-10-21T12:08:22.863309742Z,AAPL,-200,-200,-29,-1200,-1,-505,-10,-15,-110,-10,-110,-0.517330574,-0.075012933,-3.103983445,-0.002586653,-1.3062597,-0.025866529,-0.038799793,-0.284531816,-0.025866529,-0.284531816,0.5614035,0
2024-10-21T12:08:22.863323283Z,AAPL,0,0,400,1200,1,505,10,15,110,10,110,0,0.960153625,2.880460874,0.002400384,1.212193951,0.024003841,0.036005761,0.264042247,0.024003841,0.264042247,-0.568188793,0
2024-10-21T12:08:22.881949837Z,AAPL,-29,-29,-400,-1200,-1,-505,-10,-15,-110,-10,-110,-0.068444654,-0.944064196,-2.832192589,-0.00236016,-1.191881048,-0.023601605,-0.035402407,-0.259617654,-0.023601605,-0.259617654,0.56003022,0
2024-10-21T12:08:22.881992297Z,AAPL,0,0,30,1200,1,505,10,15,110,10,110,0,0.07199424,2.879769618,0.002399808,1.211903048,0.02399808,0.03599712,0.263978882,0.02399808,0.263978882,-0.51144851,0
2024-10-21T12:08:22.934444989Z,AAPL,-200,-200,0,0,0,0,0,0,0,0,0,-0.504159314,0,0,0,0,0,0,0,0,0,0.010037174,0
2024-10-21T12:08:25.917764011Z,AAPL,200,200,0,0,0,0,0,0,0,0,0,0.504159314,0,0,0,0,0,0,0,0,0,-0.010037174,0
2024-10-21T12:08:36.931191504Z,AAPL,0,0,0,0,200,0,0,0,0,0,0,0,0,0,0.530926467,0,0,0,0,0,0,-0.101258243,0
2024-10-21T12:08:36.931201585Z,AAPL,0,0,0,0,28,400,1,50,600,5,63,0,0,0,0.077134986,1.101928375,0.002754821,0.137741047,1.652892562,0.013774105,0.173553719,-0.331655095,0
2024-10-21T12:08:36.931212780Z,AAPL,0,0,0,0,-28,-400,-1,-50,-600,-5,-63,0,0,0,-0.070582304,-1.008318629,-0.002520797,-0.126039829,-1.512477943,-0.012603983,-0.158810184,0.303480714,0
2024-10-21T12:08:36.985980884Z,AAPL,200,200,0,0,0,0,0,0,0,0,0,0.504159314,0,0,0,0,0,0,0,0,0,-0.010037174,0
2024-10-21T12:08:37.008605354Z,AAPL,0,0,28,30,1200,1,505,10,15,110,10,0,0.072072072,0.077220077,3.088803089,0.002574003,1.2998713,0.025740026,0.038610039,0.283140283,0.025740026,-0.797463866,0
2024-10-21T12:08:37.008657827Z,AAPL,0,0,0,-30,-1200,-1,-505,-10,-15,-110,-10,0,0,-0.075662043,-3.026481715,-0.002522068,-1.273644388,-0.025220681,-0.037831021,-0.277427491,-0.025220681,0.776872032,0
2024-10-21T12:08:37.017706043Z,AAPL,0,0,0,0,0,-28,-400,-1,-50,-600,-5,0,0,0,0,-0.070228242,-1.003260597,-0.002508151,-0.125407575,-1.504890895,-0.012540757,0.263219283,0
2024-10-21T12:08:37.017734583Z,AAPL,0,0,0,0,0,0,400,1,50,600,5,0,0,0,0,0,1.009081736,0.002522704,0.126135217,1.513622603,0.012613522,-0.256048973,0
2024-10-21T12:08:37.054120455Z,AAPL,0,0,0,0,-400,0,0,0,0,0,0,0,0,0,-1.062699256,0,0,0,0,0,0,0.202677897,0
2024-10-21T12:08:37.140123992Z,AAPL,0,0,0,0,-200,0,0,0,0,0,0,0,0,0,-0.531349628,0,0,0,0,0,0,0.101338949,0
2024-10-21T12:08:37.210561446Z,AAPL,-200,-200,-28,-1200,-1,-505,-10,-15,-110,-10,-110,-0.545851528,-0.076419214,-3.27510917,-0.002729258,-1.378275109,-0.027292576,-0.040938865,-0.300218341,-0.027292576,-0.300218341,0.592180253,0
2024-10-21T12:08:37.210572545Z,AAPL,200,200,28,1200,1,505,10,15,110,10,110,0.531349628,0.074388948,3.188097768,0.002656748,1.341657811,0.026567481,0.039851222,0.292242295,0.026567481,0.292242295,-0.576447515,0
2024-10-21T12:08:37.269320274Z,AAPL,0,0,0,0,-200,0,0,0,0,0,0,0,0,0,-0.531349628,0,0,0,0,0,0,0.101338949,0
2024-10-21T12:08:37.922862859Z,AAPL,0,0,0,0,0,400,1,50,600,5,63,0,0,0,0,1.052631579,0.002631579,0.131578947,1.578947368,0.013157895,0.165789474,-0.302764848,0
2024-10-21T12:08:37.922947266Z,AAPL,0,0,0,0,0,-400,-1,-50,-600,-5,-63,0,0,0,0,-1.062134891,-0.002655337,-0.132766861,-1.593202337,-0.013276686,-0.167286245,0.305498253,0
2024-10-21T12:08:38.864074729Z,AAPL,-94,-94,-44,-154,-200,-29,-400,-1,-50,-600,-5,-0.243460243,-0.113960114,-0.398860399,-0.518000518,-0.075110075,-1.036001036,-0.002590003,-0.12950013,-1.554001554,-0.012950013,0.424888455,0
2024-10-21T12:08:38.864096354Z,AAPL,-200,-200,-28,-1200,-1,-505,-10,-15,-110,-10,-110,-0.531773465,-0.074448285,-3.190640787,-0.002658867,-1.342727998,-0.026588673,-0.03988301,-0.292475405,-0.026588673,-0.292475405,0.576907324,0
2024-10-21T12:08:38.864439490Z,AAPL,94,94,44,154,200,29,400,1,50,600,5,0.256410256,0.120021822,0.420076378,0.545553737,0.079105292,1.091107474,0.002727769,0.136388434,1.636661211,0.013638843,-0.447488904,0
2024-10-21T12:08:38.972450149Z,AAPL,200,200,28,1200,1,505,10,15,110,10,110,0.531067446,0.074349442,3.186404673,0.002655337,1.3409453,0.026553372,0.039830058,0.292087095,0.026553372,0.292087095,-0.576141382,0
2024-10-21T12:08:38.985809168Z,AAPL,0,0,0,-200,29,400,1,50,600,5,63,0,0,-0.52232959,0.075737791,1.04465918,0.002611648,0.130582397,1.56698877,0.01305824,0.164533821,-0.260104273,0
2024-10-21T12:08:39.004863316Z,AAPL,0,0,0,200,0,0,0,0,0,0,0,0,0,0.55111601,0,0,0,0,0,0,0,-0.057832993,0
2024-10-21T12:08:39.004876187Z,AAPL,0,0,0,0,-29,-400,-1,-50,-600,-5,-63,0,0,0,-0.07700478,-1.062134891,-0.002655337,-0.132766861,-1.593202337,-0.013276686,-0.167286245,0.320184597,0
2024-10-21T12:08:39.005322111Z,AAPL,29,29,200,28,1200,1,505,10,15,110,10,0.078697422,0.542740841,0.075983718,3.256445047,0.002713704,1.370420624,0.027137042,0.040705563,0.298507463,0.027137042,-0.871497667,0
2024-10-21T12:08:39.005350151Z,AAPL,0,0,0,-28,-1200,-1,-505,-10,-15,-110,-10,0,0,-0.074329705,-3.1855588,-0.002654632,-1.340589328,-0.026546323,-0.039819485,-0.292009557,-0.026546323,0.817148619,0
2024-10-21T12:08:39.007699591Z,AAPL,0,0,0,0,29,400,1,50,600,5,63,0,0,0,0.079889807,1.101928375,0.002754821,0.137741047,1.652892562,0.013774105,0.173553719,-0.332180494,0
2024-10-21T12:08:39.007712438Z,AAPL,0,0,0,0,-29,-400,-1,-50,-600,-5,-63,0,0,0,-0.073103101,-1.008318629,-0.002520797,-0.126039829,-1.512477943,-0.012603983,-0.158810184,0.30396148,0
2024-10-21T12:08:39.069736562Z,AAPL,200,200,-200,-1200,-1,-505,-10,-15,-110,-10,-110,0.49176297,-0.49176297,-2.950577821,-0.002458815,-1.2417015,-0.024588149,-0.036882223,-0.270469634,-0.024588149,-0.270469634,0.540880383,0
2024-10-21T12:08:39.162773976Z,AAPL,200,200,29,1200,1,505,10,15,110,10,110,0.504159314,0.073103101,3.024955886,0.002520797,1.273002269,0.025207966,0.037811949,0.277287623,0.025207966,0.277287623,-0.547110141,0
2024-10-21T12:08:41.638527966Z,AAPL,200,200,0,0,0,0,0,0,0,0,0,0.504159314,0,0,0,0,0,0,0,0,0,-0.010037174,0
2024-10-21T12:08:41.645312053Z,AAPL,0,0,28,29,1200,1,505,10,15,110,10,0,0.072072072,0.074646075,3.088803089,0.002574003,1.2998713,0.025740026,0.038610039,0.283140283,0.025740026,-0.797193756,0
2024-10-21T12:08:41.701297052Z,AAPL,0,0,-28,-29,-1200,-1,-505,-10,-15,-110,-10,0,-0.070582304,-0.073103101,-3.024955886,-0.002520797,-1.273002269,-0.025207966,-0.037811949,-0.277287623,-0.025207966,0.780715337,0
2024-10-21T12:08:41.701320255Z,AAPL,0,0,-29,-1200,-1,-505,-10,-15,-110,-10,-110,0,-0.071817732,-2.971768202,-0.002476474,-1.250619118,-0.024764735,-0.037147103,-0.272412085,-0.024764735,-0.272412085,0.527629634,0
2024-10-21T12:08:41.701391064Z,AAPL,0,0,30,1200,1,505,10,15,110,10,110,0,0.075604839,3.024193548,0.002520161,1.272681452,0.025201613,0.037802419,0.277217742,0.025201613,0.277217742,-0.537098272,0
2024-10-21T12:08:44.045776235Z,AAPL,0,0,0,0,0,0,0,0,0,0,0,0,0,0,0,0,0,0,0,0,0,0,0
2024-10-21T12:08:44.045776717Z,AAPL,44,44,154,400,29,400,1,50,600,5,63,0.111760224,0.391160782,1.016002032,0.073660147,1.016002032,0.002540005,0.127000254,1.524003048,0.012700025,0.16002032,-0.440055682,0
2024-10-21T12:08:44.045799937Z,AAPL,100,100,200,30,1200,1,505,10,15,110,10,0.254647313,0.509294627,0.076394194,3.055767762,0.002546473,1.285968933,0.025464731,0.038197097,0.280112045,0.025464731,-0.821925863,0
2024-10-21T12:08:44.045814276Z,AAPL,0,0,100,200,30,1200,1,505,10,15,110,0,0.248941997,0.497883993,0.074682599,2.987303958,0.00248942,1.257157082,0.0248942,0.037341299,0.273836196,-0.630736427,0
2024-10-21T12:08:44.045826034Z,AAPL,-100,-100,0,0,0,0,0,0,0,0,0,-0.251635632,0,0,0,0,0,0,0,0,0,0.005009747,0
2024-10-21T12:08:44.045839714Z,AAPL,0,0,-100,0,0,0,0,0,0,0,0,0,-0.254388196,0,0,0,0,0,0,0,0,0.016216805,0
2024-10-21T12:08:44.046075488Z,AAPL,100,100,57,57,200,30,1200,1,505,10,15,0.25503698,0.145371079,0.145371079,0.510073961,0.076511094,3.060443764,0.00255037,1.287936751,0.025503698,0.038255547,-0.646249857,0
2024-10-21T12:08:44.046577511Z,AAPL,-100,-100,-57,-57,-200,-30,-1200,-1,-505,-10,-15,-0.254388196,-0.145001272,-0.145001272,-0.508776393,-0.076316459,-3.052658357,-0.002543882,-1.284660392,-0.02543882,-0.038158229,0.644605873,0
2024-10-21T12:08:44.062697315Z,AAPL,0,0,0,0,0,0,0,0,0,0,0,0,0,0,0,0,0,0,0,0,0,0,0
2024-10-21T12:08:44.062714891Z,AAPL,0,0,0,0,0,0,0,0,0,0,0,0,0,0,0,0,0,0,0,0,0,0,0
2024-10-21T12:08:44.062714891Z,AAPL,0,0,0,0,0,0,0,0,0,0,0,0,0,0,0,0,0,0,0,0,0,0,0
2024-10-21T12:08:44.070991133Z,AAPL,0,0,0,0,0,0,0,0,0,0,0,0,0,0,0,0,0,0,0,0,0,0,0
2024-10-21T12:08:44.071001755Z,AAPL,100,100,57,57,200,30,1200,1,505,10,15,0.25503698,0.145371079,0.145371079,0.510073961,0.076511094,3.060443764,0.00255037,1.287936751,0.025503698,0.038255547,-0.646249857,0
2024-10-21T12:08:44.071247115Z,AAPL,-100,-100,-57,-57,-200,-30,-1200,-1,-505,-10,-15,-0.254388196,-0.145001272,-0.145001272,-0.508776393,-0.076316459,-3.052658357,-0.002543882,-1.284660392,-0.02543882,-0.038158229,0.644605873,0
2024-10-21T12:08:44.078717275Z,AAPL,0,0,0,0,0,0,0,0,0,0,0,0,0,0,0,0,0,0,0,0,0,0,167
2024-10-21T12:08:44.078717275Z,AAPL,0,0,0,0,0,0,0,0,0,0,0,0,0,0,0,0,0,0,0,0,0,0,167
2024-10-21T12:08:44.078717275Z,AAPL,0,0,0,0,0,0,0,0,0,0,0,0,0,0,0,0,0,0,0,0,0,0,167
2024-10-21T12:08:44.078717275Z,AAPL,4,4,0,0,0,0,0,0,0,0,0,0.010185893,0,0,0,0,0,0,0,0,0,-0.000202788,163
2024-10-21T12:08:44.078717275Z,AAPL,9,9,0,0,0,0,0,0,0,0,0,0.022970904,0,0,0,0,0,0,0,0,0,-0.000457322,158
2024-10-21T12:08:44.078717275Z,AAPL,154,154,400,29,400,1,50,600,5,63,1,0.396090535,1.028806584,0.074588477,1.028806584,0.002572016,0.128600823,1.543209877,0.012860082,0.162037037,0.002572016,-0.494853132,13
2024-10-21T12:08:44.078746374Z,AAPL,100,100,57,57,200,30,1200,1,505,10,15,0.257864879,0.146982981,0.146982981,0.515729758,0.077359464,3.094378546,0.002578649,1.302217638,0.025786488,0.038679732,-0.653415598,0
2024-10-21T12:08:44.078758339Z,AAPL,0,0,57,100,57,57,200,30,1200,1,505,0,0.142144638,0.249376559,0.142144638,0.142144638,0.498753117,0.074812968,2.992518703,0.002493766,1.259351621,-0.526594419,0
2024-10-21T12:08:44.078760028Z,AAPL,0,0,0,100,0,0,0,0,0,0,0,0,0,0.243309002,0,0,0,0,0,0,0,-0.025532352,0
2024-10-21T12:08:44.078772524Z,AAPL,-100,-100,-57,-200,0,0,0,0,0,0,0,-0.245881485,-0.140152447,-0.49176297,0,0,0,0,0,0,0,0.06543427,0
2024-10-21T12:08:44.078783923Z,AAPL,0,0,-200,-57,-57,-57,-200,-30,-1200,-1,-505,0,-0.515862781,-0.147020892,-0.147020892,-0.147020892,-0.515862781,-0.077379417,-3.095176683,-0.002579314,-1.302553521,0.556533481,0
2024-10-21T12:08:44.115212449Z,AAPL,0,0,0,400,1,50,600,5,63,1,2000,0,0,0.683994528,0.001709986,0.085499316,1.025991792,0.008549932,0.107729138,0.001709986,3.41997264,-0.5087063,0
2024-10-21T12:08:44.115267046Z,AAPL,0,0,0,-29,0,0,0,0,0,0,0,0,0,-0.049344904,0,0,0,0,0,0,0,0.005178154,0
2024-10-21T12:08:44.149196088Z,AAPL,0,0,0,0,-57,-200,-30,-1200,-1,-505,-10,0,0,0,-0.097686375,-0.342759212,-0.051413882,-2.05655527,-0.001713796,-0.865467009,-0.017137961,0.384011035,0
2024-10-21T12:08:44.179409160Z,AAPL,0,0,-57,-57,-200,-30,-1200,-1,-505,-10,-15,0,-0.096807065,-0.096807065,-0.339673913,-0.050951087,-2.038043478,-0.00169837,-0.85767663,-0.016983696,-0.025475543,0.426976385,0
2024-10-21T12:08:44.303766562Z,AAPL,0,0,-57,-200,-30,-1200,-1,-505,-10,-15,-110,0,-0.09758603,-0.342407122,-0.051361068,-2.054442732,-0.001712036,-0.864577983,-0.017120356,-0.025680534,-0.188323917,0.429080033,0
2024-10-21T12:08:44.333763421Z,AAPL,-57,-57,-200,-30,-1200,-1,-505,-10,-15,-110,-10,-0.096708517,-0.33932813,-0.05089922,-2.035968782,-0.001696641,-0.856803529,-0.016966407,-0.02544961,-0.186630472,-0.016966407,0.546172736,0
2024-10-21T12:08:45.554994588Z,AAPL,0,0,0,0,0,0,0,-100,0,0,0,0,0,0,0,0,0,-0.1668335,0,0,0,0.02021517,0
2024-10-21T12:08:46.626940215Z,AAPL,1,1,200,30,1200,1,505,10,15,110,10,0.001699235,0.339847069,0.05097706,2.039082413,0.001699235,0.858113849,0.016992353,0.02548853,0.186915888,0.016992353,-0.545113546,0
2024-10-21T12:08:56.736391728Z,AAPL,-1,-1,-200,-30,-1200,-1,-505,-10,-15,-110,-10,-0.001668335,-0.333667,-0.05005005,-2.002002002,-0.001668335,-0.842509176,-0.01668335,-0.025025025,-0.18351685,-0.01668335,0.535200737,0
2024-10-21T12:09:01.138241817Z,AAPL,-200,-200,-30,-1200,-1,-505,-10,-15,-110,-10,-110,-0.33932813,-0.05089922,-2.035968782,-0.001696641,-0.856803529,-0.016966407,-0.02544961,-0.186630472,-0.016966407,-0.186630472,0.368344658,0
2024-10-21T12:09:01.138255251Z,AAPL,0,0,200,1200,1,505,10,15,110,10,110,0,0.333667,2.002002002,0.001668335,0.842509176,0.01668335,0.025025025,0.18351685,0.01668335,0.18351685,-0.373636634,0
2024-10-21T12:09:01.157397025Z,AAPL,0,0,0,30,0,0,0,0,0,0,0,0,0,0.049800797,0,0,0,0,0,0,0,-0.005225994,0
2024-10-21T12:09:01.157426276Z,AAPL,-30,-30,-200,-1230,-1,-505,-10,-15,-110,-10,-110,-0.04922875,-0.328191664,-2.018378733,-0.001640958,-0.828683951,-0.016409583,-0.024614375,-0.180505415,-0.016409583,-0.180505415,0.37365146,0
2024-10-21T12:09:02.549437699Z,AAPL,0,0,-400,0,0,0,0,0,0,0,0,0,-0.656383328,0,0,0,0,0,0,0,0,0.041843296,0
2024-10-21T12:09:02.576510264Z,AAPL,0,0,0,29,0,0,0,0,0,0,0,0,0,0.047815334,0,0,0,0,0,0,0,-0.005017644,0
2024-10-21T12:09:02.576563332Z,AAPL,0,0,0,-400,-1,-50,-600,-105,-63,-1,-2000,0,0,-0.97703957,-0.002442599,-0.122129946,-1.465559355,-0.256472887,-0.153883732,-0.002442599,-4.885197851,0.756249187,0
2024-10-21T12:09:04.138843955Z,AAPL,0,0,-30,0,0,0,0,0,0,0,0,0,-0.073818898,0,0,0,0,0,0,0,0,0.004705826,0
2024-10-21T12:09:04.138894379Z,AAPL,30,30,200,1200,1,505,10,15,110,10,110,0.075112669,0.500751127,3.00450676,0.002503756,1.264396595,0.025037556,0.037556335,0.27541312,0.025037556,0.27541312,-0.562230998,0
2024-10-21T12:09:04.194606283Z,AAPL,200,200,30,0,0,0,0,0,0,0,0,0.500751127,0.075112669,0,0,0,0,0,0,0,0,-0.014757623,0
2024-10-21T12:09:06.506604143Z,AAPL,0,0,-30,-1200,-1,-505,-10,-15,-110,-10,-110,0,-0.073818898,-2.952755906,-0.00246063,-1.24261811,-0.024606299,-0.036909449,-0.270669291,-0.024606299,-0.270669291,0.524410911,0
2024-10-21T12:09:06.565023952Z,AAPL,0,0,30,1200,1,505,10,15,110,10,110,0,0.075112669,3.00450676,0.002503756,1.264396595,0.025037556,0.037556335,0.27541312,0.025037556,0.27541312,-0.533601889,0
2024-10-21T12:09:06.773392628Z,AAPL,200,200,0,0,0,0,0,0,0,0,0,0.500751127,0,0,0,0,0,0,0,0,0,-0.009969321,0
2024-10-21T12:09:10.542530771Z,AAPL,10,10,200,30,1200,1,505,10,15,110,10,0.025680534,0.513610683,0.077041602,3.081664099,0.002568053,1.296866975,0.025680534,0.038520801,0.282485876,0.025680534,-0.824289934,0
2024-10-21T12:09:12.689157352Z,AAPL,0,0,29,400,1,50,600,105,63,1,2000,0,0.052784856,0.728066982,0.001820167,0.091008373,1.092100473,0.191117583,0.11467055,0.001820167,3.640334911,-0.566904108,0
2024-10-21T12:09:12.689170703Z,AAPL,0,0,-29,-400,-1,-50,-600,-105,-63,-1,-2000,0,-0.078505685,-1.082837033,-0.002707093,-0.135354629,-1.62425555,-0.284244721,-0.170546833,-0.002707093,-5.414185165,0.84314325,0
2024-10-21T12:09:12.782576498Z,AAPL,0,0,-200,0,0,0,0,0,0,0,0,0,-0.513610683,0,0,0,0,0,0,0,0,0.032741788,0
2024-10-21T12:09:13.223494596Z,AAPL,0,0,200,0,0,0,0,0,0,0,0,0,0.513610683,0,0,0,0,0,0,0,0,-0.032741788,0
2024-10-21T12:09:13.230924474Z,AAPL,0,0,0,-30,-1200,-1,-505,-10,-15,-110,-10,0,0,-0.075490689,-3.019627579,-0.002516356,-1.27075994,-0.025163563,-0.037745345,-0.276799195,-0.025163563,0.775112634,0
2024-10-21T12:09:13.230979969Z,AAPL,0,0,0,27,1200,1,505,10,15,110,10,0,0,0.069390902,3.084040093,0.002570033,1.297866872,0.025700334,0.038550501,0.282703675,0.025700334,-0.790837694,0
2024-10-21T12:09:13.352263576Z,AAPL,0,0,0,400,1,50,600,105,63,1,2000,0,0,0.682360969,0.001705902,0.085295121,1.023541453,0.179119754,0.107471853,0.001705902,3.411804845,-0.528161749,0
2024-10-21T12:09:13.352324097Z,AAPL,0,0,0,0,-1,-50,-600,-105,-63,-1,-2000,0,0,0,-0.002570694,-0.128534704,-1.542416452,-0.269922879,-0.161953728,-0.002570694,-5.141388175,0.688003164,0
2024-10-21T12:09:14.174258870Z,AAPL,0,0,200,0,0,0,0,0,0,0,0,0,0.54200542,0,0,0,0,0,0,0,0,-0.034551903,0
2024-10-21T12:09:14.174269739Z,AAPL,0,0,400,28,1,50,600,105,63,1,2000,0,0.72859745,0.051001821,0.001821494,0.091074681,1.092896175,0.191256831,0.114754098,0.001821494,3.64298725,-0.539291072,0
2024-10-21T12:09:14.199409178Z,AAPL,0,0,-400,-28,-1,-50,-600,-105,-63,-1,-2000,0,-1.08401084,-0.075880759,-0.002710027,-0.135501355,-1.62601626,-0.284552846,-0.170731707,-0.002710027,-5.420054201,0.802359887,0
2024-10-21T12:09:15.368368108Z,AAPL,0,0,-200,-27,-1200,-1,-505,-10,-15,-110,-10,0,-0.555555556,-0.075,-3.333333333,-0.002777778,-1.402777778,-0.027777778,-0.041666667,-0.305555556,-0.027777778,0.890179442,0
2024-10-21T12:09:15.368381335Z,AAPL,0,0,0,400,1200,1,505,10,15,110,10,0,0,1.028277635,3.084832905,0.002570694,1.298200514,0.025706941,0.038560411,0.28277635,0.025706941,-0.891662745,0
2024-10-21T12:09:15.368882161Z,AAPL,0,0,-27,-400,-1200,-1,-505,-10,-15,-110,-10,0,-0.067958721,-1.006795872,-3.020387616,-0.00251699,-1.271079789,-0.025169897,-0.037754845,-0.276868865,-0.025169897,0.877367256,0
2024-10-21T12:09:15.368983400Z,AAPL,0,0,0,28,1200,1,505,10,15,110,10,0,0,0.071960935,3.084040093,0.002570033,1.297866872,0.025700334,0.038550501,0.282703675,0.025700334,-0.791107388,0
2024-10-21T12:09:15.972801291Z,AAPL,0,0,0,0,0,0,0,0,0,0,0,0,0,0,0,0,0,0,0,0,0,0,0
2024-10-21T12:09:16.178054946Z,AAPL,0,0,0,0,0,0,0,0,0,0,0,0,0,0,0,0,0,0,0,0,0,0,0
2024-10-21T12:09:17.673639410Z,AAPL,0,0,0,0,0,0,0,0,0,0,0,0,0,0,0,0,0,0,0,0,0,0,0
2024-10-21T12:09:18.369344833Z,AAPL,0,0,26,400,28,1200,1,505,10,15,110,0,0.066547223,1.02380343,0.07166624,3.071410289,0.002559509,1.29255183,0.025595086,0.038392629,0.281545943,-0.689162029,0
2024-10-21T12:09:18.369370009Z,AAPL,0,0,0,0,-28,-1200,-1,-505,-10,-15,-110,0,0,0,-0.071997943,-3.085626125,-0.002571355,-1.298534328,-0.025713551,-0.038570327,-0.282849061,0.580156759,0
2024-10-21T12:09:18.424025933Z,AAPL,0,0,200,26,0,0,0,0,0,0,0,0,0.542152345,0.070479805,0,0,0,0,0,0,0,-0.041957277,0
2024-10-21T12:09:26.336360989Z,AAPL,0,0,-200,-26,-1200,-1,-505,-10,-15,-110,-10,0,-0.555709919,-0.07224229,-3.334259517,-0.00277855,-1.403167547,-0.027785496,-0.041678244,-0.305640456,-0.027785496,0.890135207,0
2024-10-21T12:09:26.336373029Z,AAPL,0,0,200,26,1200,1,505,10,15,110,10,0,0.542152345,0.070479805,3.252914069,0.002710762,1.368934671,0.027107617,0.040661426,0.29818379,0.027107617,-0.868418707,0
2024-10-21T12:09:26.336385729Z,AAPL,0,0,-200,0,0,0,0,0,0,0,0,0,-0.514271021,0,0,0,0,0,0,0,0,0.032783883,0
2024-10-21T12:09:26.401883038Z,AAPL,0,0,200,0,0,0,0,0,0,0,0,0,0.514271021,0,0,0,0,0,0,0,0,-0.032783883,0
2024-10-21T12:09:30.048768796Z,AAPL,0,0,200,0,0,0,0,0,0,0,0,0,0.542152345,0,0,0,0,0,0,0,0,-0.034561269,0
2024-10-21T12:09:30.048780765Z,AAPL,0,0,-200,0,0,0,0,0,0,0,0,0,-0.542152345,0,0,0,0,0,0,0,0,0.034561269,0
2024-10-21T12:09:30.065483395Z,AAPL,0,0,0,0,1,50,600,105,63,1,2000,0,0,0,0.001766472,0.088323618,1.059883413,0.185479597,0.111287758,0.001766472,3.532944709,-0.472766704,0
2024-10-21T12:09:30.066245031Z,AAPL,0,0,0,-30,0,0,0,0,0,0,0,0,0,-0.052714813,0,0,0,0,0,0,0,0.005531785,0
2024-10-21T12:09:32.077963808Z,AAPL,1,1,0,0,0,0,0,0,0,0,0,0.001756852,0,0,0,0,0,0,0,0,0,-3.50E-05,0
2024-10-21T12:09:37.644355301Z,AAPL,0,0,200,0,0,0,0,0,0,0,0,0,0.351370344,0,0,0,0,0,0,0,0,-0.022399249,0
2024-10-21T12:09:38.208139554Z,AAPL,2,2,11,200,26,1200,1,505,10,15,110,0.003518649,0.019352569,0.351864884,0.045742435,2.111189303,0.001759324,0.888458832,0.017593244,0.026389866,0.193525686,-0.434500643,0
2024-10-21T12:09:42.372615871Z,AAPL,0,0,430,1,50,600,105,63,1,2000,2,0,0.783813343,0.001822822,0.091141086,1.093693037,0.191396281,0.114837769,0.001822822,3.645643456,0.003645643,-0.51837386,0
2024-10-21T12:09:42.372627823Z,AAPL,0,0,-430,-1,-50,-600,-105,-63,-1,-2000,-2,0,-0.7565095,-0.001759324,-0.087966221,-1.055594652,-0.184729064,-0.110837438,-0.001759324,-3.518648839,-0.003518649,0.500316502,0
2024-10-21T12:09:43.901315169Z,AAPL,0,0,10,11,200,26,1200,1,505,10,15,0,0.017908309,0.01969914,0.358166189,0.046561605,2.148997135,0.001790831,0.904369628,0.017908309,0.026862464,-0.435329244,0
2024-10-21T12:09:45.133407519Z,AAPL,0,0,0,0,0,0,0,0,0,0,0,0,0,0,0,0,0,0,0,0,0,0,0
2024-10-21T12:09:45.628579880Z,AAPL,0,0,0,0,0,0,0,0,0,0,100,0,0,0,0,0,0,0,0,0,0.176397954,-0.014696348,0
2024-10-21T12:09:48.089350946Z,AAPL,0,0,-200,0,0,0,0,0,0,0,0,0,-0.340773556,0,0,0,0,0,0,0,0,0.021723722,0
2024-10-21T12:09:48.587030358Z,AAPL,0,0,200,0,0,0,0,0,0,0,0,0,0.352795908,0,0,0,0,0,0,0,0,-0.022490126,0
2024-10-21T12:09:48.587043020Z,AAPL,0,0,-200,0,0,0,0,0,0,0,0,0,-0.352795908,0,0,0,0,0,0,0,0,0.022490126,0
2024-10-21T12:09:49.792724444Z,AAPL,0,0,-200,0,0,0,0,0,0,0,0,0,-0.340773556,0,0,0,0,0,0,0,0,0.021723722,0
2024-10-21T12:09:53.122453611Z,AAPL,-2,-2,-10,-11,-200,-26,-1200,-1,-505,-10,-100,-0.003400204,-0.01700102,-0.018701122,-0.340020401,-0.044202652,-2.040122407,-0.001700102,-0.858551513,-0.01700102,-0.170010201,0.425381372,0
2024-10-21T12:09:53.247009420Z,AAPL,0,0,0,0,30,26,1200,1,505,10,100,0,0,0,0.050873325,0.044090215,2.034933017,0.001695778,0.856367645,0.016957775,0.169577751,-0.366212179,0
2024-10-21T12:09:53.247043259Z,AAPL,0,0,0,0,0,-26,-1200,-1,-505,-10,-100,0,0,0,0,-0.044172613,-2.038735984,-0.001698947,-0.85796806,-0.016989467,-0.169894665,0.357175884,0
2024-10-21T12:09:53.299918437Z,AAPL,0,0,0,200,0,0,0,0,0,0,0,0,0,0.339789331,0,0,0,0,0,0,0,-0.035656801,0
2024-10-21T12:09:54.363979828Z,AAPL,0,0,200,0,0,0,0,0,0,0,0,0,0.351741119,0,0,0,0,0,0,0,0,-0.022422885,0
2024-10-21T12:09:54.363990119Z,AAPL,0,0,430,1,50,600,105,63,1,2000,2,0,0.783527697,0.001822157,0.091107872,1.093294461,0.191326531,0.114795918,0.001822157,3.644314869,0.003644315,-0.518184948,0
2024-10-21T12:09:54.402345010Z,AAPL,0,0,-430,-1,-50,-600,-105,-63,-1,-2000,-2,0,-0.756243405,-0.001758706,-0.08793528,-1.055223356,-0.184664087,-0.110798452,-0.001758706,-3.517411185,-0.003517411,0.50014052,0
2024-10-21T12:09:57.392602293Z,AAPL,0,0,-200,0,0,0,0,0,0,0,0,0,-0.351741119,0,0,0,0,0,0,0,0,0.022422885,0
2024-10-21T12:09:57.432954262Z,AAPL,0,0,0,30,0,0,0,0,0,0,0,0,0,0.053041018,0,0,0,0,0,0,0,-0.005566017,0
2024-10-21T12:09:57.433015324Z,AAPL,0,0,0,-400,-1,-50,-600,-105,-63,-1,-2000,0,0,-1.086071138,-0.002715178,-0.135758892,-1.629106706,-0.285093674,-0.171056204,-0.002715178,-5.430355688,0.840641915,0
2024-10-21T12:10:00.023818184Z,AAPL,0,0,0,0,0,0,0,0,0,0,0,0,0,0,0,0,0,0,0,0,0,0,0
2024-10-21T12:10:01.648302231Z,AAPL,0,0,0,-200,-30,-1200,-1,-505,-10,-100,-15,0,0,-0.556637907,-0.083495686,-3.339827442,-0.00278319,-1.405510715,-0.027831895,-0.278318954,-0.041747843,0.68340305,0
2024-10-21T12:10:01.648314395Z,AAPL,0,0,0,200,30,1200,1,505,10,100,15,0,0,0.543035569,0.081455335,3.258213413,0.002715178,1.371164811,0.027151778,0.271517784,0.040727668,-0.666703003,0
2024-10-21T12:10:01.702573654Z,AAPL,0,0,-200,0,0,0,0,0,0,0,0,0,-0.543035569,0,0,0,0,0,0,0,0,0.034617573,0
2024-10-21T12:10:01.719020950Z,AAPL,0,0,27,400,1,50,600,105,63,1,2000,0,0.049243115,0.729527631,0.001823819,0.091190954,1.094291446,0.191501003,0.114900602,0.001823819,3.647638154,-0.567808901,0
2024-10-21T12:10:01.719033080Z,AAPL,0,0,-27,-400,-1,-50,-600,-105,-63,-1,-2000,0,-0.073309802,-1.086071138,-0.002715178,-0.135758892,-1.629106706,-0.285093674,-0.171056204,-0.002715178,-5.430355688,0.845315287,0
2024-10-21T12:10:01.724626959Z,AAPL,0,0,0,-27,-400,-1,-50,-600,-105,-63,-1,0,0,-0.072756669,-1.077876583,-0.002694691,-0.134734573,-1.616814875,-0.282942603,-0.169765562,-0.002694691,0.465160071,0
2024-10-21T12:10:01.726066241Z,AAPL,0,0,0,200,0,0,0,0,0,0,0,0,0,0.511378164,0,0,0,0,0,0,0,-0.053662984,0
2024-10-21T12:10:01.751841665Z,AAPL,0,0,0,27,400,1,50,600,105,63,1,0,0,0.069533866,1.030131342,0.002575328,0.128766418,1.545197013,0.270409477,0.162245686,0.002575328,-0.444555504,0
2024-10-21T12:10:01.781661443Z,AAPL,0,0,0,-200,0,0,0,0,0,0,0,0,0,-0.543035569,0,0,0,0,0,0,0,0.056985048,0
2024-10-21T12:10:01.781673802Z,AAPL,0,0,0,400,0,0,0,0,0,0,0,0,0,1.030131342,0,0,0,0,0,0,0,-0.108099887,0
2024-10-21T12:10:01.842775879Z,AAPL,0,0,0,400,1,50,600,105,63,1,2000,0,0,0.683060109,0.00170765,0.085382514,1.024590164,0.179303279,0.107581967,0.00170765,3.415300546,-0.528702898,0
2024-10-21T12:10:02.294097461Z,AAPL,0,0,0,0,-1,-50,-600,-105,-63,-1,-2000,0,0,0,-0.002575328,-0.128766418,-1.545197013,-0.270409477,-0.162245686,-0.002575328,-5.150656709,0.689243448,0
2024-10-21T12:10:03.086137168Z,AAPL,0,0,0,0,0,0,0,0,0,0,0,0,0,0,0,0,0,0,0,0,0,0,0
2024-10-21T12:10:03.188596704Z,AAPL,0,0,0,-400,-30,-1200,-1,-505,-10,-100,-15,0,0,-1.113275814,-0.083495686,-3.339827442,-0.00278319,-1.405510715,-0.027831895,-0.278318954,-0.041747843,0.7418155,0
2024-10-21T12:10:03.188608784Z,AAPL,0,0,0,400,30,1200,1,505,10,100,15,0,0,1.030131342,0.077259851,3.090394025,0.002575328,1.300540819,0.025753284,0.257532835,0.038629925,-0.686413364,0
2024-10-21T12:10:03.188621108Z,AAPL,0,0,-200,0,0,0,0,0,0,0,0,0,-0.489835905,0,0,0,0,0,0,0,0,0.031226187,0
2024-10-21T12:10:03.197531287Z,AAPL,0,0,0,0,0,26,1200,1,505,10,100,0,0,0,0,0.063507572,2.93111871,0.002442599,1.233512457,0.024425989,0.244259893,-0.513516671,0
2024-10-21T12:10:03.247731199Z,AAPL,0,0,200,0,0,0,0,0,0,0,0,0,0.513610683,0,0,0,0,0,0,0,0,-0.032741788,0
2024-10-21T12:10:03.247744906Z,AAPL,0,0,-200,0,0,0,0,0,0,0,0,0,-0.488519785,0,0,0,0,0,0,0,0,0.031142287,0
2024-10-21T12:10:03.255005064Z,AAPL,0,0,0,0,-30,-26,-1200,-1,-505,-10,-100,0,0,0,-0.073547438,-0.063741113,-2.941897524,-0.002451581,-1.238048541,-0.024515813,-0.245158127,0.529432023,0
2024-10-21T12:10:03.257914828Z,AAPL,0,0,0,0,1,50,600,105,63,1,2000,0,0,0,0.001652346,0.082617317,0.991407799,0.173496365,0.104097819,0.001652346,3.304692664,-0.442222787,0
2024-10-21T12:10:03.459955473Z,AAPL,0,0,400,1,50,600,105,63,1,2000,2,0,0.707463742,0.001768659,0.088432968,1.061195614,0.185709232,0.111425539,0.001768659,3.537318712,0.003537319,-0.499588701,0
2024-10-21T12:10:03.459967128Z,AAPL,0,0,-400,-1,-50,-600,-105,-63,-1,-2000,-2,0,-0.660938533,-0.001652346,-0.082617317,-0.991407799,-0.173496365,-0.104097819,-0.001652346,-3.304692664,-0.003304693,0.466734058,0
2024-10-21T12:10:03.514882942Z,AAPL,0,0,0,400,0,0,0,0,0,0,0,0,0,0.660938533,0,0,0,0,0,0,0,-0.069357545,0
2024-10-21T12:10:12.927978411Z,AAPL,0,0,0,0,-26,-1200,-1,-505,-10,-100,-15,0,0,0,-0.042372881,-1.955671447,-0.001629726,-0.823011734,-0.016297262,-0.162972621,-0.024445893,0.364726603,0
2024-10-21T12:10:12.928036467Z,AAPL,0,0,0,0,29,1200,1,505,10,100,15,0,0,0,0.047894302,1.981833196,0.001651528,0.83402147,0.016515277,0.165152766,0.024772915,-0.370550624,0
2024-10-21T12:10:12.928066550Z,AAPL,0,0,0,0,-1,-50,-600,-105,-63,-1,-2000,0,0,0,-0.00244918,-0.122458976,-1.469507715,-0.25716385,-0.15429831,-0.00244918,-4.89835905,0.655481829,0
2024-10-21T12:10:13.161741583Z,AAPL,0,0,0,-400,-29,-1200,-1,-505,-10,-100,-15,0,0,-1.054574216,-0.076456631,-3.163722647,-0.002636436,-1.331399947,-0.026364355,-0.263643554,-0.039546533,0.702197704,0
2024-10-21T12:10:13.161754596Z,AAPL,0,0,0,200,29,1200,1,505,10,100,15,0,0,0.515065671,0.074684522,3.090394025,0.002575328,1.300540819,0.025753284,0.257532835,0.038629925,-0.631872254,0
2024-10-21T12:10:17.086432603Z,AAPL,0,0,0,0,0,0,0,0,0,0,0,0,0,0,0,0,0,0,0,0,0,0,0
2024-10-21T12:10:20.742267983Z,AAPL,20,20,10,11,200,29,1200,1,505,10,100,0.051440329,0.025720165,0.028292181,0.514403292,0.074588477,3.086419753,0.002572016,1.298868313,0.025720165,0.257201646,-0.645414296,0
2024-10-21T12:10:22.088936277Z,AAPL,0,0,0,0,0,0,0,0,0,0,0,0,0,0,0,0,0,0,0,0,0,0,0
2024-10-21T12:10:23.455694731Z,AAPL,0,0,0,0,200,0,0,0,0,0,0,0,0,0,0.489236791,0,0,0,0,0,0,-0.093307192,0
2024-10-21T12:10:23.510549173Z,AAPL,0,0,0,0,-200,0,0,0,0,0,0,0,0,0,-0.514403292,0,0,0,0,0,0,0.098106945,0
2024-10-21T12:10:23.510561501Z,AAPL,0,0,0,0,400,0,0,0,0,0,0,0,0,0,0.978473581,0,0,0,0,0,0,-0.186614385,0
2024-10-21T12:10:24.014526498Z,AAPL,0,0,0,0,400,0,0,0,0,0,0,0,0,0,0.978473581,0,0,0,0,0,0,-0.186614385,0
2024-10-21T12:10:29.982925320Z,AAPL,0,0,-10,-11,-400,-29,-1200,-1,-505,-10,-100,0,-0.024431957,-0.026875153,-0.97727828,-0.070852675,-2.93183484,-0.002443196,-1.233813828,-0.024431957,-0.24431957,0.705308781,0
2024-10-21T12:10:32.696534026Z,AAPL,0,0,0,0,-29,-1200,-1,-505,-10,-100,-15,0,0,0,-0.069477719,-2.874940105,-0.002395783,-1.209870628,-0.023957834,-0.239578342,-0.035936751,0.5375381,0
2024-10-21T12:10:32.696591804Z,AAPL,0,0,0,0,28,1200,1,505,10,100,15,0,0,0,0.068426197,2.93255132,0.002443793,1.234115347,0.024437928,0.244379277,0.036656891,-0.5478438,0
2024-10-21T12:10:36.255768918Z,AAPL,0,0,0,-200,0,0,0,0,0,0,0,0,0,-0.513874615,0,0,0,0,0,0,0,0.053924957,0
2024-10-21T12:10:36.667879809Z,AAPL,0,0,400,28,1,50,600,105,63,1,2000,0,0.728332119,0.050983248,0.00182083,0.091041515,1.092498179,0.191187181,0.114712309,0.00182083,3.641660597,-0.53909468,0
2024-10-21T12:10:36.667890580Z,AAPL,0,0,-400,-28,-1,-50,-600,-105,-63,-1,-2000,0,-1.027749229,-0.071942446,-0.002569373,-0.128468654,-1.541623844,-0.269784173,-0.161870504,-0.002569373,-5.138746146,0.760716337,0
2024-10-21T12:10:36.718839166Z,AAPL,0,0,0,200,0,0,0,0,0,0,0,0,0,0.513874615,0,0,0,0,0,0,0,-0.053924957,0
2024-10-21T12:10:36.743886554Z,AAPL,0,0,0,0,1,50,600,105,63,1,2000,0,0,0,0.001705321,0.08526603,1.02319236,0.179058663,0.107435198,0.001705321,3.410641201,-0.456400462,0
2024-10-21T12:10:36.743997154Z,AAPL,0,0,0,0,0,-50,-600,-105,-63,-1,-2000,0,0,0,0,-0.128435654,-1.541227845,-0.269714873,-0.161828924,-0.002568713,-5.137426149,0.686983075,0
2024-10-21T12:10:42.064737913Z,AAPL,0,0,0,-200,-28,-1200,-1,-505,-10,-100,-15,0,0,-0.525900605,-0.073626085,-3.155403629,-0.002629503,-1.327899027,-0.02629503,-0.262950302,-0.039442545,0.644662835,0
2024-10-21T12:10:42.064751203Z,AAPL,0,0,0,200,28,1200,1,505,10,100,15,0,0,0.513742615,0.071923966,3.08245569,0.002568713,1.297200103,0.025687131,0.256871307,0.038530696,-0.629759251,0
2024-10-21T12:10:43.289649676Z,AAPL,0,0,-400,0,0,0,0,0,0,0,0,0,-1.02748523,0,0,0,0,0,0,0,0,0.065500397,0
2024-10-21T12:10:43.377793688Z,AAPL,0,0,0,0,0,50,600,105,63,1,2000,0,0,0,0,0.08526603,1.02319236,0.179058663,0.107435198,0.001705321,3.410641201,-0.456075223,0
2024-10-21T12:10:43.377874040Z,AAPL,0,0,0,0,-28,0,0,0,0,0,0,0,0,0,-0.047522064,0,0,0,0,0,0,0.009063403,0
2024-10-21T12:10:45.117298924Z,AAPL,0,0,0,200,0,0,0,0,0,0,0,0,0,0.339443313,0,0,0,0,0,0,0,-0.035620491,0
2024-10-21T12:10:50.849951366Z,AAPL,0,0,0,200,0,0,0,0,0,0,0,0,0,0.339443313,0,0,0,0,0,0,0,-0.035620491,0
2024-10-21T12:10:52.970596564Z,AAPL,0,0,0,0,0,600,105,63,1,2000,2,0,0,0,0,1.026694045,0.179671458,0.107802875,0.001711157,3.422313484,0.003422313,-0.42321563,0
2024-10-21T12:10:53.810283344Z,AAPL,-20,-20,-11,-200,-28,-1200,-1,-505,-10,-100,-15,-0.033704078,-0.018537243,-0.337040782,-0.047185709,-2.022244692,-0.001685204,-0.851027974,-0.016852039,-0.168520391,-0.025278059,0.415006205,0
2024-10-21T12:10:53.881437911Z,AAPL,0,0,-200,-28,-1200,-1,-505,-10,-100,-15,-110,0,-0.348189415,-0.048746518,-2.08913649,-0.001740947,-0.879178273,-0.017409471,-0.174094708,-0.026114206,-0.191504178,0.573324908,0
2024-10-21T12:10:53.881449961Z,AAPL,0,0,200,28,1200,1,505,10,100,15,110,0,0.337040782,0.047185709,2.022244692,0.001685204,0.851027974,0.016852039,0.168520391,0.025278059,0.18537243,-0.55496769,0
2024-10-21T12:10:54.127647992Z,AAPL,0,0,-200,-28,-1200,-1,-505,-10,-100,-15,-110,0,-0.348189415,-0.048746518,-2.08913649,-0.001740947,-0.879178273,-0.017409471,-0.174094708,-0.026114206,-0.191504178,0.573324908,0
2024-10-21T12:10:54.127659727Z,AAPL,0,0,0,400,1200,1,505,10,100,15,110,0,0,0.652103032,1.956309097,0.001630258,0.823280078,0.016302576,0.163025758,0.024453864,0.179328334,-0.579727907,0
2024-10-21T12:10:54.146847471Z,AAPL,0,0,-28,-400,-1200,-1,-505,-10,-100,-15,-110,0,-0.045781557,-0.654022237,-1.96206671,-0.001635056,-0.825703074,-0.016350556,-0.163505559,-0.024525834,-0.179856115,0.584352599,0
2024-10-21T12:10:54.146889193Z,AAPL,0,0,0,27,1200,1,505,10,100,15,110,0,0,0.044024132,1.956628078,0.001630523,0.823414316,0.016305234,0.16305234,0.024457851,0.179357574,-0.516000712,0
2024-10-21T12:10:54.146930519Z,AAPL,0,0,0,-27,0,0,0,0,0,0,0,0,0,-0.043831169,0,0,0,0,0,0,0,0.004599554,0
2024-10-21T12:10:54.147042446Z,AAPL,0,0,0,0,28,0,0,0,0,0,0,0,0,0,0.0456621,0,0,0,0,0,0,-0.008708671,0
2024-10-21T12:10:54.198356340Z,AAPL,0,0,-400,0,0,0,0,0,0,0,0,0,-0.674308833,0,0,0,0,0,0,0,0,0.042986016,0
2024-10-21T12:10:57.184732013Z,AAPL,0,0,200,0,0,0,0,0,0,0,0,0,0.348918353,0,0,0,0,0,0,0,0,-0.022242938,0
2024-10-21T12:10:57.589931819Z,AAPL,0,0,200,0,0,0,0,0,0,0,0,0,0.348918353,0,0,0,0,0,0,0,0,-0.022242938,0
2024-10-21T12:10:57.806606311Z,AAPL,0,0,-200,-27,-1200,-1,-505,-10,-100,-15,-110,0,-0.360880549,-0.048718874,-2.165283291,-0.001804403,-0.911223385,-0.018044027,-0.180440274,-0.027066041,-0.198484302,0.59403264,0
2024-10-21T12:10:57.806619389Z,AAPL,0,0,400,27,1200,1,505,10,100,15,110,0,0.674308833,0.045515846,2.0229265,0.001685772,0.851314902,0.016857721,0.168577208,0.025286581,0.185434929,-0.576470906,0
2024-10-21T12:10:59.771109174Z,AAPL,0,0,0,-27,-1200,-1,-505,-10,-100,-15,-110,0,0,-0.045646661,-2.02874049,-0.001690617,-0.853761623,-0.016906171,-0.169061708,-0.025359256,-0.185967878,0.535018152,0
2024-10-21T12:10:59.771161194Z,AAPL,0,0,0,30,1200,1,505,10,100,15,110,0,0,0.050547599,2.02190396,0.00168492,0.850884583,0.0168492,0.168491997,0.025273799,0.185341196,-0.533745663,0
2024-10-21T12:11:00.807617417Z,AAPL,0,0,0,-30,-1200,-1,-505,-10,-100,-15,-110,0,0,-0.050718512,-2.02874049,-0.001690617,-0.853761623,-0.016906171,-0.169061708,-0.025359256,-0.185967878,0.535550382,0
2024-10-21T12:11:00.807657573Z,AAPL,0,0,26,400,1200,1,505,10,100,15,110,0,0.043837464,0.674422526,2.023267577,0.001686056,0.851458439,0.016860563,0.168605631,0.025290845,0.185466195,-0.602364783,0
2024-10-21T12:11:00.863155159Z,AAPL,0,0,200,26,0,0,0,0,0,0,0,0,0.348979236,0.045367301,0,0,0,0,0,0,0,-0.027007572,0
2024-10-21T12:11:02.807100841Z,AAPL,0,0,200,0,0,0,0,0,0,0,0,0,0.348979236,0,0,0,0,0,0,0,0,-0.022246819,0
2024-10-21T12:11:08.220315875Z,AAPL,0,0,-200,-26,-1200,-1,-505,-10,-100,-15,-110,0,-0.360945678,-0.046922938,-2.165674066,-0.001804728,-0.911387836,-0.018047284,-0.180472839,-0.027070926,-0.198520123,0.593950462,0
2024-10-21T12:11:08.291449117Z,AAPL,0,0,0,400,1200,1,505,10,100,15,110,0,0,0.674422526,2.023267577,0.001686056,0.851458439,0.016860563,0.168605631,0.025290845,0.185466195,-0.599570221,0
2024-10-21T12:11:08.292006615Z,AAPL,0,0,0,0,27,1200,1,505,10,100,15,0,0,0,0.046169631,2.051983584,0.001709986,0.863543092,0.017099863,0.170998632,0.025649795,-0.383014643,0
2024-10-21T12:11:08.292044305Z,AAPL,0,0,-26,-400,-27,-1200,-1,-505,-10,-100,-15,0,-0.043830074,-0.674308833,-0.045515846,-2.0229265,-0.001685772,-0.851314902,-0.016857721,-0.168577208,-0.025286581,0.451145658,0
2024-10-21T12:11:10.442610415Z,AAPL,0,0,400,0,0,0,0,0,0,0,0,0,0.674308833,0,0,0,0,0,0,0,0,-0.042986016,0
2024-10-21T12:11:10.454786222Z,AAPL,0,0,0,-27,-1200,-1,-505,-10,-100,-15,-110,0,0,-0.045646661,-2.02874049,-0.001690617,-0.853761623,-0.016906171,-0.169061708,-0.025359256,-0.185967878,0.535018152,0
2024-10-21T12:11:10.454836386Z,AAPL,0,0,0,27,1200,1,505,10,100,15,110,0,0,0.045515846,2.0229265,0.001685772,0.851314902,0.016857721,0.168577208,0.025286581,0.185434929,-0.53348489,0
2024-10-21T12:11:11.346234393Z,AAPL,0,0,200,0,0,0,0,0,0,0,0,0,0.348918353,0,0,0,0,0,0,0,0,-0.022242938,0
2024-10-21T12:11:18.869640062Z,AAPL,0,0,-200,-27,-1200,-1,-505,-10,-100,-15,-110,0,-0.360880549,-0.048718874,-2.165283291,-0.001804403,-0.911223385,-0.018044027,-0.180440274,-0.027066041,-0.198484302,0.59403264,0
2024-10-21T12:11:18.869653217Z,AAPL,0,0,400,27,1200,1,505,10,100,15,110,0,0.674308833,0.045515846,2.0229265,0.001685772,0.851314902,0.016857721,0.168577208,0.025286581,0.185434929,-0.576470906,0
2024-10-21T12:11:21.873343400Z,AAPL,0,0,0,-27,-1200,-1,-505,-10,-100,-15,-110,0,0,-0.045646661,-2.02874049,-0.001690617,-0.853761623,-0.016906171,-0.169061708,-0.025359256,-0.185967878,0.535018152,0
2024-10-21T12:11:21.873432987Z,AAPL,0,0,26,400,1200,1,505,10,100,15,110,0,0.043837464,0.674422526,2.023267577,0.001686056,0.851458439,0.016860563,0.168605631,0.025290845,0.185466195,-0.602364783,0
2024-10-21T12:11:21.928253749Z,AAPL,0,0,200,26,0,0,0,0,0,0,0,0,0.348979236,0.045367301,0,0,0,0,0,0,0,-0.027007572,0
2024-10-21T12:11:22.072355634Z,AAPL,0,0,-200,-26,-1200,-1,-505,-10,-100,-15,-110,0,-0.360945678,-0.046922938,-2.165674066,-0.001804728,-0.911387836,-0.018047284,-0.180472839,-0.027070926,-0.198520123,0.593950462,0
2024-10-21T12:11:22.072368471Z,AAPL,0,0,0,400,1200,1,505,10,100,15,110,0,0,0.674422526,2.023267577,0.001686056,0.851458439,0.016860563,0.168605631,0.025290845,0.185466195,-0.599570221,0
2024-10-21T12:11:22.072864187Z,AAPL,0,0,-26,-400,-1200,-1,-505,-10,-100,-15,-110,0,-0.043956044,-0.67624683,-2.02874049,-0.001690617,-0.853761623,-0.016906171,-0.169061708,-0.025359256,-0.185967878,0.603994172,0
2024-10-21T12:11:22.937969054Z,AAPL,0,0,0,0,0,0,0,0,0,0,0,0,0,0,0,0,0,0,0,0,0,0,0
2024-10-21T12:11:23.000862969Z,AAPL,0,0,0,30,1200,1,505,10,100,15,110,0,0,0.050547599,2.02190396,0.00168492,0.850884583,0.0168492,0.168491997,0.025273799,0.185341196,-0.533745663,0
2024-10-21T12:11:25.072916074Z,AAPL,0,0,427,1,600,105,63,1,2000,2,213,0,0.717888366,0.001681237,1.008742434,0.176529926,0.105917956,0.001681237,3.362474781,0.003362475,0.358103564,-0.606335277,0
2024-10-21T12:11:25.072929618Z,AAPL,0,0,-427,-1,-600,-105,-63,-1,-2000,-2,-213,0,-0.69600652,-0.001629992,-0.97799511,-0.171149144,-0.102689487,-0.001629992,-3.2599837,-0.003259984,-0.347188264,0.587853663,0
2024-10-21T12:11:25.073291984Z,AAPL,0,0,0,-30,-1200,-1,-505,-10,-100,-15,-110,0,0,-0.049059689,-1.962387572,-0.001635323,-0.825838103,-0.01635323,-0.163532298,-0.024529845,-0.179885527,0.518034425,0
2024-10-21T12:11:25.073388717Z,AAPL,0,0,26,400,1200,1,505,10,100,15,110,0,0.042407438,0.652422117,1.957266351,0.001631055,0.823682923,0.016310553,0.163105529,0.024465829,0.179416082,-0.582714978,0
2024-10-21T12:11:25.073972612Z,AAPL,0,0,0,27,0,0,0,0,0,0,0,0,0,0.04423329,0,0,0,0,0,0,0,-0.004641751,0
2024-10-21T12:11:25.074100004Z,AAPL,0,0,0,0,0,-600,-105,-63,-1,-2000,-2,0,0,0,0,-0.978473581,-0.171232877,-0.102739726,-0.001630789,-3.261578604,-0.003261579,0.403338575,0
2024-10-21T12:11:25.129294511Z,AAPL,0,0,200,26,0,0,0,0,0,0,0,0,0.337154417,0.043830074,0,0,0,0,0,0,0,-0.026092447,0
2024-10-21T12:11:27.120005157Z,AAPL,0,0,-200,-26,-1200,-1,-505,-10,-100,-15,-110,0,-0.348310693,-0.04528039,-2.089864159,-0.001741553,-0.8794845,-0.017415535,-0.174155347,-0.026123302,-0.191570881,0.573159093,0
2024-10-21T12:11:27.120018111Z,AAPL,0,0,0,400,1200,1,505,10,100,15,110,0,0,0.652315721,1.956947162,0.001630789,0.823548598,0.016307893,0.16307893,0.02446184,0.179386823,-0.57991699,0
2024-10-21T12:11:27.120506757Z,AAPL,0,0,-26,-400,-1200,-1,-505,-10,-100,-15,-110,0,-0.042511445,-0.654022237,-1.96206671,-0.001635056,-0.825703074,-0.016350556,-0.163505559,-0.024525834,-0.179856115,0.584144135,0
2024-10-21T12:11:27.120548454Z,AAPL,0,0,0,29,1200,1,505,10,100,15,110,0,0,0.047269764,1.95599022,0.001629992,0.823145884,0.016299919,0.162999185,0.024449878,0.179299104,-0.516174593,0
2024-10-21T12:11:27.120650159Z,AAPL,0,0,0,-27,0,0,0,0,0,0,0,0,0,-0.043816943,0,0,0,0,0,0,0,0.004598061,0
2024-10-21T12:11:27.120720548Z,AAPL,0,0,0,0,0,600,105,63,1,2000,2,0,0,0,0,0.978154548,0.171177046,0.102706228,0.001630258,3.260515161,0.003260515,-0.403207066,0
2024-10-21T12:11:27.177529449Z,AAPL,0,0,-400,0,0,0,0,0,0,0,0,0,-0.674081564,0,0,0,0,0,0,0,0,0.042971528,0
2024-10-21T12:11:30.179103980Z,AAPL,0,0,200,0,0,0,0,0,0,0,0,0,0.348796652,0,0,0,0,0,0,0,0,-0.02223518,0
2024-10-21T12:11:34.156391256Z,AAPL,0,0,-200,-29,-1200,-1,-505,-10,-100,-15,-110,0,-0.360750361,-0.052308802,-2.164502165,-0.001803752,-0.910894661,-0.018037518,-0.18037518,-0.027056277,-0.198412698,0.594196907,0
2024-10-21T12:11:34.156403417Z,AAPL,0,0,400,29,1200,1,505,10,100,15,110,0,0.674081564,0.048870913,2.022244692,0.001685204,0.851027974,0.016852039,0.168520391,0.025278059,0.18537243,-0.576630296,0
2024-10-21T12:11:36.738675617Z,AAPL,-1,-1,0,0,0,0,0,0,0,0,0,-0.001685488,0,0,0,0,0,0,0,0,0,3.36E-05,0
2024-10-21T12:11:37.210931791Z,AAPL,0,0,200,0,0,0,0,0,0,0,0,0,0.348857492,0,0,0,0,0,0,0,0,-0.022239059,0
2024-10-21T12:11:40.138482175Z,AAPL,0,0,-200,-29,-1200,-1,-505,-10,-100,-15,-110,0,-0.360815443,-0.052318239,-2.164892657,-0.001804077,-0.911058993,-0.018040772,-0.180407721,-0.027061158,-0.198448494,0.594304104,0
2024-10-21T12:11:40.138496802Z,AAPL,0,0,400,29,1200,1,505,10,100,15,110,0,0.67419518,0.048879151,2.022585539,0.001685488,0.851171414,0.016854879,0.168548795,0.025282319,0.185403674,-0.576727486,0
2024-10-21T12:11:43.193475620Z,AAPL,0,0,200,0,0,0,0,0,0,0,0,0,0.348857492,0,0,0,0,0,0,0,0,-0.022239059,0
2024-10-21T12:11:45.774723015Z,AAPL,0,0,0,0,0,0,0,0,0,0,0,0,0,0,0,0,0,0,0,0,0,0,0
2024-10-21T12:11:45.843943302Z,AAPL,0,0,-200,-29,-1200,-1,-505,-10,-100,-15,-110,0,-0.360815443,-0.052318239,-2.164892657,-0.001804077,-0.911058993,-0.018040772,-0.180407721,-0.027061158,-0.198448494,0.594304104,0
2024-10-21T12:11:45.843955896Z,AAPL,0,0,400,29,1200,1,505,10,100,15,110,0,0.67419518,0.048879151,2.022585539,0.001685488,0.851171414,0.016854879,0.168548795,0.025282319,0.185403674,-0.576727486,0
2024-10-21T12:11:48.580722768Z,AAPL,0,0,400,0,0,0,0,0,0,0,0,0,0.67419518,0,0,0,0,0,0,0,0,-0.04297877,0
2024-10-21T12:11:48.598471411Z,AAPL,0,0,0,-29,-1200,-1,-505,-10,-100,-15,-110,0,0,-0.049036185,-2.029083531,-0.001690903,-0.853905986,-0.016909029,-0.169090294,-0.025363544,-0.185999324,0.535463498,0
2024-10-21T12:11:48.598514970Z,AAPL,0,0,0,28,1200,1,505,10,100,15,110,0,0,0.047201618,2.0229265,0.001685772,0.851314902,0.016857721,0.168577208,0.025286581,0.185434929,-0.533661792,0
2024-10-21T12:11:48.899046660Z,AAPL,0,0,200,0,0,0,0,0,0,0,0,0,0.348918353,0,0,0,0,0,0,0,0,-0.022242938,0
2024-10-21T12:11:50.834920978Z,AAPL,0,0,-200,-28,-1200,-1,-505,-10,-100,-15,-110,0,-0.360880549,-0.050523277,-2.165283291,-0.001804403,-0.911223385,-0.018044027,-0.180440274,-0.027066041,-0.198484302,0.59422199,0
2024-10-21T12:11:50.924089402Z,AAPL,0,0,200,28,1200,1,505,10,100,15,110,0,0.348918353,0.048848569,2.093510119,0.001744592,0.881018842,0.017445918,0.174459177,0.026168876,0.191905094,-0.574525169,0
2024-10-21T12:11:53.326572732Z,AAPL,0,0,-200,-28,-1200,-1,-505,-10,-100,-15,-110,0,-0.360880549,-0.050523277,-2.165283291,-0.001804403,-0.911223385,-0.018044027,-0.180440274,-0.027066041,-0.198484302,0.59422199,0
2024-10-21T12:11:53.326585955Z,AAPL,0,0,400,28,1200,1,505,10,100,15,110,0,0.674308833,0.047201618,2.0229265,0.001685772,0.851314902,0.016857721,0.168577208,0.025286581,0.185434929,-0.576647807,0
2024-10-21T12:11:56.382477901Z,AAPL,0,0,200,0,0,0,0,0,0,0,0,0,0.348918353,0,0,0,0,0,0,0,0,-0.022242938,0
2024-10-21T12:12:02.086529609Z,AAPL,-154,-154,-200,-427,-1,-600,-105,-63,-1,-2000,-2,-0.267826087,-0.347826087,-0.742608696,-0.00173913,-1.043478261,-0.182608696,-0.109565217,-0.00173913,-3.47826087,-0.003478261,0.535899205,0
2024-10-21T12:12:02.213802116Z,AAPL,0,0,-200,-28,-1200,-1,-505,-10,-100,-15,-110,0,-0.35971223,-0.050359712,-2.158273381,-0.001798561,-0.908273381,-0.017985612,-0.179856115,-0.026978417,-0.197841727,0.59229825,0
2024-10-21T12:12:02.316648939Z,AAPL,0,0,200,28,1200,1,505,10,100,15,110,0,0.347826087,0.048695652,2.086956522,0.00173913,0.87826087,0.017391304,0.173913043,0.026086957,0.191304348,-0.572726656,0
2024-10-21T12:12:08.967185824Z,AAPL,154,154,200,427,1,600,105,63,1,2000,2,0.268667132,0.348918353,0.744940684,0.001744592,1.046755059,0.183182135,0.109909281,0.001744592,3.489183531,0.003489184,-0.53758207,0
2024-10-21T12:12:08.996704242Z,AAPL,0,0,0,0,0,0,0,0,0,0,0,0,0,0,0,0,0,0,0,0,0,0,0
2024-10-21T12:12:08.996733815Z,AAPL,0,0,-200,-28,-1200,-1,-505,-10,-100,-15,-110,0,-0.360880549,-0.050523277,-2.165283291,-0.001804403,-0.911223385,-0.018044027,-0.180440274,-0.027066041,-0.198484302,0.59422199,0
2024-10-21T12:12:09.099739392Z,AAPL,0,0,200,28,1200,1,505,10,100,15,110,0,0.348918353,0.048848569,2.093510119,0.001744592,0.881018842,0.017445918,0.174459177,0.026168876,0.191905094,-0.574525169,0
2024-10-21T12:12:10.232691130Z,AAPL,0,0,200,0,0,0,0,0,0,0,0,0,0.348918353,0,0,0,0,0,0,0,0,-0.022242938,0
2024-10-21T12:12:22.882127538Z,AAPL,0,0,-200,-28,-1200,-1,-505,-10,-100,-15,-110,0,-0.360880549,-0.050523277,-2.165283291,-0.001804403,-0.911223385,-0.018044027,-0.180440274,-0.027066041,-0.198484302,0.59422199,0
2024-10-21T12:12:22.882140909Z,AAPL,0,0,400,28,1200,1,505,10,100,15,110,0,0.674308833,0.047201618,2.0229265,0.001685772,0.851314902,0.016857721,0.168577208,0.025286581,0.185434929,-0.576647807,0
2024-10-21T12:12:25.936845190Z,AAPL,0,0,200,0,0,0,0,0,0,0,0,0,0.348918353,0,0,0,0,0,0,0,0,-0.022242938,0
2024-10-21T12:12:28.133772380Z,AAPL,0,0,200,0,0,0,0,0,0,0,0,0,0.348918353,0,0,0,0,0,0,0,0,-0.022242938,0
2024-10-21T12:12:28.677449361Z,AAPL,0,0,-200,-28,-1200,-1,-505,-10,-100,-15,-110,0,-0.360880549,-0.050523277,-2.165283291,-0.001804403,-0.911223385,-0.018044027,-0.180440274,-0.027066041,-0.198484302,0.59422199,0
2024-10-21T12:12:28.677461375Z,AAPL,0,0,400,28,1200,1,505,10,100,15,110,0,0.674308833,0.047201618,2.0229265,0.001685772,0.851314902,0.016857721,0.168577208,0.025286581,0.185434929,-0.576647807,0
2024-10-21T12:12:31.318823338Z,AAPL,0,0,427,1,600,105,63,1,2000,2,213,0,0.718250631,0.001682086,1.009251472,0.176619008,0.105971405,0.001682086,3.364171573,0.003364172,0.358284272,-0.606641249,0
2024-10-21T12:12:31.397839079Z,AAPL,0,0,0,0,0,0,0,0,0,0,0,0,0,0,0,0,0,0,0,0,0,0,0
2024-10-21T12:12:31.425804077Z,AAPL,0,0,-427,-1,-600,-105,-63,-1,-2000,-2,-213,0,-0.71982468,-0.001685772,-1.01146325,-0.177006069,-0.106203641,-0.001685772,-3.371544167,-0.003371544,-0.359069454,0.607970706,0
2024-10-21T12:12:31.453857757Z,AAPL,0,0,400,0,0,0,0,0,0,0,0,0,0.674308833,0,0,0,0,0,0,0,0,-0.042986016,0
2024-10-21T12:12:31.678952187Z,AAPL,0,0,0,-28,-1200,-1,-505,-10,-100,-15,-110,0,0,-0.047345282,-2.029083531,-0.001690903,-0.853905986,-0.016909029,-0.169090294,-0.025363544,-0.185999324,0.535286058,0
2024-10-21T12:12:31.679008317Z,AAPL,0,0,30,400,1200,1,505,10,100,15,110,0,0.050556117,0.674081564,2.022244692,0.001685204,0.851027974,0.016852039,0.168520391,0.025278059,0.18537243,-0.602489966,0
2024-10-21T12:12:31.733377635Z,AAPL,0,0,200,30,0,0,0,0,0,0,0,0,0.348796652,0.052319498,0,0,0,0,0,0,0,-0.027725482,0
2024-10-21T12:12:41.238712131Z,AAPL,0,0,-200,0,0,0,0,0,0,0,0,0,-0.348796652,0,0,0,0,0,0,0,0,0.02223518,0
2024-10-21T12:12:43.651347870Z,AAPL,0,0,-200,-30,-1200,-1,-505,-10,-100,-15,-110,0,-0.360750361,-0.054112554,-2.164502165,-0.001803752,-0.910894661,-0.018037518,-0.18037518,-0.027056277,-0.198412698,0.594386189,0
2024-10-21T12:12:43.731132036Z,AAPL,0,0,0,400,1200,1,505,10,100,15,110,0,0,0.674081564,2.022244692,0.001685204,0.851027974,0.016852039,0.168520391,0.025278059,0.18537243,-0.599267102,0
2024-10-21T12:12:43.731655758Z,AAPL,0,0,-30,-400,-1200,-1,-505,-10,-100,-15,-110,0,-0.050727088,-0.676361177,-2.029083531,-0.001690903,-0.853905986,-0.016909029,-0.169090294,-0.025363544,-0.185999324,0.60452747,0
2024-10-21T12:12:43.731785539Z,AAPL,0,0,0,29,1200,1,505,10,100,15,110,0,0,0.048879151,2.022585539,0.001685488,0.851171414,0.016854879,0.168548795,0.025282319,0.185403674,-0.533748715,0
2024-10-21T12:12:46.780372537Z,AAPL,0,0,200,0,0,0,0,0,0,0,0,0,0.348857492,0,0,0,0,0,0,0,0,-0.022239059,0
2024-10-21T12:12:47.484476304Z,AAPL,0,0,-200,-29,-1200,-1,-505,-10,-100,-15,-110,0,-0.360815443,-0.052318239,-2.164892657,-0.001804077,-0.911058993,-0.018040772,-0.180407721,-0.027061158,-0.198448494,0.594304104,0
2024-10-21T12:12:47.484693420Z,AAPL,-154,-154,-200,-427,-1,-600,-105,-63,-1,-2000,-2,-0.273001241,-0.354547066,-0.756957986,-0.001772735,-1.063641198,-0.18613721,-0.111682326,-0.001772735,-3.545470661,-0.003545471,0.546254286,0
2024-10-21T12:12:47.485023375Z,AAPL,154,154,200,427,1,600,105,63,1,2000,2,0.277827891,0.360815443,0.770340971,0.001804077,1.082446329,0.189428108,0.113656865,0.001804077,3.608154429,0.003608154,-0.555912038,0
2024-10-21T12:12:47.604468075Z,AAPL,0,0,400,29,1200,1,505,10,100,15,110,0,0.67419518,0.048879151,2.022585539,0.001685488,0.851171414,0.016854879,0.168548795,0.025282319,0.185403674,-0.576727486,0
2024-10-21T12:12:47.736191420Z,AAPL,0,0,-200,0,0,0,0,0,0,0,0,0,-0.32610468,0,0,0,0,0,0,0,0,0.020788606,0
2024-10-21T12:12:48.104146428Z,AAPL,0,0,0,0,0,0,0,0,0,0,0,0,0,0,0,0,0,0,0,0,0,0,-10
2024-10-21T12:12:48.104146428Z,AAPL,-10,-10,-400,-29,-1200,-1,-505,-10,-100,-15,-110,-0.016305234,-0.652209359,-0.047285179,-1.956628078,-0.001630523,-0.823414316,-0.016305234,-0.16305234,-0.024457851,-0.179357574,0.558244749,0
2024-10-21T12:12:48.104167967Z,AAPL,-154,-154,-400,-427,-1,-600,-105,-63,-1,-2000,-2,-0.24715134,-0.641951533,-0.685283261,-0.001604879,-0.962927299,-0.168512277,-0.101107366,-0.001604879,-3.209757663,-0.003209758,0.514992288,0
2024-10-21T12:12:48.104178898Z,AAPL,-400,-400,-29,-1200,-1,-505,-10,-100,-15,-110,-10,-0.673287325,-0.048813331,-2.019861976,-0.001683218,-0.850025248,-0.016832183,-0.168321831,-0.025248275,-0.185154014,-0.016832183,0.373762537,0
2024-10-21T12:12:48.104181225Z,AAPL,-100,-100,0,0,0,0,0,0,0,0,0,-0.165535507,0,0,0,0,0,0,0,0,0,0.003295602,0
2024-10-21T12:12:48.104185923Z,AAPL,100,100,0,0,0,0,0,0,0,0,0,0.168321831,0,0,0,0,0,0,0,0,0,-0.003351075,0
2024-10-21T12:12:48.104190565Z,AAPL,-100,-100,-154,-400,-427,-1,-600,-105,-63,-1,-2000,-0.252844501,-0.389380531,-1.011378003,-1.079646018,-0.002528445,-1.517067004,-0.265486726,-0.159292035,-0.002528445,-5.056890013,1.002856382,0
2024-10-21T12:12:48.104196514Z,AAPL,-16,-16,0,0,0,0,0,0,0,0,0,-0.040292118,0,0,0,0,0,0,0,0,0,0.000802165,0
2024-10-21T12:12:48.104209602Z,AAPL,0,0,-16,0,0,0,0,0,0,0,0,0,-0.040130424,0,0,0,0,0,0,0,0,0.002558245,0
2024-10-21T12:12:48.104217612Z,AAPL,0,0,100,0,0,0,0,0,0,0,0,0,0.257267816,0,0,0,0,0,0,0,0,-0.016400376,0
2024-10-21T12:12:48.176175311Z,AAPL,0,0,27,1200,1,505,10,100,15,110,10,0,0.070977918,3.154574132,0.002628812,1.327549947,0.026288118,0.262881178,0.039432177,0.289169295,0.026288118,-0.562464072,0
2024-10-21T12:12:48.176204532Z,AAPL,-29,-29,-27,-1200,-1,-505,-10,-100,-15,-110,-10,-0.074646075,-0.069498069,-3.088803089,-0.002574003,-1.2998713,-0.025740026,-0.257400257,-0.038610039,-0.283140283,-0.025740026,0.55222313,0
2024-10-21T12:12:48.176852661Z,AAPL,-27,-27,-1200,-1,-505,-10,-100,-15,-110,-10,-110,-0.068216271,-3.03183426,-0.002526529,-1.275896918,-0.025265285,-0.252652855,-0.037897928,-0.27791814,-0.025265285,-0.27791814,0.528104753,0
2024-10-21T12:12:48.179929431Z,AAPL,0,0,0,0,0,-427,-1,-600,-105,-63,-1,0,0,0,0,-1.071249373,-0.002508781,-1.50526844,-0.263421977,-0.158053186,-0.002508781,0.35055652,0
2024-10-21T12:12:48.179967058Z,AAPL,0,0,0,0,0,0,27,0,0,0,0,0,0,0,0,0,0.06819904,0,0,0,0,-0.008660319,0
2024-10-21T12:12:48.204254179Z,AAPL,14,14,0,0,0,0,0,0,0,0,0,0.035487959,0,0,0,0,0,0,0,0,0,-0.00070652,0
2024-10-21T12:12:48.204281167Z,AAPL,0,0,154,400,29,400,1,600,105,63,1,0,0.391857506,1.017811705,0.073791349,1.017811705,0.002544529,1.526717557,0.267175573,0.160305344,0.002544529,-0.492953033,0
2024-10-21T12:12:48.213961498Z,AAPL,0,0,400,1,505,10,100,15,110,10,110,0,0.945626478,0.002364066,1.193853428,0.023640662,0.236406619,0.035460993,0.260047281,0.023640662,0.260047281,-0.372311386,0
2024-10-21T12:12:48.232970230Z,AAPL,0,0,0,200,0,0,0,0,0,0,0,0,0,0.496277916,0,0,0,0,0,0,0,-0.052078395,0
2024-10-21T12:12:48.232983049Z,AAPL,0,0,0,-200,0,0,0,0,0,0,0,0,0,-0.496277916,0,0,0,0,0,0,0,0.052078395,0
2024-10-21T12:12:48.247336117Z,AAPL,0,0,-400,-1,-505,-10,-100,-15,-110,-10,-110,0,-1.072386059,-0.002680965,-1.353887399,-0.026809651,-0.268096515,-0.040214477,-0.294906166,-0.026809651,-0.294906166,0.422219078,0
2024-10-21T12:12:48.247348435Z,AAPL,0,0,0,400,505,10,100,15,110,10,110,0,0,0.992555831,1.253101737,0.024813896,0.248138958,0.037220844,0.272952854,0.024813896,0.272952854,-0.431411067,0
2024-10-21T12:12:48.306851049Z,AAPL,400,400,1200,1,0,0,0,0,0,0,0,0.992555831,2.977667494,0.00248139,0,0,0,0,0,0,0,-0.209842048,0
2024-10-21T12:12:48.347879918Z,AAPL,0,0,0,29,400,1,600,105,63,1,2000,0,0,0.04974271,0.686106346,0.001715266,1.02915952,0.180102916,0.10806175,0.001715266,3.430531732,-0.584459985,0
2024-10-21T12:12:48.347893041Z,AAPL,0,0,0,-29,-400,-1,-600,-105,-63,-1,-2000,0,0,-0.06855792,-0.945626478,-0.002364066,-1.418439716,-0.24822695,-0.14893617,-0.002364066,-4.728132388,0.805532319,0
2024-10-21T12:12:48.363762750Z,AAPL,154,154,400,29,400,1,600,105,63,1,2000,0.247827486,0.643707757,0.046668812,0.643707757,0.001609269,0.965561635,0.168973286,0.101383972,0.001609269,3.218538783,-0.59431191,0
2024-10-21T12:12:49.107274312Z,AAPL,-400,-400,-1200,-1,-505,-10,-100,-15,-110,-10,-110,-0.676361177,-2.029083531,-0.001690903,-0.853905986,-0.016909029,-0.169090294,-0.025363544,-0.185999324,-0.016909029,-0.185999324,0.365995636,0
2024-10-21T12:12:49.117556478Z,AAPL,200,200,1200,1,505,10,100,15,110,10,110,0.332557366,1.995344197,0.001662787,0.83970735,0.016627868,0.166278683,0.024941802,0.182906551,0.016627868,0.182906551,-0.353289112,0
2024-10-21T12:12:49.170094147Z,AAPL,0,0,0,0,28,505,10,100,15,110,10,0,0,0,0.047201618,0.851314902,0.016857721,0.168577208,0.025286581,0.185434929,0.016857721,-0.154187472,0
2024-10-21T12:12:49.179568062Z,AAPL,200,200,0,0,0,0,0,0,0,0,0,0.32615786,0,0,0,0,0,0,0,0,0,-0.00649339,0
2024-10-21T12:12:50.108656247Z,AAPL,-200,-200,0,0,0,0,0,0,0,0,0,-0.337154417,0,0,0,0,0,0,0,0,0,0.006712318,0
2024-10-21T12:12:50.108666090Z,AAPL,-200,-200,-1200,-1,-28,-505,-10,-100,-15,-110,-10,-0.342348511,-2.054091065,-0.001711743,-0.047928792,-0.86442999,-0.017117426,-0.171174255,-0.025676138,-0.188291681,-0.017117426,0.294502922,0
2024-10-21T12:12:50.212175433Z,AAPL,400,400,1200,1,28,505,10,100,15,110,10,0.652315721,1.956947162,0.001630789,0.0456621,0.823548598,0.016307893,0.16307893,0.02446184,0.179386823,0.016307893,-0.287068418,0
2024-10-21T12:12:50.565304171Z,AAPL,0,0,0,0,-28,-505,-10,-100,-15,-110,-10,0,0,0,-0.045059543,-0.812681043,-0.016092694,-0.160926939,-0.024139041,-0.177019633,-0.016092694,0.147190229,0
2024-10-21T12:12:50.565427767Z,AAPL,0,0,26,1200,1,505,10,100,15,110,10,0,0.042414356,1.957585644,0.001631321,0.823817292,0.016313214,0.163132137,0.024469821,0.179445351,0.016313214,-0.348935701,0
2024-10-21T12:12:50.565500981Z,AAPL,0,0,0,400,1,600,105,63,1,2000,2,0,0,0.655415369,0.001638538,0.983123054,0.172046534,0.103227921,0.001638538,3.277076847,0.003277077,-0.474345601,0
2024-10-21T12:12:50.565554902Z,AAPL,0,0,0,-30,0,0,0,0,0,0,0,0,0,-0.048915702,0,0,0,0,0,0,0,0.005133114,0
2024-10-21T12:12:50.573844808Z,AAPL,-200,-200,0,0,0,0,0,0,0,0,0,-0.33709759,0,0,0,0,0,0,0,0,0,0.006711186,0
2024-10-21T12:12:50.619549454Z,AAPL,-200,-200,-26,-1200,-1,-505,-10,-100,-15,-110,-10,-0.34228992,-0.04449769,-2.053739517,-0.00171145,-0.864282047,-0.017114496,-0.17114496,-0.025671744,-0.188259456,-0.017114496,0.372889494,0
2024-10-21T12:12:50.619562205Z,AAPL,0,0,-400,0,0,0,0,0,0,0,0,0,-0.708842814,0,0,0,0,0,0,0,0,0.045187497,0
2024-10-21T12:12:50.622623771Z,AAPL,0,0,-200,0,0,0,0,0,0,0,0,0,-0.354421407,0,0,0,0,0,0,0,0,0.022593748,0
2024-10-21T12:12:50.641554545Z,AAPL,200,200,26,1200,1,505,10,100,15,110,10,0.348857492,0.045351474,2.09314495,0.001744287,0.880865167,0.017442875,0.174428746,0.026164312,0.19187162,0.017442875,-0.380044185,0
2024-10-21T12:12:50.682363924Z,AAPL,0,0,430,1,600,105,63,1,2000,2,213,0,0.748346676,0.001740341,1.044204664,0.182735816,0.10964149,0.001740341,3.480682214,0.003480682,0.370692656,-0.627983758,0
2024-10-21T12:12:50.682376586Z,AAPL,0,0,-430,-1,-600,-105,-63,-1,-2000,-2,-213,0,-0.724759818,-0.001685488,-1.011292769,-0.176976235,-0.106185741,-0.001685488,-3.370975898,-0.003370976,-0.359008933,0.608190574,0
2024-10-21T12:12:50.736513051Z,AAPL,-200,-200,-26,-1200,-1,-505,-10,-100,-15,-110,-10,-0.34228992,-0.04449769,-2.053739517,-0.00171145,-0.864282047,-0.017114496,-0.17114496,-0.025671744,-0.188259456,-0.017114496,0.372889494,0
2024-10-21T12:12:50.837707032Z,AAPL,200,200,26,1200,1,505,10,100,15,110,10,0.33709759,0.043822687,2.022585539,0.001685488,0.851171414,0.016854879,0.168548795,0.025282319,0.185403674,0.016854879,-0.367232988,0
2024-10-21T12:12:50.886487788Z,AAPL,-200,-200,-26,-1200,-1,-505,-10,-100,-15,-110,-10,-0.34228992,-0.04449769,-2.053739517,-0.00171145,-0.864282047,-0.017114496,-0.17114496,-0.025671744,-0.188259456,-0.017114496,0.372889494,0
2024-10-21T12:12:50.986777714Z,AAPL,200,200,26,1200,1,505,10,100,15,110,10,0.33709759,0.043822687,2.022585539,0.001685488,0.851171414,0.016854879,0.168548795,0.025282319,0.185403674,0.016854879,-0.367232988,0
2024-10-21T12:12:51.039337327Z,AAPL,-200,-200,-26,-1200,-1,-505,-10,-100,-15,-110,-10,-0.34228992,-0.04449769,-2.053739517,-0.00171145,-0.864282047,-0.017114496,-0.17114496,-0.025671744,-0.188259456,-0.017114496,0.372889494,0
2024-10-21T12:12:51.147897247Z,AAPL,200,200,26,1200,1,505,10,100,15,110,10,0.33709759,0.043822687,2.022585539,0.001685488,0.851171414,0.016854879,0.168548795,0.025282319,0.185403674,0.016854879,-0.367232988,0
2024-10-21T12:12:51.221379329Z,AAPL,-200,-200,-26,-1200,-1,-505,-10,-100,-15,-110,-10,-0.34228992,-0.04449769,-2.053739517,-0.00171145,-0.864282047,-0.017114496,-0.17114496,-0.025671744,-0.188259456,-0.017114496,0.372889494,0
2024-10-21T12:12:51.329937404Z,AAPL,200,200,26,1200,1,505,10,100,15,110,10,0.33709759,0.043822687,2.022585539,0.001685488,0.851171414,0.016854879,0.168548795,0.025282319,0.185403674,0.016854879,-0.367232988,0
2024-10-21T12:12:51.374411634Z,AAPL,-200,-200,-26,-1200,-1,-505,-10,-100,-15,-110,-10,-0.34228992,-0.04449769,-2.053739517,-0.00171145,-0.864282047,-0.017114496,-0.17114496,-0.025671744,-0.188259456,-0.017114496,0.372889494,0
2024-10-21T12:12:51.475039269Z,AAPL,200,200,26,1200,1,505,10,100,15,110,10,0.33709759,0.043822687,2.022585539,0.001685488,0.851171414,0.016854879,0.168548795,0.025282319,0.185403674,0.016854879,-0.367232988,0
2024-10-21T12:12:51.507076220Z,AAPL,-200,-200,-26,-1200,-1,-505,-10,-100,-15,-110,-10,-0.34228992,-0.04449769,-2.053739517,-0.00171145,-0.864282047,-0.017114496,-0.17114496,-0.025671744,-0.188259456,-0.017114496,0.372889494,0
2024-10-21T12:12:51.709226597Z,AAPL,200,200,26,1200,1,505,10,100,15,110,10,0.33709759,0.043822687,2.022585539,0.001685488,0.851171414,0.016854879,0.168548795,0.025282319,0.185403674,0.016854879,-0.367232988,0
2024-10-21T12:12:52.481246232Z,AAPL,-200,-200,-26,-1200,-1,-505,-10,-100,-15,-110,-10,-0.34228992,-0.04449769,-2.053739517,-0.00171145,-0.864282047,-0.017114496,-0.17114496,-0.025671744,-0.188259456,-0.017114496,0.372889494,0
2024-10-21T12:12:52.582845276Z,AAPL,200,200,26,1200,1,505,10,100,15,110,10,0.33709759,0.043822687,2.022585539,0.001685488,0.851171414,0.016854879,0.168548795,0.025282319,0.185403674,0.016854879,-0.367232988,0
2024-10-21T12:12:53.922861024Z,AAPL,0,0,-26,-1200,-1,-505,-10,-100,-15,-110,-10,0,-0.043210902,-1.994349344,-0.001661958,-0.839288682,-0.016619578,-0.166195779,-0.024929367,-0.182815356,-0.016619578,0.355488756,0
2024-10-21T12:12:53.922963386Z,AAPL,0,0,27,1200,1,505,10,100,15,110,10,0,0.045500506,2.022244692,0.001685204,0.851027974,0.016852039,0.168520391,0.025278059,0.18537243,0.016852039,-0.360568475,0
2024-10-21T12:12:59.628865467Z,AAPL,200,200,0,0,0,0,0,0,0,0,0,0.337040782,0,0,0,0,0,0,0,0,0,-0.006710055,0
2024-10-21T12:12:59.643737494Z,AAPL,0,0,26,27,1200,1,505,10,100,15,110,0,0.043697479,0.045378151,2.016806723,0.001680672,0.848739496,0.016806723,0.168067227,0.025210084,0.18487395,-0.534656625,0
2024-10-21T12:12:59.691625988Z,AAPL,0,0,0,-27,-1200,-1,-505,-10,-100,-15,-110,0,0,-0.045508175,-2.022585539,-0.001685488,-0.851171414,-0.016854879,-0.168548795,-0.025282319,-0.185403674,0.533394972,0
2024-10-21T12:12:59.691649558Z,AAPL,0,0,-26,-1200,-1,-505,-10,-100,-15,-110,-10,0,-0.043210902,-1.994349344,-0.001661958,-0.839288682,-0.016619578,-0.166195779,-0.024929367,-0.182815356,-0.016619578,0.355488756,0
2024-10-21T12:12:59.691721965Z,AAPL,0,0,26,1200,1,505,10,100,15,110,10,0,0.043822687,2.022585539,0.001685488,0.851171414,0.016854879,0.168548795,0.025282319,0.185403674,0.016854879,-0.360521801,0
2024-10-21T12:13:11.883729412Z,AAPL,0,0,430,1,600,105,63,1,2000,2,213,0,0.748346676,0.001740341,1.044204664,0.182735816,0.10964149,0.001740341,3.480682214,0.003480682,0.370692656,-0.627983758,0
2024-10-21T12:13:11.920609443Z,AAPL,0,0,-430,-1,-600,-105,-63,-1,-2000,-2,-213,0,-0.750043607,-0.001744287,-1.046572475,-0.183150183,-0.10989011,-0.001744287,-3.488574917,-0.003488575,-0.371533229,0.629407757,0
2024-10-21T12:13:11.948637105Z,AAPL,0,0,-200,0,0,0,0,0,0,0,0,0,-0.33709759,0,0,0,0,0,0,0,0,0.021489385,0
2024-10-21T12:13:21.542992246Z,AAPL,0,0,200,0,0,0,0,0,0,0,0,0,0.348857492,0,0,0,0,0,0,0,0,-0.022239059,0
2024-10-21T12:13:21.543002194Z,AAPL,0,0,430,1,600,105,63,1,2000,2,213,0,0.748346676,0.001740341,1.044204664,0.182735816,0.10964149,0.001740341,3.480682214,0.003480682,0.370692656,-0.627983758,0
2024-10-21T12:13:21.543013145Z,AAPL,0,0,-430,-1,-600,-105,-63,-1,-2000,-2,-213,0,-0.724759818,-0.001685488,-1.011292769,-0.176976235,-0.106185741,-0.001685488,-3.370975898,-0.003370976,-0.359008933,0.608190574,0
2024-10-21T12:13:21.617135979Z,AAPL,0,0,-26,-1200,-1,-505,-10,-100,-15,-110,-10,0,-0.043210902,-1.994349344,-0.001661958,-0.839288682,-0.016619578,-0.166195779,-0.024929367,-0.182815356,-0.016619578,0.355488756,0
2024-10-21T12:13:21.617220419Z,AAPL,0,0,26,1200,1,505,10,100,15,110,10,0,0.043822687,2.022585539,0.001685488,0.851171414,0.016854879,0.168548795,0.025282319,0.185403674,0.016854879,-0.360521801,0
2024-10-21T12:13:22.557831797Z,AAPL,0,0,-400,0,0,0,0,0,0,0,0,0,-0.67419518,0,0,0,0,0,0,0,0,0.04297877,0
2024-10-21T12:13:25.371930587Z,AAPL,200,200,0,0,0,0,0,0,0,0,0,0.33709759,0,0,0,0,0,0,0,0,0,-0.006711186,0
2024-10-21T12:13:25.495542627Z,AAPL,0,0,-26,-1200,-1,-505,-10,-100,-15,-110,-10,0,-0.043210902,-1.994349344,-0.001661958,-0.839288682,-0.016619578,-0.166195779,-0.024929367,-0.182815356,-0.016619578,0.355488756,0
2024-10-21T12:13:25.495588580Z,AAPL,0,0,27,1200,1,505,10,100,15,110,10,0,0.045500506,2.022244692,0.001685204,0.851027974,0.016852039,0.168520391,0.025278059,0.18537243,0.016852039,-0.360568475,0
2024-10-21T12:13:29.150340169Z,AAPL,0,0,0,0,-1,-600,-105,-63,-1,-2000,-2,0,0,0,-0.00167729,-1.0063737,-0.176115398,-0.105669239,-0.00167729,-3.354579,-0.003354579,0.415159232,0
2024-10-21T12:13:29.268636112Z,AAPL,0,0,0,30,0,0,0,0,0,0,0,0,0,0.050573163,0,0,0,0,0,0,0,-0.005307045,0
2024-10-21T12:13:32.213682828Z,AAPL,0,0,400,30,1,600,105,63,1,2000,2,0,0.722804481,0.054210336,0.001807011,1.084206722,0.189736176,0.113841706,0.001807011,3.614022407,0.003614022,-0.499033931,0
2024-10-21T12:13:32.213695191Z,AAPL,0,0,-400,-30,-1,-600,-105,-63,-1,-2000,-2,0,-0.674308833,-0.050573163,-0.001685772,-1.01146325,-0.177006069,-0.106203641,-0.001685772,-3.371544167,-0.003371544,0.465551884,0
2024-10-21T12:13:32.278804796Z,AAPL,200,200,0,0,0,0,0,0,0,0,0,0.337154417,0,0,0,0,0,0,0,0,0,-0.006712318,0
2024-10-21T12:13:32.362327800Z,AAPL,0,0,0,0,1,600,105,63,1,2000,2,0,0,0,0.001693767,1.016260163,0.177845528,0.106707317,0.001693767,3.387533875,0.003387534,-0.419237693,0
2024-10-21T12:13:32.401872088Z,AAPL,0,0,-27,-1200,-1,-505,-10,-100,-15,-110,-10,0,-0.045097712,-2.004342743,-0.001670286,-0.843494238,-0.016702856,-0.167028562,-0.025054284,-0.183731418,-0.016702856,0.357376537,0
2024-10-21T12:13:32.412631196Z,AAPL,0,0,0,-400,-1,-600,-105,-63,-1,-2000,-2,0,0,-0.665335995,-0.00166334,-0.998003992,-0.174650699,-0.104790419,-0.00166334,-3.326679973,-0.00332668,0.481525483,0
2024-10-21T12:13:34.144724456Z,AAPL,100,100,200,1200,1,505,10,100,15,110,10,0.16661113,0.333222259,1.999333555,0.001666111,0.841386205,0.016661113,0.16661113,0.024991669,0.183272243,0.016661113,-0.378175034,0
2024-10-21T12:13:34.145172866Z,AAPL,-100,-100,-200,-1200,-1,-505,-10,-100,-15,-110,-10,-0.166333999,-0.332667997,-1.996007984,-0.00166334,-0.839986693,-0.0166334,-0.166333999,-0.0249501,-0.182967399,-0.0166334,0.377546001,0
2024-10-21T12:13:34.215278319Z,AAPL,0,0,0,400,1,600,105,63,1,2000,2,0,0,0.668114248,0.001670286,1.002171371,0.17537999,0.105227994,0.001670286,3.340571238,0.003340571,-0.483536196,0
2024-10-21T12:13:34.277424242Z,AAPL,0,0,-400,0,0,0,0,0,0,0,0,0,-0.691204424,0,0,0,0,0,0,0,0,0.04406308,0
2024-10-21T12:13:35.061077358Z,AAPL,200,200,0,0,0,0,0,0,0,0,0,0.345602212,0,0,0,0,0,0,0,0,0,-0.006880503,0
2024-10-21T12:13:35.075174042Z,AAPL,-200,-200,-1200,-1,-505,-10,-100,-15,-110,-10,-110,-0.351679269,-2.110075611,-0.001758396,-0.887990153,-0.017583963,-0.175839634,-0.026375945,-0.193423598,-0.017583963,-0.193423598,0.373603081,0
2024-10-21T12:13:35.075183720Z,AAPL,200,200,1200,1,505,10,100,15,110,10,110,0.345602212,2.073613271,0.001728011,0.872645585,0.017280111,0.172801106,0.025920166,0.190081217,0.017280111,0.190081217,-0.367147178,0
2024-10-21T12:13:35.077473825Z,AAPL,0,0,400,1,600,105,63,1,2000,2,213,0,0.689655172,0.001724138,1.034482759,0.181034483,0.10862069,0.001724138,3.448275862,0.003448276,0.367241379,-0.618839689,0
2024-10-21T12:13:35.077485044Z,AAPL,0,0,-400,-1,-600,-105,-63,-1,-2000,-2,-213,0,-0.691204424,-0.001728011,-1.036806636,-0.181441161,-0.108864697,-0.001728011,-3.456022119,-0.003456022,-0.368066356,0.620229859,0
2024-10-21T12:13:35.086566953Z,AAPL,-200,-200,-1200,-1,-505,-10,-100,-15,-110,-10,-110,-0.351679269,-2.110075611,-0.001758396,-0.887990153,-0.017583963,-0.175839634,-0.026375945,-0.193423598,-0.017583963,-0.193423598,0.373603081,0
2024-10-21T12:13:35.086579076Z,AAPL,400,400,1200,1,505,10,100,15,110,10,110,0.668114248,2.004342743,0.001670286,0.843494238,0.016702856,0.167028562,0.025054284,0.183731418,0.016702856,0.183731418,-0.36153302,0
2024-10-21T12:13:35.108095991Z,AAPL,0,0,0,0,0,0,0,0,0,0,0,0,0,0,0,0,0,0,0,0,0,0,0
2024-10-21T12:13:35.108095991Z,AAPL,0,0,0,0,0,0,0,0,0,0,0,0,0,0,0,0,0,0,0,0,0,0,0
2024-10-21T12:13:35.108095991Z,AAPL,0,0,0,0,0,0,0,0,0,0,0,0,0,0,0,0,0,0,0,0,0,0,0
2024-10-21T12:13:35.146372690Z,AAPL,-400,-400,-1200,-1,-505,-10,-100,-15,-110,-10,-110,-0.703358537,-2.110075611,-0.001758396,-0.887990153,-0.017583963,-0.175839634,-0.026375945,-0.193423598,-0.017583963,-0.193423598,0.38060457,0
2024-10-21T12:13:35.146384339Z,AAPL,200,200,0,0,0,0,0,0,0,0,0,0.339731612,0,0,0,0,0,0,0,0,0,-0.006763626,0
2024-10-21T12:13:35.167869345Z,AAPL,-200,-200,0,0,0,0,0,0,0,0,0,-0.351679269,0,0,0,0,0,0,0,0,0,0.007001489,0
2024-10-21T12:13:35.175791647Z,AAPL,0,0,0,200,505,10,100,15,110,10,110,0,0,0.345602212,0.872645585,0.017280111,0.172801106,0.025920166,0.190081217,0.017280111,0.190081217,-0.264162894,0
2024-10-21T12:13:35.333929432Z,AAPL,0,0,0,200,0,0,0,0,0,0,0,0,0,0.345602212,0,0,0,0,0,0,0,-0.036266793,0
2024-10-21T12:13:35.352296693Z,AAPL,200,200,0,-200,-505,-10,-100,-15,-110,-10,-110,0.339731612,0,-0.339731612,-0.85782232,-0.016986581,-0.169865806,-0.025479871,-0.186852387,-0.016986581,-0.186852387,0.252912043,0
2024-10-21T12:13:35.424351548Z,AAPL,200,200,1200,1,505,10,100,15,110,10,110,0.345602212,2.073613271,0.001728011,0.872645585,0.017280111,0.172801106,0.025920166,0.190081217,0.017280111,0.190081217,-0.367147178,0
2024-10-21T12:13:38.131971887Z,AAPL,200,200,0,0,0,0,0,0,0,0,0,0.345602212,0,0,0,0,0,0,0,0,0,-0.006880503,0
2024-10-21T12:13:42.509087486Z,AAPL,0,0,29,1200,1,505,10,100,15,110,10,0,0.050823694,2.103049422,0.001752541,0.885033298,0.017525412,0.175254118,0.026288118,0.19277953,0.017525412,-0.375199491,0
2024-10-21T12:13:42.509120725Z,AAPL,0,0,0,-29,0,0,0,0,0,0,0,0,0,-0.050566696,0,0,0,0,0,0,0,0.005306366,0
2024-10-21T12:13:45.327353906Z,AAPL,0,0,-200,0,0,0,0,0,0,0,0,0,-0.348735833,0,0,0,0,0,0,0,0,0.022231303,0
2024-10-21T12:13:45.348280342Z,AAPL,0,0,0,29,0,0,0,0,0,0,0,0,0,0.050823694,0,0,0,0,0,0,0,-0.005333335,0
2024-10-21T12:13:45.348322946Z,AAPL,0,0,0,-400,-1,-600,-105,-63,-1,-2000,-2,0,0,-0.698080279,-0.001745201,-1.047120419,-0.183246073,-0.109947644,-0.001745201,-3.490401396,-0.003490401,0.505223596,0
2024-10-21T12:13:45.469056600Z,AAPL,0,0,0,0,0,0,0,0,0,0,0,0,0,0,0,0,0,0,0,0,0,0,0
2024-10-21T12:13:45.811467280Z,AAPL,0,0,0,0,0,0,0,0,0,0,0,0,0,0,0,0,0,0,0,0,0,0,23
2024-10-21T12:13:45.811467280Z,AAPL,0,0,0,0,0,0,0,0,0,0,0,0,0,0,0,0,0,0,0,0,0,0,23
2024-10-21T12:13:45.811467280Z,AAPL,20,20,0,0,0,0,0,0,0,0,0,0.03502627,0,0,0,0,0,0,0,0,0,-0.000697329,3
2024-10-21T12:13:45.811467280Z,AAPL,3,3,0,0,0,0,0,0,0,0,0,0.005256702,0,0,0,0,0,0,0,0,0,-0.000104654,20
2024-10-21T12:13:45.811476289Z,AAPL,0,0,26,400,1,600,105,63,1,2000,2,0,0.047195498,0.726084589,0.001815211,1.089126883,0.190597205,0.114358323,0.001815211,3.630422944,0.003630423,-0.528499864,0
2024-10-21T12:13:45.811491355Z,AAPL,100,100,200,29,1200,1,505,10,100,15,110,0.178603322,0.357206644,0.051794963,2.143239864,0.001786033,0.901946776,0.017860332,0.178603322,0.026790498,0.196463654,-0.591915768,0
2024-10-21T12:13:45.811500957Z,AAPL,100,100,100,200,29,1200,1,505,10,100,15,0.178922884,0.178922884,0.357845768,0.051887636,2.147074611,0.001789229,0.903560565,0.017892288,0.178922884,0.026838433,-0.453966176,0
2024-10-21T12:13:45.811510984Z,AAPL,0,0,0,0,0,0,0,0,0,0,0,0,0,0,0,0,0,0,0,0,0,0,156
2024-10-21T12:13:45.811510984Z,AAPL,27,27,0,0,0,0,0,0,0,0,0,0.048543689,0,0,0,0,0,0,0,0,0,-0.000966443,129
2024-10-21T12:13:45.811510984Z,AAPL,50,50,0,0,0,0,0,0,0,0,0,0.090711176,0,0,0,0,0,0,0,0,0,-0.001805945,106
2024-10-21T12:13:45.811510984Z,AAPL,2,2,0,0,0,0,0,0,0,0,0,0.003629764,0,0,0,0,0,0,0,0,0,-7.23E-05,154
2024-10-21T12:13:45.811510984Z,AAPL,1,1,0,0,0,0,0,0,0,0,0,0.001815211,0,0,0,0,0,0,0,0,0,-3.61E-05,155
2024-10-21T12:13:45.811510984Z,AAPL,50,50,0,0,0,0,0,0,0,0,0,0.091591867,0,0,0,0,0,0,0,0,0,-0.001823478,106
2024-10-21T12:13:45.811510984Z,AAPL,26,26,400,1,600,105,63,1,2000,2,213,0.045847293,0.705342973,0.001763357,1.05801446,0.18515253,0.111091518,0.001763357,3.526714865,0.003526715,0.375595133,-0.633829389,130
2024-10-21T12:13:45.811530148Z,AAPL,0,0,-100,-200,-29,-1200,-1,-505,-10,-100,-15,0,-0.176025348,-0.352050695,-0.051047351,-2.112304172,-0.001760253,-0.888928006,-0.017602535,-0.176025348,-0.026403802,0.443110055,0
2024-10-21T12:13:45.811542984Z,AAPL,100,100,100,200,29,1200,1,505,10,100,15,0.176335743,0.176335743,0.352671487,0.051137366,2.116028919,0.001763357,0.890495503,0.017633574,0.176335743,0.026450361,-0.447402038,0
2024-10-21T12:13:45.811544514Z,AAPL,24,24,0,0,0,0,0,0,0,0,0,0.04214223,0,0,0,0,0,0,0,0,0,-0.000838998,0
2024-10-21T12:13:45.811549682Z,AAPL,0,0,100,100,200,29,1200,1,505,10,100,0,0.173010381,0.173010381,0.346020761,0.05017301,2.076124567,0.001730104,0.873702422,0.017301038,0.173010381,-0.459542779,0
2024-10-21T12:13:45.811550754Z,AAPL,28,28,0,0,0,0,0,0,0,0,0,0.048209366,0,0,0,0,0,0,0,0,0,-0.000959787,0
2024-10-21T12:13:45.811554820Z,AAPL,100,100,0,0,0,0,0,0,0,0,0,0.169262018,0,0,0,0,0,0,0,0,0,-0.003369793,0
2024-10-21T12:13:45.811565809Z,AAPL,100,100,0,28,100,200,29,1200,1,505,10,0.168463612,0,0.047169811,0.168463612,0.336927224,0.048854447,2.021563342,0.001684636,0.85074124,0.016846361,-0.399382657,0
2024-10-21T12:13:45.811576962Z,AAPL,100,100,0,0,0,0,0,0,0,0,0,0.165672631,0,0,0,0,0,0,0,0,0,-0.003298332,0
2024-10-21T12:13:45.811587865Z,AAPL,100,100,0,0,0,0,0,0,0,0,0,0.162972621,0,0,0,0,0,0,0,0,0,-0.003244579,0
2024-10-21T12:13:45.811599315Z,AAPL,0,0,100,0,0,0,0,0,0,0,0,0,0.160359205,0,0,0,0,0,0,0,0,-0.01022262,0
2024-10-21T12:13:45.811625820Z,AAPL,-100,-100,0,0,0,0,0,0,0,0,0,-0.162972621,0,0,0,0,0,0,0,0,0,0.003244579,0
2024-10-21T12:13:45.811631245Z,AAPL,0,0,0,0,0,0,0,0,0,0,0,0,0,0,0,0,0,0,0,0,0,0,0
2024-10-21T12:13:45.811639570Z,AAPL,0,0,-100,0,0,0,0,0,0,0,0,0,-0.165672631,0,0,0,0,0,0,0,0,0.010561342,0
2024-10-21T12:13:45.811642361Z,AAPL,-100,-100,0,0,0,0,0,0,0,0,0,-0.168463612,0,0,0,0,0,0,0,0,0,0.003353897,0
2024-10-21T12:13:45.811656818Z,AAPL,-100,-100,0,0,0,0,0,0,0,0,0,-0.17135024,0,0,0,0,0,0,0,0,0,0.003411366,0
2024-10-21T12:13:45.811672313Z,AAPL,-100,-100,0,0,0,0,0,0,0,0,0,-0.174337517,0,0,0,0,0,0,0,0,0,0.003470839,0
2024-10-21T12:13:45.811687403Z,AAPL,-100,-100,0,0,0,0,0,0,0,0,0,-0.177430802,0,0,0,0,0,0,0,0,0,0.003532423,0
2024-10-21T12:13:45.811702067Z,AAPL,0,0,-100,-28,-100,-200,-29,-1200,-1,-505,-10,0,-0.177430802,-0.049680625,-0.177430802,-0.354861604,-0.051454933,-2.129169624,-0.001774308,-0.89602555,-0.01774308,0.428419975,0
2024-10-21T12:13:45.812035805Z,AAPL,0,0,0,0,100,200,29,1200,1,505,10,0,0,0,0.177430802,0.354861604,0.051454933,2.129169624,0.001774308,0.89602555,0.01774308,-0.411895686,0
2024-10-21T12:13:45.812481448Z,AAPL,0,0,0,0,-100,-200,-29,-1200,-1,-505,-10,0,0,0,-0.177430802,-0.354861604,-0.051454933,-2.129169624,-0.001774308,-0.89602555,-0.01774308,0.411895686,0
2024-10-21T12:13:45.813014463Z,AAPL,0,0,0,0,0,0,0,0,0,0,0,0,0,0,0,0,0,0,0,0,0,0,0
2024-10-21T12:13:45.813822327Z,AAPL,0,0,0,-100,-200,-29,-1200,-1,-505,-10,-100,0,0,-0.180147721,-0.360295442,-0.052242839,-2.161772654,-0.001801477,-0.909745992,-0.018014772,-0.180147721,0.467016574,0
2024-10-21T12:13:45.885550872Z,AAPL,400,400,1,600,105,63,1,2000,2,213,2,0.72371992,0.0018093,1.085579881,0.189976479,0.113985887,0.0018093,3.618599602,0.0036186,0.385380858,0.0036186,-0.647363522,0
2024-10-21T12:13:45.885603142Z,AAPL,0,0,0,-600,-105,-63,-1,-2000,-2,-213,-2,0,0,-1.080691643,-0.189121037,-0.113472622,-0.001801153,-3.602305476,-0.003602305,-0.383645533,-0.003602305,0.629990231,0
2024-10-21T12:13:45.911619430Z,AAPL,-24,-24,0,0,0,0,0,0,0,0,0,-0.04341534,0,0,0,0,0,0,0,0,0,0.000864344,0
2024-10-21T12:13:45.911645974Z,AAPL,0,0,-28,-200,-29,-1200,-1,-505,-10,-100,-15,0,-0.049910873,-0.356506239,-0.051693405,-2.139037433,-0.001782531,-0.900178253,-0.017825312,-0.178253119,-0.026737968,0.440536448,0
2024-10-21T12:13:45.935267342Z,AAPL,0,0,200,0,0,0,0,0,0,0,0,0,0.356506239,0,0,0,0,0,0,0,0,-0.022726653,0
2024-10-21T12:13:45.969596688Z,AAPL,-400,-400,-1,-27,-600,-105,-63,-1,-2000,-2,-213,-0.714668572,-0.001786671,-0.048240129,-1.072002859,-0.1876005,-0.1125603,-0.001786671,-3.573342862,-0.003573343,-0.380561015,0.614942548,0
2024-10-21T12:13:45.972210032Z,AAPL,400,400,1,27,600,105,63,1,2000,2,213,0.713012478,0.001782531,0.048128342,1.069518717,0.187165775,0.112299465,0.001782531,3.565062389,0.003565062,0.379679144,-0.613517547,0
2024-10-21T12:13:45.973580511Z,AAPL,0,0,0,0,-600,-105,-63,-1,-2000,-2,-213,0,0,0,-1.072002859,-0.1876005,-0.1125603,-0.001786671,-3.573342862,-0.003573343,-0.380561015,0.595538283,0
2024-10-21T12:13:46.001375930Z,AAPL,0,0,0,0,-200,0,0,0,0,0,0,0,0,0,-0.345006038,0,0,0,0,0,0,0.065799517,0
2024-10-21T12:13:46.030378750Z,AAPL,0,0,0,0,200,0,0,0,0,0,0,0,0,0,0.357334286,0,0,0,0,0,0,-0.06815076,0
2024-10-21T12:13:46.030391116Z,AAPL,-400,-400,-1,-27,-200,0,0,0,0,0,0,-0.690012075,-0.00172503,-0.046575815,-0.345006038,0,0,0,0,0,0,0.084534323,0
2024-10-21T12:13:46.063235483Z,AAPL,-28,-28,-200,-29,-1200,-1,-505,-10,-100,-15,-110,-0.048451289,-0.346080637,-0.050181692,-2.076483821,-0.001730403,-0.873853608,-0.017304032,-0.173040318,-0.025956048,-0.19034435,0.570998805,0
2024-10-21T12:13:46.072722298Z,AAPL,400,400,1,27,600,105,63,1,2000,2,213,0.715307582,0.001788269,0.048283262,1.072961373,0.18776824,0.112660944,0.001788269,3.576537911,0.003576538,0.380901288,-0.615492389,0
2024-10-21T12:13:46.072745549Z,AAPL,-200,-200,0,0,0,0,0,0,0,0,0,-0.345303867,0,0,0,0,0,0,0,0,0,0.006874563,0
2024-10-21T12:13:46.073052339Z,AAPL,0,0,-29,-1200,-1,-505,-10,-100,-15,-110,-10,0,-0.049378512,-2.043248766,-0.001702707,-0.859867189,-0.017027073,-0.17027073,-0.02554061,-0.187297804,-0.017027073,0.364530614,0
2024-10-21T12:13:46.073137112Z,AAPL,27,27,200,1200,1,505,10,100,15,110,10,0.046632124,0.345423143,2.07253886,0.001727116,0.872193437,0.017271157,0.172711572,0.025906736,0.189982729,0.017271157,-0.389511775,0
2024-10-21T12:13:46.123324204Z,AAPL,200,200,27,0,0,0,0,0,0,0,0,0.345423143,0.046632124,0,0,0,0,0,0,0,0,-0.009849654,0
2024-10-21T12:13:46.134353286Z,AAPL,-200,-200,-27,-1200,-1,-505,-10,-100,-15,-110,-10,-0.350877193,-0.047368421,-2.105263158,-0.001754386,-0.885964912,-0.01754386,-0.175438596,-0.026315789,-0.192982456,-0.01754386,0.38235628,0
2024-10-21T12:13:46.134366429Z,AAPL,0,0,200,1200,1,505,10,100,15,110,10,0,0.345423143,2.07253886,0.001727116,0.872193437,0.017271157,0.172711572,0.025906736,0.189982729,0.017271157,-0.388583389,0
2024-10-21T12:13:46.134809159Z,AAPL,-27,-27,-200,-1200,-1,-505,-10,-100,-15,-110,-10,-0.045973097,-0.340541461,-2.043248766,-0.001702707,-0.859867189,-0.017027073,-0.17027073,-0.02554061,-0.187297804,-0.017027073,0.384007012,0
2024-10-21T12:13:47.415362307Z,AAPL,0,0,27,1200,1,505,10,100,15,110,10,0,0.046632124,2.07253886,0.001727116,0.872193437,0.017271157,0.172711572,0.025906736,0.189982729,0.017271157,-0.369535981,0
2024-10-21T12:13:48.136368928Z,AAPL,200,200,0,0,0,0,0,0,0,0,0,0.357781753,0,0,0,0,0,0,0,0,0,-0.007122982,0
2024-10-21T12:13:48.136382005Z,AAPL,0,0,-1,-27,-600,-105,-63,-1,-2000,-2,-213,0,-0.001793079,-0.048413125,-1.07584723,-0.188273265,-0.112963959,-0.001793079,-3.586157432,-0.003586157,-0.381925767,0.602868658,0
2024-10-21T12:13:54.483288659Z,AAPL,0,0,-200,0,0,0,0,0,0,0,0,0,-0.34620045,0,0,0,0,0,0,0,0,0.022069677,0
2024-10-21T12:13:54.519759447Z,AAPL,0,0,200,0,0,0,0,0,0,0,0,0,0.358615743,0,0,0,0,0,0,0,0,-0.02286113,0
2024-10-21T12:13:54.519772638Z,AAPL,0,0,-200,0,0,0,0,0,0,0,0,0,-0.358615743,0,0,0,0,0,0,0,0,0.02286113,0
2024-10-21T12:13:55.034111535Z,AAPL,0,0,0,0,600,105,63,1,2000,2,213,0,0,0,1.041124414,0.182196773,0.109318064,0.001735207,3.470414715,0.003470415,0.369599167,-0.578384135,0
2024-10-21T12:13:55.034202690Z,AAPL,0,0,0,-28,0,0,0,0,0,0,0,0,0,-0.048350889,0,0,0,0,0,0,0,0.005073844,0
2024-10-21T12:13:56.094538941Z,AAPL,-200,-200,-27,-1200,-1,-505,-10,-100,-15,-110,-10,-0.350815646,-0.047360112,-2.104893878,-0.001754078,-0.885809507,-0.017540782,-0.175407823,-0.026311173,-0.192948606,-0.017540782,0.382289212,0
2024-10-21T12:13:56.094551306Z,AAPL,200,200,0,0,0,0,0,0,0,0,0,0.338925606,0,0,0,0,0,0,0,0,0,-0.00674758,0
2024-10-21T12:13:56.154206963Z,AAPL,0,0,-200,0,0,0,0,0,0,0,0,0,-0.327815112,0,0,0,0,0,0,0,0,0.020897643,0
2024-10-21T12:13:56.211718188Z,AAPL,0,0,200,0,0,0,0,0,0,0,0,0,0.338925606,0,0,0,0,0,0,0,0,-0.021605918,0
2024-10-21T12:13:56.211731379Z,AAPL,0,0,-200,0,0,0,0,0,0,0,0,0,-0.338925606,0,0,0,0,0,0,0,0,0.021605918,0
2024-10-21T12:14:01.070964390Z,AAPL,0,0,0,28,0,0,0,0,0,0,0,0,0,0.047675805,0,0,0,0,0,0,0,-0.005003002,0
2024-10-21T12:14:01.071015450Z,AAPL,0,0,0,-1,-600,-105,-63,-1,-2000,-2,-213,0,0,-0.001758396,-1.055037806,-0.184631616,-0.11077897,-0.001758396,-3.516792685,-0.003516793,-0.374538421,0.586298074,0
2024-10-21T12:14:01.088137086Z,AAPL,-27,-27,0,0,0,0,0,0,0,0,0,-0.04770318,0,0,0,0,0,0,0,0,0,0.00094971,0
2024-10-21T12:14:06.103454338Z,AAPL,5,5,200,1200,1,505,10,100,15,110,10,0.0090009,0.360036004,2.160216022,0.00180018,0.909090909,0.0180018,0.180018002,0.0270027,0.198019802,0.0180018,-0.405201306,0
2024-10-21T12:14:07.746740079Z,AAPL,0,0,-200,-1200,-1,-505,-10,-100,-15,-110,-10,0,-0.365965233,-2.1957914,-0.001829826,-0.924062214,-0.018298262,-0.182982617,-0.027447392,-0.201280878,-0.018298262,0.41169219,0
2024-10-21T12:14:07.746754069Z,AAPL,0,0,200,1200,1,505,10,100,15,110,10,0,0.360036004,2.160216022,0.00180018,0.909090909,0.0180018,0.180018002,0.0270027,0.198019802,0.0180018,-0.40502211,0
2024-10-21T12:14:10.801342166Z,AAPL,0,0,200,0,0,0,0,0,0,0,0,0,0.360036004,0,0,0,0,0,0,0,0,-0.022951669,0
2024-10-21T12:14:17.947438449Z,AAPL,0,0,200,0,0,0,0,0,0,0,0,0,0.360036004,0,0,0,0,0,0,0,0,-0.022951669,0
2024-10-21T12:14:17.957382887Z,AAPL,0,0,-200,-1200,-1,-505,-10,-100,-15,-110,-10,0,-0.365965233,-2.1957914,-0.001829826,-0.924062214,-0.018298262,-0.182982617,-0.027447392,-0.201280878,-0.018298262,0.41169219,0
2024-10-21T12:14:17.957395933Z,AAPL,0,0,200,1200,1,505,10,100,15,110,10,0,0.360036004,2.160216022,0.00180018,0.909090909,0.0180018,0.180018002,0.0270027,0.198019802,0.0180018,-0.40502211,0
2024-10-21T12:14:17.957453277Z,AAPL,0,0,27,1,600,105,63,1,2000,2,213,0,0.048491379,0.001795977,1.077586207,0.188577586,0.113146552,0.001795977,3.591954023,0.003591954,0.382543103,-0.601919752,0
2024-10-21T12:14:17.957465815Z,AAPL,0,0,-27,-1,-600,-105,-63,-1,-2000,-2,-213,0,-0.04860486,-0.00180018,-1.080108011,-0.189018902,-0.113411341,-0.00180018,-3.600360036,-0.00360036,-0.383438344,0.603328385,0
2024-10-21T12:14:18.056884935Z,AAPL,0,0,200,0,0,0,0,0,0,0,0,0,0.360036004,0,0,0,0,0,0,0,0,-0.022951669,0
2024-10-21T12:14:21.022254267Z,AAPL,0,0,200,0,0,0,0,0,0,0,0,0,0.360036004,0,0,0,0,0,0,0,0,-0.022951669,0
2024-10-21T12:14:21.336689135Z,AAPL,0,0,27,1,600,105,63,1,2000,2,213,0,0.048491379,0.001795977,1.077586207,0.188577586,0.113146552,0.001795977,3.591954023,0.003591954,0.382543103,-0.601919752,0
2024-10-21T12:14:21.336700928Z,AAPL,0,0,0,-200,0,0,0,0,0,0,0,0,0,-0.346740638,0,0,0,0,0,0,0,0.036386257,0
2024-10-21T12:14:21.392627701Z,AAPL,0,0,200,0,0,0,0,0,0,0,0,0,0.346740638,0,0,0,0,0,0,0,0,-0.022104113,0
2024-10-21T12:14:21.426981432Z,AAPL,0,0,201,600,105,63,1,2000,2,213,2,0,0.349991294,1.044750131,0.182831273,0.109698764,0.00174125,3.482500435,0.0034825,0.370886296,0.0034825,-0.631349429,0
2024-10-21T12:14:21.740586460Z,AAPL,0,0,0,29,1200,1,505,10,100,15,110,0,0,0.050329747,2.082610205,0.001735509,0.876431795,0.017355085,0.17355085,0.026032628,0.190905935,-0.54958888,0
2024-10-21T12:14:21.740617322Z,AAPL,0,0,0,-600,-105,-63,-1,-2000,-2,-213,-2,0,0,-1.036627505,-0.181409813,-0.108845888,-0.001727713,-3.455425017,-0.003455425,-0.368002764,-0.003455425,0.604303,0
2024-10-21T12:14:28.747219089Z,AAPL,0,0,200,0,0,0,0,0,0,0,0,0,0.345542502,0,0,0,0,0,0,0,0,-0.022027734,0
2024-10-21T12:14:37.348164372Z,AAPL,0,0,-200,-29,-1200,-1,-505,-10,-100,-15,-110,0,-0.357270454,-0.051804216,-2.143622722,-0.001786352,-0.902107896,-0.017863523,-0.178635227,-0.026795284,-0.19649875,0.588465104,0
2024-10-21T12:14:37.348177626Z,AAPL,0,0,200,29,1200,1,505,10,100,15,110,0,0.345542502,0.050103663,2.07325501,0.001727713,0.872494817,0.017277125,0.172771251,0.025915688,0.190048376,-0.569147832,0
2024-10-21T12:14:37.485431160Z,AAPL,0,0,200,0,0,0,0,0,0,0,0,0,0.345542502,0,0,0,0,0,0,0,0,-0.022027734,0
2024-10-21T12:14:41.549166803Z,AAPL,0,0,0,-29,-1200,-1,-505,-10,-100,-15,-110,0,0,-0.050268677,-2.080083203,-0.001733403,-0.875368348,-0.017334027,-0.173340267,-0.02600104,-0.190674294,0.548922019,0
2024-10-21T12:14:41.549212050Z,AAPL,0,0,28,200,1200,1,505,10,100,15,110,0,0.04838431,0.345602212,2.073613271,0.001728011,0.872645585,0.017280111,0.172801106,0.025920166,0.190081217,-0.581307165,0
2024-10-21T12:14:41.599590898Z,AAPL,0,0,200,28,0,0,0,0,0,0,0,0,0.345602212,0.04838431,0,0,0,0,0,0,0,-0.027108891,0
2024-10-21T12:14:43.205958056Z,AAPL,0,0,-201,-28,-600,-105,-63,-1,-2000,-2,-213,0,-0.360602799,-0.050233226,-1.076426265,-0.188374596,-0.113024758,-0.001794044,-3.588087549,-0.003588088,-0.382131324,0.626254827,0
2024-10-21T12:14:49.824694031Z,AAPL,0,0,-200,0,0,0,0,0,0,0,0,0,-0.346380326,0,0,0,0,0,0,0,0,0.022081143,0
2024-10-21T12:14:52.413893215Z,AAPL,0,0,-200,-28,-1200,-1,-505,-10,-100,-15,-110,0,-0.358166189,-0.050143266,-2.148997135,-0.001790831,-0.904369628,-0.017908309,-0.179083095,-0.026862464,-0.196991404,0.589752556,0
2024-10-21T12:14:52.413904869Z,AAPL,0,0,200,28,1200,1,505,10,100,15,110,0,0.346380326,0.048493246,2.078281954,0.001731902,0.874610322,0.017319016,0.173190163,0.025978524,0.190509179,-0.570346081,0
2024-10-21T12:14:52.473339217Z,AAPL,0,0,200,0,0,0,0,0,0,0,0,0,0.358808755,0,0,0,0,0,0,0,0,-0.022873434,0
2024-10-21T12:14:52.473352225Z,AAPL,0,0,-200,0,0,0,0,0,0,0,0,0,-0.358808755,0,0,0,0,0,0,0,0,0.022873434,0
2024-10-21T12:14:52.474399706Z,AAPL,0,0,0,0,600,105,63,1,2000,2,213,0,0,0,1.041847543,0.18232332,0.109393992,0.001736413,3.472825143,0.003472825,0.369855878,-0.57878586,0
2024-10-21T12:14:52.474453011Z,AAPL,0,0,0,-29,0,0,0,0,0,0,0,0,0,-0.050103663,0,0,0,0,0,0,0,0.005257776,0
2024-10-21T12:14:53.024665699Z,AAPL,0,0,-200,0,0,0,0,0,0,0,0,0,-0.334001336,0,0,0,0,0,0,0,0,0.021292004,0
2024-10-21T12:14:59.069065580Z,AAPL,0,0,200,0,0,0,0,0,0,0,0,0,0.334001336,0,0,0,0,0,0,0,0,-0.021292004,0
2024-10-21T12:15:05.174000161Z,AAPL,0,0,200,0,0,0,0,0,0,0,0,0,0.345542502,0,0,0,0,0,0,0,0,-0.022027734,0
2024-10-21T12:15:05.174010189Z,AAPL,0,0,30,600,105,63,1,2000,2,213,2,0,0.053667263,1.073345259,0.18783542,0.112701252,0.001788909,3.577817531,0.003577818,0.381037567,0.003577818,-0.629128845,0
2024-10-21T12:15:05.174024191Z,AAPL,0,0,-30,-600,-105,-63,-1,-2000,-2,-213,-2,0,-0.051831375,-1.036627505,-0.181409813,-0.108845888,-0.001727713,-3.455425017,-0.003455425,-0.368002764,-0.003455425,0.60760716,0
2024-10-21T12:15:08.174665588Z,AAPL,0,0,-200,0,0,0,0,0,0,0,0,0,-0.334001336,0,0,0,0,0,0,0,0,0.021292004,0
2024-10-21T12:15:12.192615974Z,AAPL,-400,-400,-400,-30,-600,-105,-63,-1,-2000,-2,-213,-0.680851064,-0.680851064,-0.05106383,-1.021276596,-0.178723404,-0.107234043,-0.001702128,-3.404255319,-0.003404255,-0.362553191,0.629674407,0
2024-10-21T12:15:12.193015032Z,AAPL,400,400,400,30,600,105,63,1,2000,2,213,0.668002672,0.668002672,0.0501002,1.002004008,0.175350701,0.105210421,0.001670007,3.34001336,0.003340013,0.355711423,-0.617791774,0
2024-10-21T12:15:12.197769369Z,AAPL,-400,-400,-400,-30,-600,-105,-63,-1,-2000,-2,-213,-0.675333446,-0.675333446,-0.050650008,-1.013000169,-0.17727503,-0.106365018,-0.001688334,-3.376667229,-0.003376667,-0.35961506,0.624571525,0
2024-10-21T12:15:12.197802997Z,AAPL,0,0,-200,-28,-1200,-1,-505,-10,-100,-15,-110,0,-0.348857492,-0.048840049,-2.09314495,-0.001744287,-0.880865167,-0.017442875,-0.174428746,-0.026164312,-0.19187162,0.574424956,0
2024-10-21T12:15:12.201874823Z,AAPL,400,400,400,30,600,105,63,1,2000,2,213,0.689893067,0.689893067,0.05174198,1.0348396,0.18109693,0.108658158,0.001724733,3.449465333,0.003449465,0.367368058,-0.638036761,0
2024-10-21T12:15:12.264450843Z,AAPL,0,0,0,28,1200,1,505,10,100,15,110,0,0,0.048143054,2.063273728,0.001719395,0.86829436,0.017193948,0.171939477,0.025790922,0.189133425,-0.544305665,0
2024-10-21T12:15:12.264477828Z,AAPL,0,0,-28,-28,-1200,-1,-505,-10,-100,-15,-110,0,-0.048292515,-0.048292515,-2.0696792,-0.001724733,-0.870989997,-0.017247327,-0.172473267,-0.02587099,-0.189720593,0.549074036,0
2024-10-21T12:15:12.268335051Z,AAPL,0,0,0,0,0,200,505,10,100,15,110,0,0,0,0,0.334001336,0.843353373,0.016700067,0.167000668,0.0250501,0.183700735,-0.182480685,0
2024-10-21T12:15:12.268635983Z,AAPL,0,0,-28,-1200,-1,-200,-505,-10,-100,-15,-110,0,-0.046901173,-2.010050251,-0.001675042,-0.335008375,-0.845896147,-0.016750419,-0.167504188,-0.025125628,-0.184254606,0.397270794,0
2024-10-21T12:15:12.270227323Z,AAPL,0,0,0,29,0,0,0,0,0,0,0,0,0,0.048813331,0,0,0,0,0,0,0,-0.005122372,0
2024-10-21T12:15:12.270326143Z,AAPL,-400,-400,-400,-1,-600,-105,-63,-1,-2000,-2,-213,-0.695047785,-0.695047785,-0.001737619,-1.042571677,-0.182450043,-0.109470026,-0.001737619,-3.475238923,-0.003475239,-0.370112945,0.637516096,0
2024-10-21T12:15:12.270365637Z,AAPL,0,0,0,-400,-1,-600,-105,-63,-1,-2000,-2,0,0,-0.692161274,-0.001730403,-1.03824191,-0.181692334,-0.109015401,-0.001730403,-3.460806368,-0.003460806,0.500939817,0
2024-10-21T12:15:12.318866641Z,AAPL,0,0,0,0,200,0,0,0,0,0,0,0,0,0,0.346080637,0,0,0,0,0,0,-0.066004465,0
2024-10-21T12:15:12.318878820Z,AAPL,0,0,0,0,200,0,0,0,0,0,0,0,0,0,0.358487184,0,0,0,0,0,0,-0.06837064,0
2024-10-21T12:15:12.318890689Z,AAPL,0,0,0,-400,1,600,105,63,1,2000,2,0,0,-0.691921813,0.001729805,1.037882719,0.181629476,0.108977686,0.001729805,3.459609064,0.003459609,-0.355548777,0
2024-10-21T12:15:12.327814809Z,AAPL,-27,-27,-400,-426,-1,-600,-105,-63,-1,-2000,-2,-0.04839577,-0.716974368,-0.763577702,-0.001792436,-1.075461552,-0.188205772,-0.112923463,-0.001792436,-3.584871841,-0.003584872,0.570457694,0
2024-10-21T12:15:12.391011950Z,AAPL,0,0,400,26,1,600,105,63,1,2000,2,0,0.720201656,0.046813108,0.001800504,1.080302485,0.189052935,0.113431761,0.001800504,3.601008282,0.003601008,-0.496481141,0
2024-10-21T12:15:12.404688523Z,AAPL,0,0,0,0,200,0,0,0,0,0,0,0,0,0,0.360100828,0,0,0,0,0,0,-0.068678394,0
2024-10-21T12:15:12.446815675Z,AAPL,0,0,0,200,1,0,0,0,0,0,0,0,0,0.360100828,0.001800504,0,0,0,0,0,0,-0.03813164,0
2024-10-21T12:15:12.518757844Z,AAPL,0,0,0,200,0,0,0,0,0,0,0,0,0,0.347584289,0,0,0,0,0,0,0,-0.036474788,0
2024-10-21T12:15:12.518889885Z,AAPL,400,400,26,1,600,105,63,1,2000,2,213,0.693601526,0.045084099,0.001734004,1.040402289,0.182070401,0.10924224,0.001734004,3.46800763,0.003468008,0.369342813,-0.594847691,0
2024-10-21T12:15:12.518901713Z,AAPL,-400,-400,-26,-1,-600,-105,-63,-1,-2000,-2,-213,-0.671817266,-0.043668122,-0.001679543,-1.007725899,-0.176352032,-0.105811219,-0.001679543,-3.359086329,-0.003359086,-0.357742694,0.576165038,0
2024-10-21T12:15:12.521642022Z,AAPL,200,200,0,0,0,0,0,0,0,0,0,0.347584289,0,0,0,0,0,0,0,0,0,-0.006919963,0
2024-10-21T12:15:12.529592990Z,AAPL,0,0,0,-200,0,0,0,0,0,0,0,0,0,-0.360100828,0,0,0,0,0,0,0,0.037788248,0
2024-10-21T12:15:12.529605412Z,AAPL,0,0,400,-200,-1,-505,-10,-100,-15,-110,-10,0,0.68212824,-0.34106412,-0.001705321,-0.861186903,-0.017053206,-0.17053206,-0.025579809,-0.187585266,-0.017053206,0.139500102,0
2024-10-21T12:15:12.575103526Z,AAPL,0,0,400,1200,1,505,10,100,15,110,10,0,0.695168578,2.085505735,0.001737921,0.87765033,0.017379214,0.173792145,0.026068822,0.191171359,0.017379214,-0.413172461,0
2024-10-21T12:15:12.619373396Z,AAPL,400,400,26,1,600,105,63,1,2000,2,213,0.693601526,0.045084099,0.001734004,1.040402289,0.182070401,0.10924224,0.001734004,3.46800763,0.003468008,0.369342813,-0.594847691,0
2024-10-21T12:15:12.619385902Z,AAPL,0,0,-200,0,0,0,0,0,0,0,0,0,-0.335176806,0,0,0,0,0,0,0,0,0.021366939,0
2024-10-21T12:15:12.655937741Z,AAPL,0,0,26,0,0,0,0,0,0,0,0,0,0.043763676,0,0,0,0,0,0,0,0,-0.002789858,0
2024-10-21T12:15:12.669684284Z,AAPL,0,0,200,0,0,0,0,0,0,0,0,0,0.348371364,0,0,0,0,0,0,0,0,-0.022208069,0
2024-10-21T12:15:13.051576352Z,AAPL,0,0,0,0,-600,-105,-63,-1,-2000,-2,-213,0,0,0,-1.079525009,-0.188916877,-0.113350126,-0.001799208,-3.598416697,-0.003598417,-0.383231378,0.599717123,0
2024-10-21T12:15:13.051605161Z,AAPL,0,0,0,27,1200,1,505,10,100,15,110,0,0,0.048430493,2.152466368,0.001793722,0.905829596,0.01793722,0.179372197,0.02690583,0.197309417,-0.567647062,0
2024-10-21T12:15:13.945967888Z,AAPL,0,0,-200,0,0,0,0,0,0,0,0,0,-0.346320346,0,0,0,0,0,0,0,0,0.02207732,0
2024-10-21T12:15:13.946489728Z,AAPL,0,0,0,0,600,105,63,1,2000,2,213,0,0,0,1.007049345,0.176233635,0.105740181,0.001678416,3.356831151,0.003356831,0.357502518,-0.559454141,0
2024-10-21T12:15:13.946532120Z,AAPL,0,0,0,-27,0,0,0,0,0,0,0,0,0,-0.045112782,0,0,0,0,0,0,0,0.004734044,0
2024-10-21T12:15:14.001009338Z,AAPL,0,0,200,0,0,0,0,0,0,0,0,0,0.345721694,0,0,0,0,0,0,0,0,-0.022039157,0
2024-10-21T12:15:14.001022189Z,AAPL,-400,-400,-200,0,0,0,0,0,0,0,0,-0.66833751,-0.334168755,0,0,0,0,0,0,0,0,0.034608431,0
2024-10-21T12:15:14.207183672Z,AAPL,0,0,100,0,0,0,0,0,0,0,0,0,0.164338537,0,0,0,0,0,0,0,0,-0.010476296,0
2024-10-21T12:15:14.207479344Z,AAPL,0,0,-100,0,0,0,0,0,0,0,0,0,-0.167084378,0,0,0,0,0,0,0,0,0.010651339,0
2024-10-21T12:15:14.278377067Z,AAPL,200,200,0,0,0,0,0,0,0,0,0,0.345721694,0,0,0,0,0,0,0,0,0,-0.006882881,0
2024-10-21T12:15:14.278559734Z,AAPL,400,400,28,600,105,63,1,2000,2,213,2,0.715947736,0.050116342,1.073921604,0.187936281,0.112761768,0.001789869,3.579738679,0.003579739,0.381242169,0.003579739,-0.643492073,0
2024-10-21T12:15:14.278572418Z,AAPL,0,0,-28,-600,-105,-63,-1,-2000,-2,-213,-2,0,-0.048401037,-1.037165082,-0.181503889,-0.108902334,-0.001728608,-3.45721694,-0.003457217,-0.368193604,-0.003457217,0.607701863,0
2024-10-21T12:15:14.278970387Z,AAPL,0,0,0,27,0,0,0,0,0,0,0,0,0,0.046891282,0,0,0,0,0,0,0,-0.004920676,0
2024-10-21T12:15:14.280591359Z,AAPL,0,0,-200,0,0,0,0,0,0,0,0,0,-0.335683115,0,0,0,0,0,0,0,0,0.021399215,0
2024-10-21T12:15:15.248901194Z,AAPL,0,0,200,0,0,0,0,0,0,0,0,0,0.347342827,0,0,0,0,0,0,0,0,-0.022142501,0
2024-10-21T12:15:15.248912868Z,AAPL,0,0,-200,0,0,0,0,0,0,0,0,0,-0.335683115,0,0,0,0,0,0,0,0,0.021399215,0
2024-10-21T12:15:17.923034484Z,AAPL,0,0,0,0,-600,-105,-63,-1,-2000,-2,-213,0,0,0,-1.03950104,-0.181912682,-0.109147609,-0.001732502,-3.465003465,-0.003465003,-0.369022869,0.577482289,0
2024-10-21T12:15:24.014190176Z,AAPL,0,0,-200,-27,-1200,-1,-505,-10,-100,-15,-110,0,-0.358294518,-0.04836976,-2.149767109,-0.001791473,-0.904693658,-0.017914726,-0.179147259,-0.026872089,-0.197061985,0.589775867,0
2024-10-21T12:15:24.014202142Z,AAPL,0,0,400,27,1200,1,505,10,100,15,110,0,0.669792364,0.045210985,2.009377093,0.001674481,0.84561286,0.016744809,0.167448091,0.025117214,0.1841929,-0.572609748,0
2024-10-21T12:15:24.014850794Z,AAPL,0,0,0,-27,-1200,-1,-505,-10,-100,-15,-110,0,0,-0.04534005,-2.01511335,-0.001679261,-0.848026868,-0.016792611,-0.167926113,-0.025188917,-0.184718724,0.531424411,0
2024-10-21T12:15:24.014897264Z,AAPL,0,0,0,29,1200,1,505,10,100,15,110,0,0,0.048543689,2.008704386,0.00167392,0.845329762,0.016739203,0.167392032,0.025108805,0.184131235,-0.530085559,0
2024-10-21T12:15:24.015005588Z,AAPL,0,0,0,0,600,105,63,1,2000,2,213,0,0,0,0.974025974,0.170454545,0.102272727,0.001623377,3.246753247,0.003246753,0.345779221,-0.541108404,0
2024-10-21T12:15:24.015059897Z,AAPL,0,0,0,-30,0,0,0,0,0,0,0,0,0,-0.048465267,0,0,0,0,0,0,0,0.005085846,0
2024-10-21T12:15:24.066509814Z,AAPL,-400,-400,-400,0,0,0,0,0,0,0,0,-0.667779633,-0.667779633,0,0,0,0,0,0,0,0,0.055864438,0
2024-10-21T12:15:27.519238798Z,AAPL,0,0,-400,-29,-1200,-1,-505,-10,-100,-15,-110,0,-0.714285714,-0.051785714,-2.142857143,-0.001785714,-0.901785714,-0.017857143,-0.178571429,-0.026785714,-0.196428571,0.611022174,0
2024-10-21T12:15:27.519251700Z,AAPL,0,0,200,29,1200,1,505,10,100,15,110,0,0.345423143,0.050086356,2.07253886,0.001727116,0.872193437,0.017271157,0.172711572,0.025906736,0.189982729,-0.568951235,0
2024-10-21T12:15:29.175215826Z,AAPL,0,0,0,0,0,0,0,0,0,0,0,0,0,0,0,0,0,0,0,0,0,0,-205
2024-10-21T12:15:29.175215826Z,AAPL,-205,-205,-600,-60,-1800,-106,-568,-11,-2100,-17,-323,-0.348817424,-1.020929045,-0.102092905,-3.062787136,-0.180364131,-0.966479496,-0.018717032,-3.573251659,-0.028926323,-0.549600136,1.183561705,0
2024-10-21T12:15:29.175239385Z,AAPL,0,0,-200,-400,-31,-600,-105,-63,-1,-2000,-2,0,-0.334728033,-0.669456067,-0.051882845,-1.0041841,-0.175732218,-0.105439331,-0.00167364,-3.347280335,-0.00334728,0.515421539,0
2024-10-21T12:15:29.175244705Z,AAPL,0,0,-100,-200,-400,-31,-600,-105,-63,-1,-2000,0,-0.249190132,-0.498380264,-0.996760528,-0.077248941,-1.495140792,-0.261649639,-0.156989783,-0.002491901,-4.983802641,0.918897009,0
2024-10-21T12:15:29.175252395Z,AAPL,0,0,0,-100,0,0,0,0,0,0,0,0,0,-0.243131534,0,0,0,0,0,0,0,0.025513729,0
2024-10-21T12:15:29.175261243Z,AAPL,0,0,0,0,0,0,0,0,0,0,0,0,0,0,0,0,0,0,0,0,0,0,187
2024-10-21T12:15:29.175261243Z,AAPL,187,187,0,0,0,0,0,0,0,0,0,0.476311768,0,0,0,0,0,0,0,0,0,-0.009482764,0
2024-10-21T12:15:29.175265540Z,AAPL,0,0,-38,0,0,0,0,0,0,0,0,0,-0.095862765,0,0,0,0,0,0,0,0,0.006111085,0
2024-10-21T12:15:29.175269965Z,AAPL,0,0,0,0,0,0,0,0,0,0,0,0,0,0,0,0,0,0,0,0,0,0,76
2024-10-21T12:15:29.175269965Z,AAPL,76,76,200,200,400,31,600,105,63,1,2000,0.129781421,0.341530055,0.341530055,0.683060109,0.052937158,1.024590164,0.179303279,0.107581967,0.00170765,3.415300546,-0.64317155,0
2024-10-21T12:15:29.175287761Z,AAPL,0,0,100,0,0,0,0,0,0,0,0,0,0.173731758,0,0,0,0,0,0,0,0,-0.011075098,0
2024-10-21T12:15:29.175293157Z,AAPL,38,38,0,0,0,0,0,0,0,0,0,0.066456803,0,0,0,0,0,0,0,0,0,-0.001323071,0
2024-10-21T12:15:29.175298862Z,AAPL,0,0,200,400,31,600,105,63,1,2000,2,0,0.355871886,0.711743772,0.055160142,1.067615658,0.18683274,0.112099644,0.001779359,3.558718861,0.003558719,-0.547979305,0
2024-10-21T12:15:29.175307953Z,AAPL,0,0,-200,-400,-31,-600,-105,-63,-1,-2000,-2,0,-0.353606789,-0.707213579,-0.054809052,-1.060820368,-0.185643564,-0.111386139,-0.001768034,-3.536067893,-0.003536068,0.54449146,0
2024-10-21T12:15:29.175318339Z,AAPL,0,0,0,400,31,600,105,63,1,2000,2,0,0,0.732869183,0.056797362,1.099303774,0.19237816,0.115426896,0.001832173,3.664345914,0.003664346,-0.540884422,0
2024-10-21T12:15:29.175376083Z,AAPL,38,38,200,29,1200,1,505,10,100,15,110,0.069267226,0.364564346,0.05286183,2.187386074,0.001822822,0.920524973,0.018228217,0.182282173,0.027342326,0.20051039,-0.601857997,0
2024-10-21T12:15:29.175388906Z,AAPL,0,0,38,200,29,1200,1,505,10,100,15,0,0.0701884,0.369412634,0.053564832,2.216475803,0.001847063,0.932766901,0.018470632,0.184706317,0.027705948,-0.457662412,0
2024-10-21T12:15:29.246390784Z,AAPL,0,0,0,-200,-29,-1200,-1,-505,-10,-100,-15,0,0,-0.3756574,-0.054470323,-2.253944403,-0.001878287,-0.948534936,-0.01878287,-0.1878287,-0.028174305,0.460848978,0
2024-10-21T12:15:29.246423576Z,AAPL,0,0,0,0,400,1200,1,505,10,100,15,0,0,0,0.712504453,2.137513359,0.001781261,0.899536872,0.017812611,0.178126113,0.026718917,-0.525695558,0
2024-10-21T12:15:29.246816914Z,AAPL,0,0,0,-29,-400,-1200,-1,-505,-10,-100,-15,0,0,-0.050921861,-0.7023705,-2.107111501,-0.001755926,-0.886742757,-0.017559263,-0.175592625,-0.026338894,0.523562225,0
2024-10-21T12:15:29.246910849Z,AAPL,0,0,0,0,28,1200,1,505,10,100,15,0,0,0,0.049884197,2.137894174,0.001781578,0.899697132,0.017815785,0.178157848,0.026723677,-0.399390136,0
2024-10-21T12:15:29.283764753Z,AAPL,0,0,400,31,600,105,63,1,2000,2,213,0,0.691085003,0.053559088,1.036627505,0.181409813,0.108845888,0.001727713,3.455425017,0.003455425,0.368002764,-0.62556178,0
2024-10-21T12:15:29.283775550Z,AAPL,0,0,-38,-400,-28,-1200,-1,-505,-10,-100,-15,0,-0.064846416,-0.682593857,-0.04778157,-2.04778157,-0.001706485,-0.861774744,-0.017064846,-0.170648464,-0.02559727,0.45831963,0
2024-10-21T12:15:29.283823523Z,AAPL,0,0,-400,-31,-600,-105,-63,-1,-2000,-2,-213,0,-0.661485034,-0.05126509,-0.992227551,-0.173639821,-0.104183893,-0.001653713,-3.30742517,-0.003307425,-0.352240781,0.598768246,0
2024-10-21T12:15:29.425332139Z,AAPL,400,400,400,31,600,105,63,1,2000,2,213,0.642880103,0.642880103,0.049823208,0.964320154,0.168756027,0.101253616,0.0016072,3.214400514,0.003214401,0.342333655,-0.594726217,0
2024-10-21T12:15:29.425342648Z,AAPL,-38,-38,-400,-28,-1200,-1,-505,-10,-100,-15,-110,-0.061349693,-0.645786245,-0.045205037,-1.937358734,-0.001614466,-0.815305134,-0.016144656,-0.161446561,-0.024216984,-0.177591217,0.553477577,0
2024-10-21T12:15:29.496494580Z,AAPL,-200,-200,0,0,0,0,0,0,0,0,0,-0.333667,0,0,0,0,0,0,0,0,0,0.006642888,0
2024-10-21T12:15:38.712816410Z,AAPL,200,200,0,0,0,0,0,0,0,0,0,0.345184674,0,0,0,0,0,0,0,0,0,-0.00687219,0
2024-10-21T12:15:38.816614723Z,AAPL,-200,-200,0,0,0,0,0,0,0,0,0,-0.333667,0,0,0,0,0,0,0,0,0,0.006642888,0
2024-10-21T12:15:39.207080252Z,AAPL,-400,-400,-400,-31,-600,-105,-63,-1,-2000,-2,-213,-0.689298639,-0.689298639,-0.053420644,-1.033947958,-0.180940893,-0.108564536,-0.001723247,-3.446493193,-0.003446493,-0.367051525,0.637667848,0
2024-10-21T12:15:39.207103673Z,AAPL,-200,-200,-28,-1200,-1,-505,-10,-100,-15,-110,-10,-0.350078768,-0.049011027,-2.100472606,-0.001750394,-0.883948888,-0.017503938,-0.175039384,-0.026255908,-0.192543322,-0.017503938,0.381597809,0
2024-10-21T12:15:39.207167970Z,AAPL,0,0,200,0,0,0,0,0,0,0,0,0,0.362778886,0,0,0,0,0,0,0,0,-0.023126523,0
2024-10-21T12:15:39.207241805Z,AAPL,0,0,400,31,600,105,63,1,2000,2,213,0,0.723850887,0.056098444,1.08577633,0.190010858,0.114006515,0.001809627,3.619254434,0.003619254,0.385450597,-0.655221061,0
2024-10-21T12:15:39.207535631Z,AAPL,400,400,31,600,105,63,1,2000,2,213,2,0.726480203,0.056302216,1.089720305,0.190701053,0.114420632,0.001816201,3.632401017,0.003632401,0.386850708,0.003632401,-0.653305968,0
2024-10-21T12:15:39.274707573Z,AAPL,-28,-28,-1200,-1,-505,-10,-100,-15,-110,-10,-110,-0.050197203,-2.151308713,-0.001792757,-0.905342417,-0.017927573,-0.179275726,-0.026891359,-0.197203299,-0.017927573,-0.197203299,0.374764736,0
2024-10-21T12:15:39.274794258Z,AAPL,0,0,28,1,505,10,100,15,110,10,110,0,0.050853614,0.001816201,0.917181257,0.018162005,0.181620051,0.027243008,0.199782056,0.018162005,0.199782056,-0.24295925,0
2024-10-21T12:15:39.314122970Z,AAPL,200,200,1200,28,1,505,10,100,15,110,10,0.357398142,2.144388849,0.05003574,0.001786991,0.902430307,0.017869907,0.178699071,0.026804861,0.196568978,0.017869907,-0.303310391,0
2024-10-21T12:15:39.314137186Z,AAPL,-400,-400,-31,-600,-105,-63,-1,-2000,-2,-213,-2,-0.667334001,-0.051718385,-1.001001001,-0.175175175,-0.105105105,-0.001668335,-3.336670003,-0.00333667,-0.355355355,-0.00333667,0.600117228,0
2024-10-21T12:15:40.360537773Z,AAPL,400,400,31,600,105,63,1,2000,2,213,2,0.714796283,0.055396712,1.072194425,0.187634024,0.112580415,0.001786991,3.573981415,0.003573981,0.380629021,0.003573981,-0.642798903,0
2024-10-21T12:15:40.360548894Z,AAPL,0,0,-31,-600,-105,-63,-1,-2000,-2,-213,-2,0,-0.051718385,-1.001001001,-0.175175175,-0.105105105,-0.001668335,-3.336670003,-0.00333667,-0.355355355,-0.00333667,0.586831452,0
2024-10-21T12:15:40.361097351Z,AAPL,0,0,0,30,0,0,0,0,0,0,0,0,0,0.050301811,0,0,0,0,0,0,0,-0.00527857,0
2024-10-21T12:15:40.361146693Z,AAPL,0,0,0,0,-600,-105,-63,-1,-2000,-2,-213,0,0,0,-1.038421599,-0.18172378,-0.109034268,-0.001730703,-3.461405331,-0.003461405,-0.368639668,0.576882619,0
2024-10-21T12:15:43.400846263Z,AAPL,-200,-200,-1200,-28,-1,-505,-10,-100,-15,-110,-10,-0.35161744,-2.109704641,-0.049226442,-0.001758087,-0.887834037,-0.017580872,-0.17580872,-0.026371308,-0.193389592,-0.017580872,0.298404526,0
2024-10-21T12:15:43.400859035Z,AAPL,200,200,1200,28,1,505,10,100,15,110,10,0.346140533,2.076843198,0.048459675,0.001730703,0.874004846,0.017307027,0.173070267,0.02596054,0.190377293,0.017307027,-0.293756481,0
2024-10-21T12:15:43.425405296Z,AAPL,0,0,0,0,600,105,63,1,2000,2,213,0,0,0,1.006036217,0.176056338,0.105633803,0.001676727,3.353454058,0.003353454,0.357142857,-0.55889131,0
2024-10-21T12:15:43.425456541Z,AAPL,0,0,0,0,-600,-105,-63,-1,-2000,-2,-213,0,0,0,-1.03860135,-0.181755236,-0.109053142,-0.001731002,-3.462004501,-0.003462005,-0.368703479,0.576982477,0
2024-10-21T12:15:43.454335483Z,AAPL,0,0,-400,0,0,0,0,0,0,0,0,0,-0.6924009,0,0,0,0,0,0,0,0,0.044139353,0
2024-10-21T12:15:43.462325554Z,AAPL,-400,-400,1,26,600,105,63,1,2000,2,213,-0.667779633,0.001669449,0.043405676,1.001669449,0.175292154,0.105175292,0.001669449,3.338898164,0.003338898,0.355592654,-0.547832084,0
2024-10-21T12:15:43.490467184Z,AAPL,0,0,0,0,30,0,0,0,0,0,0,0,0,0,0.049833887,0,0,0,0,0,0,-0.009504314,0
2024-10-21T12:15:43.546099003Z,AAPL,0,0,0,-28,-31,-505,-10,-100,-15,-110,-10,0,0,-0.045886595,-0.050803015,-0.827597509,-0.016388069,-0.163880695,-0.024582104,-0.180268764,-0.016388069,0.155644758,0
2024-10-21T12:15:43.594813115Z,AAPL,-800,-800,-1,-26,-600,-105,-63,-1,-2000,-2,-213,-1.406222535,-0.001757778,-0.045702232,-1.054666901,-0.184566708,-0.110740025,-0.001757778,-3.515556337,-0.003515556,-0.37440675,0.618811566,0
2024-10-21T12:15:43.981284269Z,AAPL,0,0,0,0,-26,-600,-105,-63,-1,-2000,-2,0,0,0,-0.045494313,-1.049868766,-0.183727034,-0.11023622,-0.001749781,-3.499562555,-0.003499563,0.4414452,0
2024-10-21T12:15:43.981579878Z,AAPL,0,0,0,0,0,600,105,63,1,2000,2,0,0,0,0,1.054296257,0.184501845,0.110701107,0.00175716,3.514320857,0.003514321,-0.434593594,0
2024-10-21T12:15:46.504444030Z,AAPL,-200,-200,-1200,-31,-505,-10,-100,-15,-110,-10,-110,-0.357717761,-2.146306564,-0.055446253,-0.903237346,-0.017885888,-0.17885888,-0.026828832,-0.196744768,-0.017885888,-0.196744768,0.385648741,0
2024-10-21T12:15:46.504456348Z,AAPL,200,200,1200,31,505,10,100,15,110,10,110,0.351432086,2.108592514,0.054471973,0.887366017,0.017571604,0.175716043,0.026357406,0.193287647,0.017571604,0.193287647,-0.378872274,0
2024-10-21T12:15:46.504469490Z,AAPL,-200,-200,0,0,0,0,0,0,0,0,0,-0.339500934,0,0,0,0,0,0,0,0,0,0.006759034,0
2024-10-21T12:15:46.593690522Z,AAPL,0,0,0,0,-28,-600,-105,-63,-1,-2000,-2,0,0,0,-0.047305288,-1.013684744,-0.17739483,-0.106436898,-0.001689475,-3.378949147,-0.003378949,0.4268751,0
2024-10-21T12:15:46.594059334Z,AAPL,0,0,0,0,0,600,105,63,1,2000,2,0,0,0,0,1.018157136,0.178177499,0.106906499,0.001696929,3.393857119,0.003393857,-0.419696613,0
2024-10-21T12:15:50.469736889Z,AAPL,200,200,0,0,0,0,0,0,0,0,0,0.351308625,0,0,0,0,0,0,0,0,0,-0.00699411,0
2024-10-21T12:15:55.593458354Z,AAPL,0,0,0,-30,0,0,0,0,0,0,0,0,0,-0.052975455,0,0,0,0,0,0,0,0.005559136,0
2024-10-21T12:15:55.593967834Z,AAPL,0,0,29,1200,1,505,10,100,15,110,10,0,0.051952705,2.149767109,0.001791473,0.904693658,0.017914726,0.179147259,0.026872089,0.197061985,0.017914726,-0.38353427,0
2024-10-21T12:15:55.643523614Z,AAPL,200,200,0,0,0,0,0,0,0,0,0,0.358294518,0,0,0,0,0,0,0,0,0,-0.00713319,0
2024-10-21T12:16:00.253343668Z,AAPL,-200,-200,0,0,0,0,0,0,0,0,0,-0.358294518,0,0,0,0,0,0,0,0,0,0.00713319,0
2024-10-21T12:16:02.523121028Z,AAPL,-200,-200,-29,-1200,-1,-505,-10,-100,-15,-110,-10,-0.36416606,-0.052804079,-2.184996358,-0.00182083,-0.919519301,-0.018208303,-0.18208303,-0.027312454,-0.200291333,-0.018208303,0.397069513,0
2024-10-21T12:16:02.523132984Z,AAPL,200,200,29,1200,1,505,10,100,15,110,10,0.358294518,0.051952705,2.149767109,0.001791473,0.904693658,0.017914726,0.179147259,0.026872089,0.197061985,0.017914726,-0.39066746,0
2024-10-21T12:16:02.592915859Z,AAPL,0,0,0,-27,0,0,0,0,0,0,0,0,0,-0.048136923,0,0,0,0,0,0,0,0.005051391,0
2024-10-21T12:16:02.697358278Z,AAPL,0,0,0,0,600,105,63,1,2000,2,213,0,0,0,1.035911602,0.18128453,0.108770718,0.001726519,3.453038674,0.003453039,0.367748619,-0.57548822,0
2024-10-21T12:16:04.305690771Z,AAPL,200,200,0,0,0,0,0,0,0,0,0,0.345303867,0,0,0,0,0,0,0,0,0,-0.006874563,0
2024-10-21T12:16:08.452195034Z,AAPL,-200,-200,-29,-1200,-1,-505,-10,-100,-15,-110,-10,-0.350754121,-0.050859348,-2.104524728,-0.001753771,-0.885654156,-0.017537706,-0.175377061,-0.026306559,-0.192914767,-0.017537706,0.382445767,0
2024-10-21T12:16:08.452206841Z,AAPL,200,200,29,1200,1,505,10,100,15,110,10,0.345303867,0.050069061,2.071823204,0.001726519,0.871892265,0.017265193,0.172651934,0.02589779,0.189917127,0.017265193,-0.376503067,0
2024-10-21T12:16:09.449805017Z,AAPL,0,0,-29,-1200,-1,-505,-10,-100,-15,-110,-10,0,-0.049378512,-2.043248766,-0.001702707,-0.859867189,-0.017027073,-0.17027073,-0.02554061,-0.187297804,-0.017027073,0.364530614,0
2024-10-21T12:16:09.449860480Z,AAPL,0,0,0,30,1,505,10,100,15,110,10,0,0,0.051786639,0.001726221,0.871741757,0.017262213,0.17262213,0.02589332,0.189884343,0.017262213,-0.154432436,0
2024-10-21T12:16:09.753811454Z,AAPL,-200,-200,-1200,-30,-1,-505,-10,-100,-15,-110,-10,-0.350692618,-2.104155708,-0.052603893,-0.001753463,-0.88549886,-0.017534631,-0.175346309,-0.026301946,-0.19288094,-0.017534631,0.297987674,0
2024-10-21T12:16:09.753823460Z,AAPL,200,200,1200,30,1,505,10,100,15,110,10,0.34524426,2.071465562,0.051786639,0.001726221,0.871741757,0.017262213,0.17262213,0.02589332,0.189884343,0.017262213,-0.29335814,0
2024-10-21T12:16:09.794081348Z,AAPL,-200,-200,0,0,0,0,0,0,0,0,0,-0.34524426,0,0,0,0,0,0,0,0,0,0.006873376,0
2024-10-21T12:16:09.813020869Z,AAPL,200,200,0,0,0,0,0,0,0,0,0,0.34524426,0,0,0,0,0,0,0,0,0,-0.006873376,0
2024-10-21T12:16:10.366504475Z,AAPL,-200,-200,0,0,0,0,0,0,0,0,0,-0.34524426,0,0,0,0,0,0,0,0,0,0.006873376,0
2024-10-21T12:16:10.387079865Z,AAPL,0,0,0,27,0,0,0,0,0,0,0,0,0,0.046826223,0,0,0,0,0,0,0,-0.004913849,0
2024-10-21T12:16:10.387136109Z,AAPL,0,0,0,-1,-600,-105,-63,-1,-2000,-2,-213,0,0,-0.001791473,-1.074883554,-0.188104622,-0.112862773,-0.001791473,-3.582945181,-0.003582945,-0.381583662,0.597326612,0
2024-10-21T12:16:12.011021598Z,AAPL,400,400,29,1,600,105,63,1,2000,2,213,0.714924039,0.051831993,0.00178731,1.072386059,0.18766756,0.112600536,0.00178731,3.574620197,0.00357462,0.380697051,-0.613476154,0
2024-10-21T12:16:12.011034600Z,AAPL,-400,-400,-29,-1,-600,-105,-63,-1,-2000,-2,-213,-0.716589036,-0.051952705,-0.001791473,-1.074883554,-0.188104622,-0.112862773,-0.001791473,-3.582945181,-0.003582945,-0.381583662,0.614904888,0
2024-10-21T12:16:12.100581387Z,AAPL,-200,-200,0,0,0,0,0,0,0,0,0,-0.358294518,0,0,0,0,0,0,0,0,0,0.00713319,0
2024-10-21T12:16:13.573710917Z,AAPL,-200,-200,0,0,0,0,0,0,0,0,0,-0.358294518,0,0,0,0,0,0,0,0,0,0.00713319,0
2024-10-21T12:16:14.439151195Z,AAPL,400,400,29,1,600,105,63,1,2000,2,213,0.714924039,0.051831993,0.00178731,1.072386059,0.18766756,0.112600536,0.00178731,3.574620197,0.00357462,0.380697051,-0.613476154,0
2024-10-21T12:16:14.439163159Z,AAPL,-400,-400,-29,-1,-600,-105,-63,-1,-2000,-2,-213,-0.716589036,-0.051952705,-0.001791473,-1.074883554,-0.188104622,-0.112862773,-0.001791473,-3.582945181,-0.003582945,-0.381583662,0.614904888,0
2024-10-21T12:16:14.647213365Z,AAPL,-200,-200,0,0,0,0,0,0,0,0,0,-0.358294518,0,0,0,0,0,0,0,0,0,0.00713319,0
2024-10-21T12:16:20.281774908Z,AAPL,-200,-200,-1200,-30,-1,-505,-10,-100,-15,-110,-10,-0.36416606,-2.184996358,-0.054624909,-0.00182083,-0.919519301,-0.018208303,-0.18208303,-0.027312454,-0.200291333,-0.018208303,0.309436217,0
2024-10-21T12:16:20.281786576Z,AAPL,200,200,1200,30,1,505,10,100,15,110,10,0.358294518,2.149767109,0.053744178,0.001791473,0.904693658,0.017914726,0.179147259,0.026872089,0.197061985,0.017914726,-0.304447099,0
2024-10-21T12:16:20.339168043Z,AAPL,200,200,0,0,0,0,0,0,0,0,0,0.358294518,0,0,0,0,0,0,0,0,0,-0.00713319,0
2024-10-21T12:16:20.352089791Z,AAPL,200,200,0,0,0,0,0,0,0,0,0,0.345901072,0,0,0,0,0,0,0,0,0,-0.006886453,0
2024-10-21T12:16:20.353055730Z,AAPL,-200,-200,0,0,0,0,0,0,0,0,0,-0.358294518,0,0,0,0,0,0,0,0,0,0.00713319,0
2024-10-21T12:16:20.448469192Z,AAPL,-200,-200,0,0,0,0,0,0,0,0,0,-0.358294518,0,0,0,0,0,0,0,0,0,0.00713319,0
2024-10-21T12:16:34.456311187Z,AAPL,0,0,0,1,600,105,63,1,2000,2,213,0,0,0.001734305,1.040582726,0.182101977,0.109261186,0.001734305,3.468609088,0.003468609,0.369406868,-0.578265201,0
2024-10-21T12:16:34.456367935Z,AAPL,0,0,0,-1,-600,-105,-63,-1,-2000,-2,-213,0,0,-0.001791152,-1.074691026,-0.18807093,-0.112842558,-0.001791152,-3.582303421,-0.003582303,-0.381515314,0.597219622,0
2024-10-21T12:16:35.928124957Z,AAPL,0,0,0,-30,-1,-505,-10,-100,-15,-110,-10,0,0,-0.052975455,-0.001765848,-0.891753488,-0.017658485,-0.176584849,-0.026487727,-0.194243334,-0.017658485,0.157977592,0
2024-10-21T12:16:35.928176126Z,AAPL,0,0,0,28,1,505,10,100,15,110,10,0,0,0.05017022,0.001791794,0.904855761,0.017917936,0.179179359,0.026876904,0.197097294,0.017917936,-0.159922656,0
2024-10-21T12:16:36.290091431Z,AAPL,0,0,-400,-30,-1,-600,-105,-63,-1,-2000,-2,0,-0.704349357,-0.052826202,-0.001760873,-1.056524036,-0.184891706,-0.110935024,-0.001760873,-3.521746786,-0.003521747,0.486292265,0
2024-10-21T12:16:37.672726079Z,AAPL,0,0,0,-28,-1,-505,-10,-100,-15,-110,-10,0,0,-0.048602673,-0.00173581,-0.876583926,-0.017358098,-0.173580976,-0.026037146,-0.190939073,-0.017358098,0.15492594,0
2024-10-21T12:16:37.672903531Z,AAPL,0,0,0,27,1,505,10,100,15,110,10,0,0,0.047551955,0.001761184,0.889397675,0.017611835,0.176118352,0.026417753,0.193730187,0.017611835,-0.157005805,0
2024-10-21T12:16:41.310907658Z,AAPL,-200,-200,-1200,-27,-1,-505,-10,-100,-15,-110,-10,-0.357909807,-2.14745884,-0.048317824,-0.001789549,-0.903722262,-0.01789549,-0.178954903,-0.026843236,-0.196850394,-0.01789549,0.30355683,0
2024-10-21T12:16:41.310921026Z,AAPL,0,0,200,27,1,505,10,100,15,110,10,0,0.352236703,0.047551955,0.001761184,0.889397675,0.017611835,0.176118352,0.026417753,0.193730187,0.017611835,-0.179460283,0
2024-10-21T12:16:42.498007357Z,AAPL,0,0,0,0,0,0,-600,-105,-63,-1,-2000,0,0,0,0,0,-1.588141874,-0.277924828,-0.166754897,-0.002646903,-5.293806247,0.691598404,0
2024-10-21T12:16:44.366509790Z,AAPL,200,200,1200,0,0,0,0,0,0,0,0,0.529380625,3.176283748,0,0,0,0,0,0,0,0,-0.213021864,0
2024-10-21T12:16:44.533794596Z,AAPL,-200,-200,-100,-400,-30,-1,-100,-600,-105,-63,-1,-0.527009223,-0.263504611,-1.054018445,-0.079051383,-0.002635046,-0.263504611,-1.581027668,-0.276679842,-0.166007905,-0.002635046,0.416079762,0
2024-10-21T12:16:44.802532155Z,AAPL,0,0,0,0,0,1,100,600,105,63,1,0,0,0,0,0.002655337,0.265533723,1.593202337,0.278810409,0.167286245,0.002655337,-0.265132537,0
2024-10-21T12:16:44.802578420Z,AAPL,0,0,0,0,-400,-1,-100,-600,-105,-63,-1,0,0,0,-1.054852321,-0.002637131,-0.26371308,-1.582278481,-0.276898734,-0.166139241,-0.002637131,0.464495975,0
2024-10-21T12:16:47.612239006Z,AAPL,0,0,-200,0,0,0,0,0,0,0,0,0,-0.501002004,0,0,0,0,0,0,0,0,0.031938007,0
2024-10-21T12:16:47.666876898Z,AAPL,0,0,200,0,0,0,0,0,0,0,0,0,0.52742616,0,0,0,0,0,0,0,0,-0.033622501,0
2024-10-21T12:16:47.666890051Z,AAPL,0,0,-200,0,0,0,0,0,0,0,0,0,-0.52742616,0,0,0,0,0,0,0,0,0.033622501,0
2024-10-21T12:16:47.926797838Z,AAPL,-200,-200,-1200,-27,-1,-505,-10,-100,-15,-110,-10,-0.540248514,-3.241491086,-0.072933549,-0.002701243,-1.364127499,-0.027012426,-0.270124257,-0.040518639,-0.297136683,-0.027012426,0.458205177,0
2024-10-21T12:16:47.926810269Z,AAPL,0,0,200,0,0,0,0,0,0,0,0,0,0.512557663,0,0,0,0,0,0,0,0,-0.03267466,0
2024-10-21T12:16:48.065603630Z,AAPL,0,0,0,0,400,1,100,600,105,63,1,0,0,0,1.031991744,0.002579979,0.257997936,1.547987616,0.270897833,0.1625387,0.002579979,-0.454429499,0
2024-10-21T12:16:48.065661214Z,AAPL,0,0,0,-100,-400,-1,-100,-600,-105,-63,-1,0,0,-0.256147541,-1.024590164,-0.002561475,-0.256147541,-1.536885246,-0.268954918,-0.161372951,-0.002561475,0.478049873,0
2024-10-21T12:16:48.122967378Z,AAPL,0,0,-200,0,0,0,0,0,0,0,0,0,-0.512295082,0,0,0,0,0,0,0,0,0.032657921,0
2024-10-21T12:16:48.228366485Z,AAPL,0,0,-200,0,0,0,0,0,0,0,0,0,-0.487329435,0,0,0,0,0,0,0,0,0.031066404,0
2024-10-21T12:16:48.283159712Z,AAPL,0,0,200,0,0,0,0,0,0,0,0,0,0.512295082,0,0,0,0,0,0,0,0,-0.032657921,0
2024-10-21T12:16:48.283173265Z,AAPL,0,0,-200,0,0,0,0,0,0,0,0,0,-0.512295082,0,0,0,0,0,0,0,0,0.032657921,0
2024-10-21T12:16:49.563776410Z,AAPL,200,200,29,100,400,1,100,600,105,63,1,0.514535632,0.074607667,0.257267816,1.029071263,0.002572678,0.257267816,1.543606895,0.270131207,0.162078724,0.002572678,-0.495140511,0
2024-10-21T12:16:49.564755651Z,AAPL,0,0,-200,0,0,0,0,0,0,0,0,0,-0.542446433,0,0,0,0,0,0,0,0,0.034580017,0
2024-10-21T12:16:49.635124163Z,AAPL,29,29,100,400,1,100,600,105,63,1,2000,0.052852196,0.182248952,0.728995808,0.00182249,0.182248952,1.093493712,0.1913614,0.11481684,0.00182249,3.644979041,-0.588148771,0
2024-10-21T12:16:49.635136826Z,AAPL,-29,-29,-100,-400,-1,-100,-600,-105,-63,-1,-2000,-0.074607667,-0.257267816,-1.029071263,-0.002572678,-0.257267816,-1.543606895,-0.270131207,-0.162078724,-0.002572678,-5.145356316,0.830247571,0
2024-10-21T12:16:49.635541646Z,AAPL,0,0,100,400,1,100,600,105,63,1,2000,0,0.170706726,0.682826903,0.001707067,0.170706726,1.024240355,0.179242062,0.107545237,0.001707067,3.414134517,-0.549914437,0
2024-10-21T12:16:49.635636984Z,AAPL,0,0,0,-400,-1,-100,-600,-105,-63,-1,-2000,0,0,-1.029071263,-0.002572678,-0.257267816,-1.543606895,-0.270131207,-0.162078724,-0.002572678,-5.145356316,0.812361851,0
2024-10-21T12:16:49.669495875Z,AAPL,0,0,200,0,0,0,0,0,0,0,0,0,0.489356496,0,0,0,0,0,0,0,0,-0.031195626,0
2024-10-21T12:16:49.706243840Z,AAPL,200,200,0,0,0,0,0,0,0,0,0,0.514535632,0,0,0,0,0,0,0,0,0,-0.010243753,0
2024-10-21T12:16:49.706441749Z,AAPL,100,100,29,400,1,100,600,105,63,1,2000,0.175839634,0.050993494,0.703358537,0.001758396,0.175839634,1.055037806,0.184631616,0.11077897,0.001758396,3.516792685,-0.561991602,0
2024-10-21T12:16:49.706453582Z,AAPL,-100,-100,-29,-400,-1,-100,-600,-105,-63,-1,-2000,-0.257267816,-0.074607667,-1.029071263,-0.002572678,-0.257267816,-1.543606895,-0.270131207,-0.162078724,-0.002572678,-5.145356316,0.822239836,0
2024-10-21T12:16:49.707051448Z,AAPL,0,0,0,400,1,100,600,105,63,1,2000,0,0,0.682826903,0.001707067,0.170706726,1.024240355,0.179242062,0.107545237,0.001707067,3.414134517,-0.53903218,0
2024-10-21T12:16:49.709446277Z,AAPL,-200,-200,0,0,0,0,0,0,0,0,0,-0.330141961,0,0,0,0,0,0,0,0,0,0.006572709,0
2024-10-21T12:16:50.277262708Z,AAPL,0,0,-27,0,0,0,0,0,0,0,0,0,-0.044768695,0,0,0,0,0,0,0,0,0.002853926,0
2024-10-21T12:16:50.277350058Z,AAPL,0,0,0,0,-27,0,0,0,0,0,0,0,0,0,-0.044569165,0,0,0,0,0,0,0.008500227,0
2024-10-21T12:16:50.277381197Z,AAPL,0,0,27,200,1,505,10,100,15,110,10,0,0.045188285,0.334728033,0.00167364,0.845188285,0.016736402,0.167364017,0.025104603,0.184100418,0.016736402,-0.182465887,0
2024-10-21T12:16:50.981459165Z,AAPL,200,200,0,-200,-1,-505,-10,-100,-15,-110,-10,0.328677075,0,-0.328677075,-0.001643385,-0.829909614,-0.016433854,-0.164338537,-0.024650781,-0.180772391,-0.016433854,0.169795263,0
2024-10-21T12:16:51.768772781Z,AAPL,141,141,1400,27,1,505,10,100,15,110,10,0.230542838,2.289077829,0.044146501,0.001635056,0.825703074,0.016350556,0.163505559,0.024525834,0.179856115,0.016350556,-0.296276314,0
2024-10-21T12:16:54.799759269Z,AAPL,0,0,0,0,0,0,0,0,0,0,0,0,0,0,0,0,0,0,0,0,0,0,0
2024-10-21T12:16:54.862528040Z,AAPL,0,0,0,0,27,0,0,0,0,0,0,0,0,0,0.044342257,0,0,0,0,0,0,-0.008456951,0
2024-10-21T12:16:54.862652964Z,AAPL,0,0,0,0,-1,-100,-600,-105,-63,-1,-2000,0,0,0,-0.002427774,-0.242777373,-1.456664239,-0.254916242,-0.152949745,-0.002427774,-4.855547463,0.664699842,0
2024-10-21T12:17:02.456505763Z,AAPL,200,200,0,0,0,0,0,0,0,0,0,0.510334269,0,0,0,0,0,0,0,0,0,-0.010160109,0
2024-10-21T12:17:02.456518211Z,AAPL,-200,-200,0,0,0,0,0,0,0,0,0,-0.485554746,0,0,0,0,0,0,0,0,0,0.00966678,0
2024-10-21T12:17:02.692703742Z,AAPL,0,0,200,0,0,0,0,0,0,0,0,0,0.463070155,0,0,0,0,0,0,0,0,-0.029519917,0
2024-10-21T12:17:02.695735412Z,AAPL,0,0,27,1600,27,1,505,10,100,15,110,0,0.062269373,3.6900369,0.062269373,0.002306273,1.164667897,0.023062731,0.230627306,0.034594096,0.253690037,-0.59856415,0
2024-10-21T12:17:02.695762734Z,AAPL,0,0,0,0,-27,-1,-505,-10,-100,-15,-110,0,0,0,-0.062514471,-0.002315351,-1.169252142,-0.023153508,-0.231535078,-0.034730262,-0.254688585,0.208185848,0
2024-10-21T12:17:02.743941560Z,AAPL,0,0,0,-200,0,0,0,0,0,0,0,0,0,-0.485554746,0,0,0,0,0,0,0,0.050953127,0
2024-10-21T12:17:02.743954174Z,AAPL,0,0,200,27,1200,1,505,10,100,15,110,0,0.486736432,0.065709418,2.920418593,0.002433682,1.229009491,0.024336822,0.243368216,0.036505232,0.267705038,-0.801199536,0
2024-10-21T12:17:04.308725875Z,AAPL,0,0,0,0,1,100,600,105,63,1,2000,0,0,0,0.001645007,0.16450074,0.987004442,0.172725777,0.103635466,0.001645007,3.290014805,-0.450386355,0
2024-10-21T12:17:04.308776780Z,AAPL,0,0,0,0,-1,-100,-600,-105,-63,-1,-2000,0,0,0,-0.002436054,-0.243605359,-1.461632156,-0.255785627,-0.153471376,-0.002436054,-4.872107186,0.666966785,0
2024-10-21T12:17:06.048294911Z,AAPL,0,0,-200,-27,-1200,-1,-505,-10,-100,-15,-110,0,-0.510855683,-0.068965517,-3.0651341,-0.002554278,-1.2899106,-0.025542784,-0.255427842,-0.038314176,-0.280970626,0.840901377,0
2024-10-21T12:17:06.048308319Z,AAPL,0,0,200,27,1200,1,505,10,100,15,110,0,0.487210719,0.065773447,2.923264312,0.002436054,1.230207065,0.024360536,0.243605359,0.036540804,0.267965895,-0.801980242,0
2024-10-21T12:17:07.403868087Z,AAPL,0,0,200,0,0,0,0,0,0,0,0,0,0.464576074,0,0,0,0,0,0,0,0,-0.029615917,0
2024-10-21T12:17:07.458672320Z,AAPL,0,0,-200,0,0,0,0,0,0,0,0,0,-0.487210719,0,0,0,0,0,0,0,0,0.031058836,0
2024-10-21T12:17:07.458684918Z,AAPL,0,0,200,0,0,0,0,0,0,0,0,0,0.487210719,0,0,0,0,0,0,0,0,-0.031058836,0
2024-10-21T12:17:10.980069944Z,AAPL,0,0,-200,-27,-1200,-1,-505,-10,-100,-15,-110,0,-0.510855683,-0.068965517,-3.0651341,-0.002554278,-1.2899106,-0.025542784,-0.255427842,-0.038314176,-0.280970626,0.840901377,0
2024-10-21T12:17:10.980083268Z,AAPL,0,0,200,27,1200,1,505,10,100,15,110,0,0.487210719,0.065773447,2.923264312,0.002436054,1.230207065,0.024360536,0.243605359,0.036540804,0.267965895,-0.801980242,0
2024-10-21T12:17:16.046891679Z,AAPL,0,0,200,0,0,0,0,0,0,0,0,0,0.464576074,0,0,0,0,0,0,0,0,-0.029615917,0
2024-10-21T12:17:16.101320234Z,AAPL,0,0,-200,0,0,0,0,0,0,0,0,0,-0.487210719,0,0,0,0,0,0,0,0,0.031058836,0
2024-10-21T12:17:16.101332500Z,AAPL,0,0,200,0,0,0,0,0,0,0,0,0,0.487210719,0,0,0,0,0,0,0,0,-0.031058836,0
2024-10-21T12:17:18.814227520Z,AAPL,10,10,141,200,27,1200,1,505,10,100,15,0.024968789,0.352059925,0.49937578,0.06741573,2.996254682,0.002496879,1.260923845,0.024968789,0.24968789,0.037453184,-0.634612106,0
2024-10-21T12:17:20.656823195Z,AAPL,0,0,0,-200,-27,-1200,-1,-505,-10,-100,-15,0,0,-0.510855683,-0.068965517,-3.0651341,-0.002554278,-1.2899106,-0.025542784,-0.255427842,-0.038314176,0.625733222,0
2024-10-21T12:17:20.662283454Z,AAPL,-400,-400,-100,-400,-26,-1,-100,-600,-105,-63,-1,-0.996512207,-0.249128052,-0.996512207,-0.064773293,-0.002491281,-0.249128052,-1.494768311,-0.261584454,-0.156950673,-0.002491281,0.401397949,0
2024-10-21T12:17:20.662744252Z,AAPL,400,400,100,400,26,1,100,600,105,63,1,1.021711367,0.255427842,1.021711367,0.066411239,0.002554278,0.255427842,1.53256705,0.268199234,0.16091954,0.002554278,-0.411548242,0
2024-10-21T12:17:20.719761250Z,AAPL,200,200,0,0,0,0,0,0,0,0,0,0.538358008,0,0,0,0,0,0,0,0,0,-0.010718027,0
2024-10-21T12:17:20.762539880Z,AAPL,0,0,0,200,27,1200,1,505,10,100,15,0,0,0.525624179,0.070959264,3.153745072,0.002628121,1.327201051,0.026281209,0.262812089,0.039421813,-0.64382275,0
2024-10-21T12:17:21.078904005Z,AAPL,0,0,0,200,0,0,0,0,0,0,0,0,0,0.49937578,0,0,0,0,0,0,0,-0.052403478,0
2024-10-21T12:17:21.133609901Z,AAPL,0,0,0,-200,0,0,0,0,0,0,0,0,0,-0.525624179,0,0,0,0,0,0,0,0.055157932,0
2024-10-21T12:17:21.133623109Z,AAPL,0,0,0,400,0,0,0,0,0,0,0,0,0,0.998751561,0,0,0,0,0,0,0,-0.104806957,0
2024-10-21T12:17:21.840211165Z,AAPL,100,100,400,26,1,100,600,105,63,1,2000,0.172265289,0.689061154,0.044788975,0.001722653,0.172265289,1.033591731,0.180878553,0.108527132,0.001722653,3.445305771,-0.523700999,0
2024-10-21T12:17:21.840224418Z,AAPL,0,0,0,-26,-1,-100,-600,-105,-63,-1,-2000,0,0,-0.064918851,-0.002496879,-0.24968789,-1.498127341,-0.262172285,-0.157303371,-0.002496879,-4.993757803,0.69043259,0
2024-10-21T12:17:22.072304747Z,AAPL,0,0,-200,26,1,100,600,105,63,1,2000,0,-0.333055787,0.043297252,0.001665279,0.166527893,0.999167361,0.174854288,0.104912573,0.001665279,3.330557868,-0.439248293,0
2024-10-21T12:17:22.085707892Z,AAPL,-100,-100,-600,-26,-1,-100,-600,-105,-63,-1,-2000,-0.246609125,-1.479654747,-0.064118372,-0.002466091,-0.246609125,-1.479654747,-0.258939581,-0.155363748,-0.002466091,-4.932182491,0.781154334,0
2024-10-21T12:17:24.840366131Z,AAPL,0,0,0,-200,0,0,0,0,0,0,0,0,0,-0.470035253,0,0,0,0,0,0,0,0.049324543,0
2024-10-21T12:17:24.840795392Z,AAPL,0,0,-28,0,0,0,0,0,0,0,0,0,-0.065374737,0,0,0,0,0,0,0,0,0.004167526,0
2024-10-21T12:17:24.840821231Z,AAPL,0,0,0,0,1,100,600,105,63,1,2000,0,0,0,0.00159821,0.159821,0.958926003,0.167812051,0.10068723,0.00159821,3.19642001,-0.437573702,0
2024-10-21T12:17:24.896015668Z,AAPL,0,0,0,200,0,0,0,0,0,0,0,0,0,0.330196467,0,0,0,0,0,0,0,-0.034650145,0
2024-10-21T12:17:24.896030774Z,AAPL,0,0,-128,-600,-1,-100,-600,-105,-63,-1,-2000,0,-0.315504067,-1.478925314,-0.002464876,-0.246487552,-1.478925314,-0.25881193,-0.155287158,-0.002464876,-4.929751048,0.850166186,0
2024-10-21T12:17:26.219727754Z,AAPL,0,0,0,28,0,0,0,0,0,0,0,0,0,0.069496153,0,0,0,0,0,0,0,-0.007292785,0
2024-10-21T12:17:26.219824269Z,AAPL,0,0,0,-100,-400,-1,-100,-600,-105,-63,-1,0,0,-0.246609125,-0.986436498,-0.002466091,-0.246609125,-1.479654747,-0.258939581,-0.155363748,-0.002466091,0.460248262,0
2024-10-21T12:17:26.286945437Z,AAPL,0,0,-200,0,0,0,0,0,0,0,0,0,-0.493218249,0,0,0,0,0,0,0,0,0.031441806,0
2024-10-21T12:17:30.761645371Z,AAPL,0,0,27,100,400,1,100,600,105,63,1,0,0.070020747,0.2593361,1.037344398,0.002593361,0.2593361,1.556016598,0.272302905,0.163381743,0.002593361,-0.488464402,0
2024-10-21T12:17:30.761657680Z,AAPL,0,0,-27,-100,-400,-1,-100,-600,-105,-63,-1,0,-0.066584464,-0.246609125,-0.986436498,-0.002466091,-0.246609125,-1.479654747,-0.258939581,-0.155363748,-0.002466091,0.464492906,0
2024-10-21T12:17:30.762940179Z,AAPL,0,0,-200,0,0,0,0,0,0,0,0,0,-0.470035253,0,0,0,0,0,0,0,0,0.02996393,0
2024-10-21T12:17:30.764592400Z,AAPL,0,0,0,100,400,1,100,600,105,63,1,0,0,0.236462521,0.945850083,0.002364625,0.236462521,1.418775124,0.248285647,0.148971388,0.002364625,-0.441311587,0
2024-10-21T12:17:30.764692359Z,AAPL,0,0,0,0,0,-1,-100,-600,-105,-63,-1,0,0,0,0,-0.002349072,-0.234907212,-1.40944327,-0.246652572,-0.147991543,-0.002349072,0.234552298,0
2024-10-21T12:17:33.378283593Z,AAPL,0,0,0,-400,-27,-1200,-1,-505,-10,-100,-15,0,0,-1.008318629,-0.068061507,-3.024955886,-0.002520797,-1.273002269,-0.025207966,-0.252079657,-0.037811949,0.670436474,0
2024-10-21T12:17:33.378297030Z,AAPL,0,0,0,200,27,1200,1,505,10,100,15,0,0,0.492975105,0.066551639,2.957850629,0.002464876,1.24476214,0.024648755,0.246487552,0.036973133,-0.603831788,0
2024-10-21T12:17:33.764809990Z,AAPL,0,0,0,-100,-400,-29,-1,-100,-600,-105,-63,0,0,-0.248570718,-0.994282873,-0.072085508,-0.002485707,-0.248570718,-1.49142431,-0.260999254,-0.156599553,0.42212242,0
2024-10-21T12:17:33.764834502Z,AAPL,0,0,0,0,0,0,1,100,600,105,63,0,0,0,0,0,0.002464876,0.246487552,1.478925314,0.25881193,0.155287158,-0.195876867,0
2024-10-21T12:17:33.822822391Z,AAPL,0,0,200,0,0,0,0,0,0,0,0,0,0.518537724,0,0,0,0,0,0,0,0,-0.033055878,0
2024-10-21T12:17:33.822835795Z,AAPL,0,0,-200,0,0,0,0,0,0,0,0,0,-0.518537724,0,0,0,0,0,0,0,0,0.033055878,0
2024-10-21T12:17:35.461400679Z,AAPL,0,0,29,100,400,1,100,600,105,63,1,0,0.079278294,0.273373428,1.093493712,0.002733734,0.273373428,1.640240569,0.2870421,0.17222526,0.002733734,-0.515252515,0
2024-10-21T12:17:35.461412055Z,AAPL,0,0,-29,-100,-400,-1,-100,-600,-105,-63,-1,0,-0.07148139,-0.246487552,-0.98595021,-0.002464876,-0.246487552,-1.478925314,-0.25881193,-0.155287158,-0.002464876,0.464578186,0
2024-10-21T12:17:35.469991264Z,AAPL,0,0,0,100,400,1,100,600,105,63,1,0,0,0.248200546,0.992802184,0.002482005,0.248200546,1.489203276,0.260610573,0.156366344,0.002482005,-0.463218343,0
2024-10-21T12:17:35.470045707Z,AAPL,0,0,0,0,0,-1,-100,-600,-105,-63,-1,0,0,0,0,-0.002465483,-0.246548323,-1.479289941,-0.25887574,-0.155325444,-0.002465483,0.246175822,0
2024-10-21T12:17:37.663629357Z,AAPL,0,0,0,200,0,0,0,0,0,0,0,0,0,0.469924812,0,0,0,0,0,0,0,-0.049312954,0
2024-10-21T12:17:37.718594298Z,AAPL,0,0,0,-200,0,0,0,0,0,0,0,0,0,-0.493096647,0,0,0,0,0,0,0,0.051744559,0
2024-10-21T12:17:37.718605853Z,AAPL,0,0,0,400,0,0,0,0,0,0,0,0,0,0.939849624,0,0,0,0,0,0,0,-0.098625907,0
2024-10-21T12:17:38.521127910Z,AAPL,0,0,-400,0,0,0,0,0,0,0,0,0,-0.986193294,0,0,0,0,0,0,0,0,0.062868108,0
2024-10-21T12:17:39.973547435Z,AAPL,0,0,0,0,0,1,100,600,105,63,1,0,0,0,0,0.002482005,0.248200546,1.489203276,0.260610573,0.156366344,0.002482005,-0.247825548,0
2024-10-21T12:17:39.973585910Z,AAPL,0,0,0,-27,0,0,0,0,0,0,0,0,0,-0.066568047,0,0,0,0,0,0,0,0.006985515,0
2024-10-21T12:17:47.135873221Z,AAPL,0,0,0,0,0,0,0,0,0,0,0,0,0,0,0,0,0,0,0,0,0,0,-151
2024-10-21T12:17:47.135873221Z,AAPL,-10,-10,-141,-400,-27,-1200,-1,-505,-10,-100,-15,-0.024061598,-0.339268527,-0.962463908,-0.064966314,-2.887391723,-0.00240616,-1.215110683,-0.024061598,-0.240615977,-0.036092397,0.662054239,-141
2024-10-21T12:17:47.135873221Z,AAPL,-141,-141,-400,-27,-1200,-1,-505,-10,-100,-15,-110,-0.350310559,-0.99378882,-0.067080745,-2.98136646,-0.002484472,-1.254658385,-0.02484472,-0.248447205,-0.037267081,-0.273291925,0.856570616,-10
2024-10-21T12:17:47.135900626Z,AAPL,-50,-50,-200,-127,-400,-1,-100,-600,-105,-63,-1,-0.121241513,-0.484966052,-0.307953443,-0.969932105,-0.00242483,-0.242483026,-1.454898157,-0.254607177,-0.152764306,-0.00242483,0.492747537,0
2024-10-21T12:17:47.135905168Z,AAPL,-100,-100,-50,-200,-127,-400,-1,-100,-600,-105,-63,-0.240326845,-0.120163422,-0.480653689,-0.305215093,-0.961307378,-0.002403268,-0.240326845,-1.441961067,-0.252343187,-0.151405912,0.430443704,0
2024-10-21T12:17:47.135906292Z,AAPL,-100,-100,-100,-50,-200,-127,-400,-1,-100,-600,-105,-0.231588698,-0.231588698,-0.115794349,-0.463177397,-0.294117647,-0.926354794,-0.002315887,-0.231588698,-1.389532191,-0.243168133,0.420848,0
2024-10-21T12:17:47.135913885Z,AAPL,-162,-162,-200,-100,-50,-200,-127,-400,-1,-100,-600,-0.424305919,-0.523834468,-0.261917234,-0.130958617,-0.523834468,-0.332634887,-1.047668937,-0.002619172,-0.261917234,-1.571503405,0.47908753,0
2024-10-21T12:17:47.135916592Z,AAPL,0,0,0,0,-100,0,0,0,0,0,0,0,0,0,-0.255232261,0,0,0,0,0,0,0.048677872,0
2024-10-21T12:17:47.135925594Z,AAPL,0,0,0,-100,0,0,0,0,0,0,0,0,0,-0.24888004,0,0,0,0,0,0,0,0.026116965,0
2024-10-21T12:17:47.135933669Z,AAPL,0,0,-162,-300,-200,-50,-200,-127,-400,-1,-100,0,-0.40981533,-0.758917278,-0.505944852,-0.126486213,-0.505944852,-0.321274981,-1.011889704,-0.002529724,-0.252972426,0.433318888,0
2024-10-21T12:17:47.135937314Z,AAPL,0,0,0,0,0,100,0,0,0,0,0,0,0,0,0,0.259538022,0,0,0,0,0,-0.031957613,0
2024-10-21T12:17:47.135940686Z,AAPL,0,0,0,0,-100,0,0,0,0,0,0,0,0,0,-0.252972426,0,0,0,0,0,0,0.048246876,0
2024-10-21T12:17:47.135946914Z,AAPL,35,35,162,435,100,50,200,127,400,1,100,0.08776329,0.406218656,1.090772317,0.250752257,0.125376128,0.501504514,0.318455366,1.003009027,0.002507523,0.250752257,-0.418962882,0
2024-10-21T12:17:47.135952535Z,AAPL,0,0,0,0,50,200,127,400,1,100,600,0,0,0,0.1114082,0.445632799,0.282976827,0.891265597,0.002228164,0.222816399,1.336898396,-0.348589473,0
2024-10-21T12:17:47.135958456Z,AAPL,-400,-400,-27,-1200,-1,-505,-10,-100,-15,-110,-10,-0.952834683,-0.064316341,-2.85850405,-0.002382087,-1.202953788,-0.023820867,-0.238208671,-0.035731301,-0.262029538,-0.023820867,0.52864418,0
2024-10-21T12:17:47.135968023Z,AAPL,0,0,435,50,200,127,400,1,100,600,105,0,1.050470901,0.120743782,0.482975127,0.306689206,0.965950254,0.002414876,0.241487563,1.44892538,0.253561942,-0.485600001,0
2024-10-21T12:17:47.136008874Z,AAPL,0,0,100,0,0,0,0,0,0,0,0,0,0.247463499,0,0,0,0,0,0,0,0,-0.015775368,0
2024-10-21T12:17:47.136054541Z,AAPL,0,0,100,0,0,0,0,0,0,0,0,0,0.253742705,0,0,0,0,0,0,0,0,-0.016175656,0
2024-10-21T12:17:47.136218636Z,AAPL,0,0,100,0,0,0,0,0,0,0,0,0,0.260348867,0,0,0,0,0,0,0,0,-0.016596788,0
2024-10-21T12:17:47.136225295Z,AAPL,0,0,100,0,0,0,0,0,0,0,0,0,0.267308206,0,0,0,0,0,0,0,0,-0.017040433,0
2024-10-21T12:17:47.136565013Z,AAPL,-35,-35,-35,-50,-200,-127,-400,-1,-100,-600,-105,-0.093683084,-0.093683084,-0.133832976,-0.535331906,-0.33993576,-1.070663812,-0.00267666,-0.267665953,-1.605995717,-0.281049251,0.471853485,0
2024-10-21T12:17:47.137037920Z,AAPL,35,35,35,50,200,127,400,1,100,600,105,0.093557872,0.093557872,0.133654103,0.534616413,0.339481422,1.069232825,0.002673082,0.267308206,1.603849238,0.280673617,-0.471222833,0
2024-10-21T12:17:47.156890091Z,AAPL,200,200,27,1200,1,505,10,100,15,110,10,0.522056904,0.070477682,3.132341425,0.002610285,1.318193683,0.026102845,0.261028452,0.039154268,0.287131297,0.026102845,-0.568893448,0
2024-10-21T12:17:47.189701537Z,AAPL,200,200,0,0,0,0,0,0,0,0,0,0.4961548,0,0,0,0,0,0,0,0,0,-0.009877814,0
2024-10-21T12:17:47.200038724Z,AAPL,-200,-200,0,0,0,0,0,0,0,0,0,-0.522056904,0,0,0,0,0,0,0,0,0,0.010393492,0
2024-10-21T12:17:47.200048226Z,AAPL,-200,-200,-27,-1200,-1,-505,-10,-100,-15,-110,-10,-0.534616413,-0.072173216,-3.207698476,-0.002673082,-1.349906442,-0.026730821,-0.267308206,-0.040096231,-0.294039027,-0.026730821,0.582579737,0
2024-10-21T12:17:47.200058794Z,AAPL,0,0,0,400,1,505,10,100,15,110,10,0,0,0.992309601,0.002480774,1.252790871,0.02480774,0.2480774,0.03721161,0.27288514,0.02480774,-0.318257895,0
2024-10-21T12:17:47.203657195Z,AAPL,-27,-27,-1200,-400,-1,-505,-10,-100,-15,-110,-10,-0.065629558,-2.916869227,-0.972289742,-0.002430724,-1.2275158,-0.024307244,-0.243072436,-0.036460865,-0.267379679,-0.024307244,0.499088981,0
2024-10-21T12:17:47.203729908Z,AAPL,0,0,0,28,1,505,10,100,15,110,10,0,0,0.069444444,0.002480159,1.252480159,0.024801587,0.248015873,0.037202381,0.27281746,0.024801587,-0.221361196,0
2024-10-21T12:17:47.207076580Z,AAPL,0,0,-400,-28,-1,-505,-10,-100,-15,-110,-10,0,-1.068947087,-0.074826296,-0.002672368,-1.349545697,-0.026723677,-0.267236772,-0.040085516,-0.293960449,-0.026723677,0.306659911,0
2024-10-21T12:17:47.240037346Z,AAPL,0,0,200,28,1,505,10,100,15,110,10,0,0.521920668,0.073068894,0.002609603,1.317849687,0.026096033,0.260960334,0.03914405,0.287056367,0.026096033,-0.26618603,0
2024-10-21T12:17:47.240066169Z,AAPL,0,0,50,200,127,400,1,100,600,105,63,0,0.129533679,0.518134715,0.329015544,1.03626943,0.002590674,0.259067358,1.554404145,0.272020725,0.163212435,-0.458851688,0
2024-10-21T12:17:47.260085243Z,AAPL,0,0,0,-200,0,0,0,0,0,0,0,0,0,-0.518134715,0,0,0,0,0,0,0,0.054372003,0
2024-10-21T12:17:47.386463721Z,AAPL,50,50,200,127,400,1,100,600,105,63,1,0.130684788,0.522739153,0.331939362,1.045478306,0.002613696,0.261369577,1.568217459,0.274438055,0.164662833,0.002613696,-0.531126723,0
2024-10-21T12:17:57.663911195Z,AAPL,0,0,0,27,0,0,0,0,0,0,0,0,0,0.071071335,0,0,0,0,0,0,0,-0.007458081,0
2024-10-21T12:17:57.664016909Z,AAPL,0,0,0,-100,-400,-1,-100,-600,-105,-63,-1,0,0,-0.261369577,-1.045478306,-0.002613696,-0.261369577,-1.568217459,-0.274438055,-0.164662833,-0.002613696,0.487795793,0
2024-10-21T12:17:57.861764830Z,AAPL,0,0,28,100,400,1,100,600,105,63,1,0,0.077198787,0.275709953,1.102839813,0.0027571,0.275709953,1.654259719,0.289495451,0.17369727,0.0027571,-0.519480622,0
2024-10-21T12:17:57.861778012Z,AAPL,0,0,-28,-100,-400,-1,-100,-600,-105,-63,-1,0,-0.073183481,-0.261369577,-1.045478306,-0.002613696,-0.261369577,-1.568217459,-0.274438055,-0.164662833,-0.002613696,0.492461112,0
2024-10-21T12:17:57.861832789Z,AAPL,0,0,28,100,400,1,100,600,105,63,1,0,0.077198787,0.275709953,1.102839813,0.0027571,0.275709953,1.654259719,0.289495451,0.17369727,0.0027571,-0.519480622,0
2024-10-21T12:17:57.861881332Z,AAPL,0,0,-28,-100,-400,-1,-100,-600,-105,-63,-1,0,-0.069547938,-0.248385494,-0.993541977,-0.002483855,-0.248385494,-1.490312966,-0.260804769,-0.156482861,-0.002483855,0.467997073,0
2024-10-21T12:17:57.862245512Z,AAPL,0,0,0,100,400,1,100,600,105,63,1,0,0,0.250062516,1.000250063,0.002500625,0.250062516,1.500375094,0.262565641,0.157539385,0.002500625,-0.466693349,0
2024-10-21T12:17:57.917042270Z,AAPL,0,0,-400,0,0,0,0,0,0,0,0,0,-1.05290866,0,0,0,0,0,0,0,0,0.067121096,0
2024-10-21T12:17:58.077227750Z,AAPL,0,0,-200,0,0,0,0,0,0,0,0,0,-0.52645433,0,0,0,0,0,0,0,0,0.033560548,0
2024-10-21T12:18:00.232353557Z,AAPL,0,0,0,-29,0,0,0,0,0,0,0,0,0,-0.075757576,0,0,0,0,0,0,0,0.007949846,0
2024-10-21T12:18:00.862130755Z,AAPL,0,0,-200,0,0,0,0,0,0,0,0,0,-0.49652433,0,0,0,0,0,0,0,0,0.031652563,0
2024-10-21T12:18:01.682081842Z,AAPL,0,0,200,0,0,0,0,0,0,0,0,0,0.52246604,0,0,0,0,0,0,0,0,-0.033306302,0
2024-10-21T12:18:01.684033789Z,AAPL,0,0,129,400,1,100,600,105,63,1,2000,0,0.229211087,0.710732054,0.00177683,0.177683014,1.066098081,0.186567164,0.111940299,0.00177683,3.55366027,-0.575672667,0
2024-10-21T12:18:01.684046790Z,AAPL,0,0,-129,-400,-1,-100,-600,-105,-63,-1,-2000,0,-0.336990596,-1.044932079,-0.00261233,-0.26123302,-1.567398119,-0.274294671,-0.164576803,-0.00261233,-5.224660397,0.846365144,0
2024-10-21T12:18:02.545068859Z,AAPL,0,0,-200,0,0,0,0,0,0,0,0,0,-0.52246604,0,0,0,0,0,0,0,0,0.033306302,0
2024-10-21T12:18:03.624100762Z,AAPL,0,0,129,400,1,100,600,105,63,1,2000,0,0.229211087,0.710732054,0.00177683,0.177683014,1.066098081,0.186567164,0.111940299,0.00177683,3.55366027,-0.575672667,0
2024-10-21T12:18:03.624112266Z,AAPL,0,0,-129,-400,-1,-100,-600,-105,-63,-1,-2000,0,-0.336990596,-1.044932079,-0.00261233,-0.26123302,-1.567398119,-0.274294671,-0.164576803,-0.00261233,-5.224660397,0.846365144,0
2024-10-21T12:18:03.629412395Z,AAPL,0,0,0,-28,-1,-505,-10,-100,-15,-110,-10,0,0,-0.071611253,-0.002557545,-1.291560102,-0.025575448,-0.255754476,-0.038363171,-0.281329923,-0.025575448,0.228268118,0
2024-10-21T12:18:03.629498033Z,AAPL,0,0,26,0,0,0,0,0,0,0,0,0,0.066056911,0,0,0,0,0,0,0,0,-0.004211013,0
2024-10-21T12:18:03.696618449Z,AAPL,0,0,200,26,1,505,10,100,15,110,10,0,0.522739153,0.06795609,0.002613696,1.319916362,0.026136958,0.261369577,0.039205436,0.287506534,0.026136958,-0.266054915,0
2024-10-21T12:18:04.737516809Z,AAPL,0,0,-200,0,0,0,0,0,0,0,0,0,-0.522739153,0,0,0,0,0,0,0,0,0.033323712,0
2024-10-21T12:18:05.203361341Z,AAPL,0,0,129,400,1,100,600,105,63,1,2000,0,0.22929257,0.710984714,0.001777462,0.177746178,1.066477071,0.186633487,0.111980092,0.001777462,3.554923569,-0.575877314,0
2024-10-21T12:18:05.203373864Z,AAPL,0,0,-129,-400,-1,-100,-600,-105,-63,-1,-2000,0,-0.337166754,-1.045478306,-0.002613696,-0.261369577,-1.568217459,-0.274438055,-0.164662833,-0.002613696,-5.227391532,0.846807572,0
2024-10-21T12:18:08.259009052Z,AAPL,0,0,-200,0,0,0,0,0,0,0,0,0,-0.522739153,0,0,0,0,0,0,0,0,0.033323712,0
2024-10-21T12:18:08.926535769Z,AAPL,0,0,129,400,1,100,600,105,63,1,2000,0,0.22929257,0.710984714,0.001777462,0.177746178,1.066477071,0.186633487,0.111980092,0.001777462,3.554923569,-0.575877314,0
2024-10-21T12:18:08.926548505Z,AAPL,0,0,-129,-400,-1,-100,-600,-105,-63,-1,-2000,0,-0.337166754,-1.045478306,-0.002613696,-0.261369577,-1.568217459,-0.274438055,-0.164662833,-0.002613696,-5.227391532,0.846807572,0
2024-10-21T12:18:10.662438649Z,AAPL,0,0,-200,0,0,0,0,0,0,0,0,0,-0.522739153,0,0,0,0,0,0,0,0,0.033323712,0
2024-10-21T12:18:11.927260518Z,AAPL,0,0,-200,0,0,0,0,0,0,0,0,0,-0.496770989,0,0,0,0,0,0,0,0,0.031668287,0
2024-10-21T12:18:20.285727761Z,AAPL,0,0,0,29,0,0,0,0,0,0,0,0,0,0.072554416,0,0,0,0,0,0,0,-0.007613713,0
2024-10-21T12:18:20.285772241Z,AAPL,0,0,0,-100,-400,-1,-100,-600,-105,-63,-1,0,0,-0.248570718,-0.994282873,-0.002485707,-0.248570718,-1.49142431,-0.260999254,-0.156599553,-0.002485707,0.463909198,0
2024-10-21T12:18:20.342095696Z,AAPL,0,0,200,0,0,0,0,0,0,0,0,0,0.523149359,0,0,0,0,0,0,0,0,-0.033349862,0
2024-10-21T12:18:20.342109232Z,AAPL,-50,-50,-200,0,0,0,0,0,0,0,0,-0.13078734,-0.523149359,0,0,0,0,0,0,0,0,0.035953672,0
2024-10-21T12:18:30.059494751Z,AAPL,-200,-200,0,0,0,0,0,0,0,0,0,-0.523149359,0,0,0,0,0,0,0,0,0,0.010415242,0
2024-10-21T12:18:30.076519305Z,AAPL,-200,-200,0,0,0,0,0,0,0,0,0,-0.523149359,0,0,0,0,0,0,0,0,0,0.010415242,0
2024-10-21T12:18:38.165859345Z,AAPL,50,50,27,100,400,1,100,600,105,63,1,0.137969095,0.074503311,0.27593819,1.103752759,0.002759382,0.27593819,1.655629139,0.289735099,0.17384106,0.002759382,-0.52248154,0
2024-10-21T12:18:38.165871291Z,AAPL,-50,-50,-27,-100,-400,-1,-100,-600,-105,-63,-1,-0.13078734,-0.070625163,-0.26157468,-1.046298718,-0.002615747,-0.26157468,-1.569448077,-0.274653414,-0.164792048,-0.002615747,0.49528462,0
2024-10-21T12:18:38.170782768Z,AAPL,0,0,-200,-26,-1,-505,-10,-100,-15,-110,-10,0,-0.535762122,-0.069649076,-0.002678811,-1.352799357,-0.026788106,-0.267881061,-0.040182159,-0.294669167,-0.026788106,0.272683125,0
2024-10-21T12:18:38.170792741Z,AAPL,0,0,0,200,0,0,0,0,0,0,0,0,0,0.508517671,0,0,0,0,0,0,0,-0.05336281,0
2024-10-21T12:18:38.189694615Z,AAPL,0,0,-26,-201,-505,-10,-100,-15,-110,-10,-110,0,-0.064886449,-0.501622161,-1.260294485,-0.024956326,-0.249563264,-0.03743449,-0.274519591,-0.024956326,-0.274519591,0.38590831,0
2024-10-21T12:18:38.189791855Z,AAPL,0,0,0,28,505,10,100,15,110,10,110,0,0,0.07115629,1.283354511,0.025412961,0.254129606,0.038119441,0.279542567,0.025412961,0.279542567,-0.342621949,0
2024-10-21T12:18:40.408086849Z,AAPL,0,0,0,-28,-505,-10,-100,-15,-110,-10,-110,0,0,-0.069877714,-1.260294485,-0.024956326,-0.249563264,-0.03743449,-0.274519591,-0.024956326,-0.274519591,0.336465527,0
2024-10-21T12:18:40.408137058Z,AAPL,0,0,0,26,505,10,100,15,110,10,110,0,0,0.066107297,1.284007119,0.025425884,0.254258835,0.038138825,0.279684719,0.025425884,0.279684719,-0.34226255,0
2024-10-21T12:18:41.179991523Z,AAPL,0,0,0,-26,-505,-10,-100,-15,-110,-10,-110,0,0,-0.064886449,-1.260294485,-0.024956326,-0.249563264,-0.03743449,-0.274519591,-0.024956326,-0.274519591,0.335941754,0
2024-10-21T12:18:41.180118662Z,AAPL,0,0,30,201,505,10,100,15,110,10,110,0,0.076200152,0.510541021,1.282702565,0.025400051,0.254000508,0.038100076,0.279400559,0.025400051,0.279400559,-0.393417457,0
2024-10-21T12:18:41.233925482Z,AAPL,200,200,1200,30,1,505,10,100,15,110,10,0.522602561,3.135615365,0.078390384,0.002613013,1.319571466,0.026130128,0.26130128,0.039195192,0.287431408,0.026130128,-0.44406159,0
2024-10-21T12:18:44.453502831Z,AAPL,-200,-200,0,0,0,0,0,0,0,0,0,-0.522602561,0,0,0,0,0,0,0,0,0,0.010404356,0
2024-10-21T12:18:44.458571638Z,AAPL,-200,-200,-1200,-30,-1,-505,-10,-100,-15,-110,-10,-0.535188654,-3.211131924,-0.080278298,-0.002675943,-1.351351351,-0.026759433,-0.267594327,-0.040139149,-0.29435376,-0.026759433,0.454756143,0
2024-10-21T12:18:44.458583443Z,AAPL,0,0,0,200,0,0,0,0,0,0,0,0,0,0.508001016,0,0,0,0,0,0,0,-0.053308593,0
2024-10-21T12:18:44.477818456Z,AAPL,0,0,-30,-201,-505,-10,-100,-15,-110,-10,-110,0,-0.074868979,-0.501622161,-1.260294485,-0.024956326,-0.249563264,-0.03743449,-0.274519591,-0.024956326,-0.274519591,0.386544678,0
2024-10-21T12:18:44.477924999Z,AAPL,0,0,0,28,505,10,100,15,110,10,110,0,0,0.07115629,1.283354511,0.025412961,0.254129606,0.038119441,0.279542567,0.025412961,0.279542567,-0.342621949,0
2024-10-21T12:18:47.144489374Z,AAPL,-200,-200,0,0,0,0,0,0,0,0,0,-0.508259212,0,0,0,0,0,0,0,0,0,0.010118798,0
2024-10-21T12:18:47.206323404Z,AAPL,0,0,200,0,0,0,0,0,0,0,0,0,0.483675937,0,0,0,0,0,0,0,0,-0.0308335,0
2024-10-21T12:18:47.260861161Z,AAPL,0,0,-200,0,0,0,0,0,0,0,0,0,-0.508259212,0,0,0,0,0,0,0,0,0.032400641,0
2024-10-21T12:18:47.260873969Z,AAPL,200,200,-200,0,0,0,0,0,0,0,0,0.508259212,-0.508259212,0,0,0,0,0,0,0,0,0.022281843,0
2024-10-21T12:18:47.459461214Z,AAPL,200,200,0,0,0,0,0,0,0,0,0,0.483675937,0,0,0,0,0,0,0,0,0,-0.009629376,0
2024-10-21T12:18:47.513983492Z,AAPL,-200,-200,0,0,0,0,0,0,0,0,0,-0.508259212,0,0,0,0,0,0,0,0,0,0.010118798,0
2024-10-21T12:18:47.513995474Z,AAPL,200,200,1200,1,28,505,10,100,15,110,10,0.522875817,3.137254902,0.002614379,0.073202614,1.320261438,0.026143791,0.261437908,0.039215686,0.287581699,0.026143791,-0.44980028,0
2024-10-21T12:18:48.012656935Z,AAPL,50,50,27,100,400,1,100,600,105,63,1,0.137892995,0.074462217,0.27578599,1.10314396,0.00275786,0.27578599,1.65471594,0.28957529,0.173745174,0.00275786,-0.522193354,0
2024-10-21T12:18:48.012670562Z,AAPL,0,0,-27,-100,-400,-1,-100,-600,-105,-63,-1,0,-0.070588235,-0.261437908,-1.045751634,-0.002614379,-0.261437908,-1.568627451,-0.274509804,-0.164705882,-0.002614379,0.492423198,0
2024-10-21T12:18:48.012835297Z,AAPL,0,0,-200,0,0,0,0,0,0,0,0,0,-0.49689441,0,0,0,0,0,0,0,0,0.031676155,0
2024-10-21T12:18:48.013209412Z,AAPL,0,0,0,100,400,1,100,600,105,63,1,0,0,0.250062516,1.000250063,0.002500625,0.250062516,1.500375094,0.262565641,0.157539385,0.002500625,-0.466693349,0
2024-10-21T12:18:48.013312876Z,AAPL,0,0,0,-28,0,0,0,0,0,0,0,0,0,-0.069530668,0,0,0,0,0,0,0,0.007296407,0
2024-10-21T12:18:48.070285169Z,AAPL,0,0,200,0,0,0,0,0,0,0,0,0,0.522602561,0,0,0,0,0,0,0,0,-0.033315005,0
2024-10-21T12:18:48.070297042Z,AAPL,-50,-50,-200,0,0,0,0,0,0,0,0,-0.13065064,-0.522602561,0,0,0,0,0,0,0,0,0.035916093,0
2024-10-21T12:18:48.199908254Z,AAPL,-200,-200,-1200,-1,-28,-505,-10,-100,-15,-110,-10,-0.535188654,-3.211131924,-0.002675943,-0.074926412,-1.351351351,-0.026759433,-0.267594327,-0.040139149,-0.29435376,-0.026759433,0.460392312,0
2024-10-21T12:18:48.199920865Z,AAPL,0,0,200,1,28,505,10,100,15,110,10,0,0.522602561,0.002613013,0.073164359,1.319571466,0.026130128,0.26130128,0.039195192,0.287431408,0.026130128,-0.272585834,0
2024-10-21T12:18:48.199942139Z,AAPL,0,0,-200,-1,-28,-505,-10,-100,-15,-110,-10,0,-0.535188654,-0.002675943,-0.074926412,-1.351351351,-0.026759433,-0.267594327,-0.040139149,-0.29435376,-0.026759433,0.279150652,0
2024-10-21T12:18:48.200029266Z,AAPL,0,0,0,200,28,505,10,100,15,110,10,0,0,0.522602561,0.073164359,1.319571466,0.026130128,0.26130128,0.039195192,0.287431408,0.026130128,-0.293837475,0
2024-10-21T12:18:48.200502296Z,AAPL,0,0,0,0,-28,-505,-10,-100,-15,-110,-10,0,0,0,-0.071629573,-1.291890509,-0.02558199,-0.255819903,-0.038372985,-0.281401893,-0.02558199,0.233983138,0
2024-10-21T12:18:48.200553666Z,AAPL,0,0,27,1,200,505,10,100,15,110,10,0,0.070569786,0.002613696,0.522739153,1.319916362,0.026136958,0.261369577,0.039205436,0.287506534,0.026136958,-0.329571282,0
2024-10-21T12:18:48.213222660Z,AAPL,0,0,-27,-1,-200,-505,-10,-100,-15,-110,-10,0,-0.069071374,-0.002558199,-0.511639806,-1.291890509,-0.02558199,-0.255819903,-0.038372985,-0.281401893,-0.02558199,0.322573478,0
2024-10-21T12:18:49.922943623Z,AAPL,0,0,0,28,0,0,0,0,0,0,0,0,0,0.072146354,0,0,0,0,0,0,0,-0.007570892,0
2024-10-21T12:18:49.923091366Z,AAPL,0,0,0,-100,-400,-1,-100,-600,-105,-63,-1,0,0,-0.255885363,-1.023541453,-0.002558854,-0.255885363,-1.53531218,-0.268679632,-0.161207779,-0.002558854,0.477560569,0
2024-10-21T12:18:51.254925630Z,AAPL,0,0,200,1,0,0,0,0,0,0,0,0,0.511770727,0.002558854,0,0,0,0,0,0,0,-0.032893015,0
2024-10-21T12:18:51.423329256Z,AAPL,0,0,0,100,400,1,100,600,105,63,1,0,0,0.25766555,1.0306622,0.002576656,0.25766555,1.545993301,0.270548828,0.162329297,0.002576656,-0.480882943,0
2024-10-21T12:18:51.423381788Z,AAPL,0,0,0,-100,-400,-1,-100,-600,-105,-63,-1,0,0,-0.255754476,-1.023017903,-0.002557545,-0.255754476,-1.534526854,-0.268542199,-0.16112532,-0.002557545,0.477316292,0
2024-10-21T12:18:51.430250460Z,AAPL,0,0,200,0,0,0,0,0,0,0,0,0,0.486618005,0,0,0,0,0,0,0,0,-0.031021052,0
2024-10-21T12:18:53.922913086Z,AAPL,0,0,0,0,27,505,10,100,15,110,10,0,0,0,0.06704743,1.254035262,0.024832381,0.248323814,0.037248572,0.273156196,0.024832381,-0.226653312,0
2024-10-21T12:19:00.083834280Z,AAPL,0,0,-200,0,0,0,0,0,0,0,0,0,-0.522602561,0,0,0,0,0,0,0,0,0.033315005,0
2024-10-21T12:19:00.083843895Z,AAPL,0,0,-200,-1,-27,-505,-10,-100,-15,-110,-10,0,-0.535188654,-0.002675943,-0.072250468,-1.351351351,-0.026759433,-0.267594327,-0.040139149,-0.29435376,-0.026759433,0.278640297,0
2024-10-21T12:19:00.083854884Z,AAPL,0,0,200,1,27,505,10,100,15,110,10,0,0.522602561,0.002613013,0.070551346,1.319571466,0.026130128,0.26130128,0.039195192,0.287431408,0.026130128,-0.272087481,0
2024-10-21T12:19:00.143474250Z,AAPL,0,0,200,0,0,0,0,0,0,0,0,0,0.522602561,0,0,0,0,0,0,0,0,-0.033315005,0
2024-10-21T12:19:00.197516009Z,AAPL,0,0,200,0,0,0,0,0,0,0,0,0,0.496647629,0,0,0,0,0,0,0,0,-0.031660423,0
2024-10-21T12:19:00.198016624Z,AAPL,0,0,0,0,-27,-505,-10,-100,-15,-110,-10,0,0,0,-0.065693431,-1.228710462,-0.0243309,-0.243309002,-0.03649635,-0.267639903,-0.0243309,0.222076128,0
2024-10-21T12:19:00.198056773Z,AAPL,0,0,0,27,0,0,0,0,0,0,0,0,0,0.065264685,0,0,0,0,0,0,0,-0.006848743,0
2024-10-21T12:19:00.251362837Z,AAPL,0,0,-200,0,0,0,0,0,0,0,0,0,-0.508001016,0,0,0,0,0,0,0,0,0.032384181,0
2024-10-21T12:19:00.251375630Z,AAPL,200,200,1200,0,0,0,0,0,0,0,0,0.508001016,3.048006096,0,0,0,0,0,0,0,0,-0.204418746,0
2024-10-21T12:19:02.578739513Z,AAPL,-200,-200,-1200,-28,-505,-10,-100,-15,-110,-10,-110,-0.521240553,-3.127443315,-0.072973677,-1.316132395,-0.026062028,-0.260620276,-0.039093041,-0.286682304,-0.026062028,-0.286682304,0.561119096,0
2024-10-21T12:19:02.578752989Z,AAPL,0,0,200,28,505,10,100,15,110,10,110,0,0.508001016,0.071120142,1.282702565,0.025400051,0.254000508,0.038100076,0.279400559,0.025400051,0.279400559,-0.374832078,0
2024-10-21T12:19:02.578784855Z,AAPL,0,0,-200,-28,-505,-10,-100,-15,-110,-10,-110,0,-0.521240553,-0.072973677,-1.316132395,-0.026062028,-0.260620276,-0.039093041,-0.286682304,-0.026062028,-0.286682304,0.384600962,0
2024-10-21T12:19:02.583722081Z,AAPL,0,0,0,200,505,10,100,15,110,10,110,0,0,0.508001016,1.282702565,0.025400051,0.254000508,0.038100076,0.279400559,0.025400051,0.279400559,-0.388293286,0
2024-10-21T12:19:05.633956677Z,AAPL,200,200,1200,28,0,0,0,0,0,0,0,0.508001016,3.048006096,0.071120142,0,0,0,0,0,0,0,-0.211881949,0
2024-10-21T12:19:06.744561325Z,AAPL,-200,-200,0,0,0,0,0,0,0,0,0,-0.508001016,0,0,0,0,0,0,0,0,0,0.010113657,0
2024-10-21T12:19:07.485167707Z,AAPL,-200,-200,-1200,-28,-505,-10,-100,-15,-110,-10,-110,-0.521240553,-3.127443315,-0.072973677,-1.316132395,-0.026062028,-0.260620276,-0.039093041,-0.286682304,-0.026062028,-0.286682304,0.561119096,0
2024-10-21T12:19:07.485180575Z,AAPL,0,0,200,0,0,0,0,0,0,0,0,0,0.495417389,0,0,0,0,0,0,0,0,-0.031581997,0
2024-10-21T12:19:07.567472916Z,AAPL,0,0,0,-30,-100,-400,-1,-100,-600,-105,-63,0,0,-0.074981255,-0.249937516,-0.999750062,-0.002499375,-0.249937516,-1.499625094,-0.262434391,-0.157460635,0.377256804,0
2024-10-21T12:19:07.624621845Z,AAPL,0,0,0,0,100,400,1,100,600,105,63,0,0,0,0.24789291,0.991571641,0.002478929,0.24789291,1.487357462,0.260287556,0.156172533,-0.366366654,0
2024-10-21T12:19:08.123983275Z,AAPL,50,50,27,100,400,1,100,600,105,63,1,0.130378096,0.070404172,0.260756193,1.043024772,0.002607562,0.260756193,1.564537158,0.273794003,0.164276402,0.002607562,-0.493734837,0
2024-10-21T12:19:08.201710146Z,AAPL,-50,-50,-27,-100,-400,-1,-100,-600,-105,-63,-1,-0.123946455,-0.066931086,-0.24789291,-0.991571641,-0.002478929,-0.24789291,-1.487357462,-0.260287556,-0.156172533,-0.002478929,0.469378558,0
2024-10-21T12:19:10.540372657Z,AAPL,0,0,200,28,505,10,100,15,110,10,110,0,0.508388409,0.071174377,1.283680732,0.02541942,0.254194204,0.038129131,0.279613625,0.02541942,0.279613625,-0.375117918,0
2024-10-21T12:19:10.824415398Z,AAPL,0,0,0,0,0,0,0,0,39,0,0,0,0,0,0,0,0,0,0.10012837,0,0,-0.00900868,0
2024-10-21T12:19:10.828162441Z,AAPL,0,0,0,0,0,0,0,0,-39,0,0,0,0,0,0,0,0,0,-0.09913574,0,0,0.008919371,0
2024-10-21T12:19:14.207440891Z,AAPL,0,0,200,0,0,0,0,0,0,0,0,0,0.483792937,0,0,0,0,0,0,0,0,-0.030840959,0
2024-10-21T12:19:21.463656720Z,AAPL,0,0,0,0,0,0,0,0,39,0,0,0,0,0,0,0,0,0,0.095238095,0,0,-0.008568695,0
2024-10-21T12:19:21.463763491Z,AAPL,0,0,0,0,0,0,0,0,61,0,0,0,0,0,0,0,0,0,0.151214675,0,0,-0.013604981,0
2024-10-21T12:19:31.377322230Z,AAPL,50,50,27,100,400,1,100,500,105,63,1,0.130378096,0.070404172,0.260756193,1.043024772,0.002607562,0.260756193,1.303780965,0.273794003,0.164276402,0.002607562,-0.46213908,0
2024-10-21T12:19:31.377334380Z,AAPL,-50,-50,-27,-100,-400,-1,-100,-500,-105,-63,-1,-0.123946455,-0.066931086,-0.24789291,-0.991571641,-0.002478929,-0.24789291,-1.239464551,-0.260287556,-0.156172533,-0.002478929,0.439341441,0
2024-10-21T12:19:31.410847128Z,AAPL,50,50,27,100,400,1,100,500,105,63,1,0.130378096,0.070404172,0.260756193,1.043024772,0.002607562,0.260756193,1.303780965,0.273794003,0.164276402,0.002607562,-0.46213908,0
2024-10-21T12:19:31.410860369Z,AAPL,0,0,-200,0,0,0,0,0,0,0,0,0,-0.495662949,0,0,0,0,0,0,0,0,0.031597651,0
2024-10-21T12:19:31.424732441Z,AAPL,0,0,0,-27,0,0,0,0,0,0,0,0,0,-0.067365269,0,0,0,0,0,0,0,0.007069174,0
2024-10-21T12:19:31.424790390Z,AAPL,0,0,0,30,1,505,10,100,15,110,10,0,0,0.076374745,0.002545825,1.285641548,0.025458248,0.254582485,0.038187373,0.280040733,0.025458248,-0.22775639,0
2024-10-21T12:19:31.428123190Z,AAPL,0,0,27,0,0,0,0,0,0,0,0,0,0.069213022,0,0,0,0,0,0,0,0,-0.00441221,0
2024-10-21T12:19:31.428166239Z,AAPL,0,0,0,-100,-400,-1,-100,-500,-105,-63,-1,0,0,-0.254452926,-1.017811705,-0.002544529,-0.254452926,-1.272264631,-0.267175573,-0.160305344,-0.002544529,0.44405521,0
2024-10-21T12:19:31.428177171Z,AAPL,0,0,-200,0,0,0,0,0,0,0,0,0,-0.536193029,0,0,0,0,0,0,0,0,0.034181373,0
2024-10-21T12:19:31.428190903Z,AAPL,0,0,400,0,0,0,0,0,0,0,0,0,1.017811705,0,0,0,0,0,0,0,0,-0.064883726,0
2024-10-21T12:19:35.701549120Z,AAPL,0,0,-200,0,0,0,0,0,0,0,0,0,-0.536193029,0,0,0,0,0,0,0,0,0.034181373,0
2024-10-21T12:19:38.701678685Z,AAPL,0,0,200,0,0,0,0,0,0,0,0,0,0.508905852,0,0,0,0,0,0,0,0,-0.032441863,0
2024-10-21T12:19:38.756179281Z,AAPL,0,0,-200,0,0,0,0,0,0,0,0,0,-0.536193029,0,0,0,0,0,0,0,0,0.034181373,0
2024-10-21T12:19:38.756191248Z,AAPL,200,200,1200,0,0,0,0,0,0,0,0,0.536193029,3.217158177,0,0,0,0,0,0,0,0,-0.215763165,0
2024-10-21T12:19:40.083326842Z,AAPL,0,0,-200,0,0,0,0,0,0,0,0,0,-0.508905852,0,0,0,0,0,0,0,0,0.032441863,0
2024-10-21T12:19:40.137972145Z,AAPL,0,0,200,0,0,0,0,0,0,0,0,0,0.536193029,0,0,0,0,0,0,0,0,-0.034181373,0
2024-10-21T12:19:40.137983855Z,AAPL,0,0,-200,0,0,0,0,0,0,0,0,0,-0.536193029,0,0,0,0,0,0,0,0,0.034181373,0
2024-10-21T12:19:42.737152214Z,AAPL,-200,-200,-1200,-30,-1,-505,-10,-100,-15,-110,-10,-0.549450549,-3.296703297,-0.082417582,-0.002747253,-1.387362637,-0.027472527,-0.274725275,-0.041208791,-0.302197802,-0.027472527,0.466874644,0
2024-10-21T12:19:42.737165303Z,AAPL,0,0,200,30,1,505,10,100,15,110,10,0,0.536193029,0.080428954,0.002680965,1.353887399,0.026809651,0.268096515,0.040214477,0.294906166,0.026809651,-0.274027781,0
2024-10-21T12:19:45.745918365Z,AAPL,0,0,200,0,0,0,0,0,0,0,0,0,0.508905852,0,0,0,0,0,0,0,0,-0.032441863,0
2024-10-21T12:19:45.800477942Z,AAPL,0,0,-200,0,0,0,0,0,0,0,0,0,-0.536193029,0,0,0,0,0,0,0,0,0.034181373,0
2024-10-21T12:19:45.800491117Z,AAPL,200,200,1200,0,0,0,0,0,0,0,0,0.536193029,3.217158177,0,0,0,0,0,0,0,0,-0.215763165,0
2024-10-21T12:19:57.871002706Z,AAPL,200,200,0,0,0,0,0,0,0,0,0,0.536193029,0,0,0,0,0,0,0,0,0,-0.010674925,0
2024-10-21T12:20:02.012790106Z,AAPL,-200,-200,-1200,-30,-1,-505,-10,-100,-15,-110,-10,-0.549450549,-3.296703297,-0.082417582,-0.002747253,-1.387362637,-0.027472527,-0.274725275,-0.041208791,-0.302197802,-0.027472527,0.466874644,0
2024-10-21T12:20:02.012801350Z,AAPL,200,200,1200,30,1,505,10,100,15,110,10,0.536193029,3.217158177,0.080428954,0.002680965,1.353887399,0.026809651,0.268096515,0.040214477,0.294906166,0.026809651,-0.455609573,0
2024-10-21T12:20:02.012823085Z,AAPL,0,0,-200,0,0,0,0,0,0,0,0,0,-0.508905852,0,0,0,0,0,0,0,0,0.032441863,0
2024-10-21T12:20:02.068202840Z,AAPL,200,200,0,0,0,0,0,0,0,0,0,0.508905852,0,0,0,0,0,0,0,0,0,-0.010131671,0
2024-10-21T12:20:02.174072577Z,AAPL,0,0,200,0,0,0,0,0,0,0,0,0,0.536193029,0,0,0,0,0,0,0,0,-0.034181373,0
2024-10-21T12:20:02.174084216Z,AAPL,0,0,-200,0,0,0,0,0,0,0,0,0,-0.536193029,0,0,0,0,0,0,0,0,0.034181373,0
2024-10-21T12:20:02.195761354Z,AAPL,0,0,0,-30,-100,-400,-1,-100,-500,-105,-63,0,0,-0.081212777,-0.270709258,-1.082837033,-0.002707093,-0.270709258,-1.353546291,-0.284244721,-0.170546833,0.384253701,0
2024-10-21T12:20:02.197099790Z,AAPL,0,0,0,0,100,400,1,100,500,105,63,0,0,0,0.268312316,1.073249262,0.002683123,0.268312316,1.341561578,0.281727931,0.169036759,-0.372404556,0
2024-10-21T12:20:17.529659579Z,AAPL,0,0,27,100,400,1,100,500,105,63,1,0,0.076530612,0.283446712,1.133786848,0.002834467,0.283446712,1.41723356,0.297619048,0.178571429,0.002834467,-0.499532031,0
2024-10-21T12:20:17.529671598Z,AAPL,0,0,-27,-100,-400,-1,-100,-500,-105,-63,-1,0,-0.072444325,-0.268312316,-1.073249262,-0.002683123,-0.268312316,-1.341561578,-0.281727931,-0.169036759,-0.002683123,0.472859942,0
2024-10-21T12:20:18.175151492Z,AAPL,200,200,0,0,0,0,0,0,0,0,0,0.536624631,0,0,0,0,0,0,0,0,0,-0.010683517,0
2024-10-21T12:20:26.003671349Z,AAPL,-200,-200,-1200,-30,-1,-505,-10,-100,-15,-110,-10,-0.549903767,-3.299422601,-0.082485565,-0.002749519,-1.388507011,-0.027495188,-0.274951883,-0.041242783,-0.302447072,-0.027495188,0.467259749,0
2024-10-21T12:20:26.003684074Z,AAPL,0,0,200,30,1,505,10,100,15,110,10,0,0.536624631,0.080493695,0.002683123,1.354977193,0.026831232,0.268312316,0.040246847,0.295143547,0.026831232,-0.274248356,0
2024-10-21T12:20:29.005849003Z,AAPL,0,0,200,0,0,0,0,0,0,0,0,0,0.509294627,0,0,0,0,0,0,0,0,-0.032466647,0
2024-10-21T12:20:29.035461864Z,AAPL,5,5,1200,400,30,1,505,10,100,15,110,0.012748598,3.059663437,1.019887812,0.076491586,0.00254972,1.287608363,0.025497195,0.254971953,0.038245793,0.280469148,-0.533045056,0
2024-10-21T12:20:32.533970326Z,AAPL,0,0,0,100,400,1,100,500,105,63,1,0,0,0.256673511,1.026694045,0.002566735,0.256673511,1.283367556,0.269507187,0.161704312,0.002566735,-0.447930435,0
2024-10-21T12:20:32.534015766Z,AAPL,0,0,0,-100,-400,-1,-100,-500,-105,-63,-1,0,0,-0.254971953,-1.019887812,-0.00254972,-0.254971953,-1.274859765,-0.267720551,-0.16063233,-0.00254972,0.444960983,0
2024-10-21T12:20:32.588585911Z,AAPL,-50,-50,-200,0,0,0,0,0,0,0,0,-0.127485977,-0.509943906,0,0,0,0,0,0,0,0,0.035046122,0
2024-10-21T12:20:32.846313500Z,AAPL,50,50,27,100,400,1,100,500,105,63,1,0.134300295,0.07252216,0.268600591,1.074402364,0.002686006,0.268600591,1.343002955,0.28203062,0.169218372,0.002686006,-0.476041733,0
2024-10-21T12:20:32.846324686Z,AAPL,0,0,-27,-100,-400,-1,-100,-500,-105,-63,-1,0,-0.065502183,-0.242600679,-0.970402717,-0.002426007,-0.242600679,-1.213003396,-0.254730713,-0.152838428,-0.002426007,0.427547066,0
2024-10-21T12:20:32.900943370Z,AAPL,-50,-50,-400,0,0,0,0,0,0,0,0,-0.127485977,-1.019887812,0,0,0,0,0,0,0,0,0.067554159,0
2024-10-21T12:20:33.387796787Z,AAPL,-200,-200,0,0,0,0,0,0,0,0,0,-0.509943906,0,0,0,0,0,0,0,0,0,0.010152338,0
2024-10-21T12:20:34.158518772Z,AAPL,-200,-200,0,0,0,0,0,0,0,0,0,-0.485201359,0,0,0,0,0,0,0,0,0,0.009659745,0
2024-10-21T12:20:53.732903004Z,AAPL,750,750,5,1200,400,30,1,505,10,100,15,1.574968501,0.01049979,2.519949601,0.8399832,0.06299874,0.002099958,1.06047879,0.02099958,0.2099958,0.03149937,-0.613683531,0
2024-10-21T12:20:54.066325257Z,AAPL,200,200,0,0,0,0,0,0,0,0,0,0.438404209,0,0,0,0,0,0,0,0,0,-0.008728073,0
2024-10-21T12:20:54.066539893Z,AAPL,50,50,27,100,400,1,100,500,105,63,1,0.114600046,0.061884025,0.229200092,0.916800367,0.002292001,0.229200092,1.146000458,0.240660096,0.144396058,0.002292001,-0.406212095,0
2024-10-21T12:20:54.087884313Z,AAPL,-50,-50,-27,-100,-400,-1,-100,-500,-105,-63,-1,-0.109601052,-0.059184568,-0.219202104,-0.876808417,-0.002192021,-0.219202104,-1.096010522,-0.23016221,-0.138097326,-0.002192021,0.388492629,0
2024-10-21T12:20:54.138010479Z,AAPL,50,50,27,100,400,1,100,500,105,63,1,0.114600046,0.061884025,0.229200092,0.916800367,0.002292001,0.229200092,1.146000458,0.240660096,0.144396058,0.002292001,-0.406212095,0
2024-10-21T12:20:54.138024196Z,AAPL,0,0,-27,-100,-400,-1,-100,-500,-105,-63,-1,0,-0.059184568,-0.219202104,-0.876808417,-0.002192021,-0.219202104,-1.096010522,-0.23016221,-0.138097326,-0.002192021,0.38631061,0
2024-10-21T12:20:54.138635039Z,AAPL,0,0,0,100,400,1,100,500,105,63,1,0,0,0.220458554,0.881834215,0.002204586,0.220458554,1.102292769,0.231481481,0.138888889,0.002204586,-0.384730373,0
2024-10-21T12:20:54.138679423Z,AAPL,0,0,0,-29,0,0,0,0,0,0,0,0,0,-0.063526835,0,0,0,0,0,0,0,0.006666377,0
2024-10-21T12:20:54.140701289Z,AAPL,0,0,-200,0,0,0,0,0,0,0,0,0,-0.419727177,0,0,0,0,0,0,0,0,0.026756878,0
2024-10-21T12:20:54.259923109Z,AAPL,0,0,200,0,0,0,0,0,0,0,0,0,0.438116101,0,0,0,0,0,0,0,0,-0.02792914,0
2024-10-21T12:20:54.259936081Z,AAPL,-50,-50,-200,0,0,0,0,0,0,0,0,-0.104931794,-0.419727177,0,0,0,0,0,0,0,0,0.028845937,0
2024-10-21T12:20:54.367974373Z,AAPL,0,0,0,0,-200,0,0,0,0,0,0,0,0,0,-0.438116101,0,0,0,0,0,0,0.083557459,0
2024-10-21T12:20:54.367988079Z,AAPL,0,0,0,200,1200,0,0,0,0,0,0,0,0,0.438116101,2.628696605,0,0,0,0,0,0,-0.547319769,0
2024-10-21T12:20:54.646524020Z,AAPL,0,0,0,200,0,0,0,0,0,0,0,0,0,0.419727177,0,0,0,0,0,0,0,-0.044045316,0
2024-10-21T12:20:54.647311583Z,AAPL,0,0,0,0,0,-30,-1,-505,-10,-100,-15,0,0,0,0,-0.061919505,-0.002063983,-1.042311662,-0.020639835,-0.206398349,-0.030959752,0.154328764,0
2024-10-21T12:20:54.647352236Z,AAPL,0,0,0,26,400,1200,1,505,10,100,15,0,0,0.054610376,0.84015963,2.520478891,0.002100399,1.060701533,0.021003991,0.210039908,0.031505986,-0.625612001,0
2024-10-21T12:20:54.647382777Z,AAPL,0,0,0,29,0,0,0,0,0,0,0,0,0,0.061284869,0,0,0,0,0,0,0,-0.006431109,0
2024-10-21T12:20:54.647423336Z,AAPL,0,0,0,-100,-400,-1,-100,-500,-105,-63,-1,0,0,-0.210172341,-0.840689365,-0.002101723,-0.210172341,-1.050861707,-0.220680958,-0.132408575,-0.002101723,0.366779524,0
2024-10-21T12:20:54.647922749Z,AAPL,200,200,0,0,0,0,0,0,0,0,0,0.438788943,0,0,0,0,0,0,0,0,0,-0.008735733,0
2024-10-21T12:20:54.648117162Z,AAPL,50,50,27,100,400,1,100,500,105,63,1,0.114705208,0.061940812,0.229410415,0.917641661,0.002294104,0.229410415,1.147052076,0.240880936,0.144528562,0.002294104,-0.406584852,0
2024-10-21T12:20:54.648128723Z,AAPL,0,0,-27,-100,-400,-1,-100,-500,-105,-63,-1,0,-0.056746532,-0.210172341,-0.840689365,-0.002101723,-0.210172341,-1.050861707,-0.220680958,-0.132408575,-0.002101723,0.370397016,0
2024-10-21T12:20:54.648446832Z,AAPL,0,0,0,100,400,1,100,500,105,63,1,0,0,0.211327134,0.845308538,0.002113271,0.211327134,1.056635672,0.221893491,0.133136095,0.002113271,-0.368794796,0
2024-10-21T12:20:54.697200659Z,AAPL,0,0,0,0,-200,0,0,0,0,0,0,0,0,0,-0.441306267,0,0,0,0,0,0,0.084165888,0
2024-10-21T12:20:54.697212843Z,AAPL,0,0,0,200,26,0,0,0,0,0,0,0,0,0.441306267,0.057369815,0,0,0,0,0,0,-0.057251347,0
2024-10-21T12:20:54.708231641Z,AAPL,-50,-50,-400,0,0,0,0,0,0,0,0,-0.115420129,-0.923361034,0,0,0,0,0,0,0,0,0.061160529,0
2024-10-21T12:20:56.393593183Z,AAPL,0,0,0,-100,-400,-1,-100,-500,-105,-63,-1,0,0,-0.229305205,-0.917220821,-0.002293052,-0.229305205,-1.146526026,-0.240770465,-0.144462279,-0.002293052,0.400168992,0
2024-10-21T12:20:56.654348888Z,AAPL,50,50,30,100,400,1,100,500,105,63,1,0.120134551,0.07208073,0.240269101,0.961076406,0.002402691,0.240269101,1.201345507,0.252282556,0.151369534,0.002402691,-0.426289241,0
2024-10-21T12:20:56.654361253Z,AAPL,0,0,-30,-100,-400,-1,-100,-500,-105,-63,-1,0,-0.065775049,-0.219250164,-0.877000658,-0.002192502,-0.219250164,-1.096250822,-0.230212673,-0.138127604,-0.002192502,0.386814613,0
2024-10-21T12:20:56.655676466Z,AAPL,0,0,0,100,400,1,100,500,105,63,1,0,0,0.220653133,0.882612533,0.002206531,0.220653133,1.103265666,0.23168579,0.139011474,0.002206531,-0.385069941,0
2024-10-21T12:21:00.388313049Z,AAPL,0,0,0,-26,0,0,0,0,0,0,0,0,0,-0.057042563,0,0,0,0,0,0,0,0.00598593,0
2024-10-21T12:21:01.707857424Z,AAPL,-200,-200,126,400,1,100,500,105,63,1,2000,-0.314564328,0.198175527,0.629128657,0.001572822,0.157282164,0.786410821,0.165146272,0.099087763,0.001572822,3.145643284,-0.483040252,0
2024-10-21T12:21:01.856825426Z,AAPL,200,200,0,0,0,0,0,0,0,0,0,0.324780773,0,0,0,0,0,0,0,0,0,-0.006465974,0
2024-10-21T12:21:01.856837629Z,AAPL,0,0,-126,-400,-1,-100,-500,-105,-63,-1,-2000,0,-0.276437034,-0.877577885,-0.002193945,-0.219394471,-1.096972356,-0.230364195,-0.138218517,-0.002193945,-4.387889425,0.682533433,0
2024-10-21T12:21:06.853945458Z,AAPL,0,0,0,-200,-26,-1200,-1,-505,-10,-100,-15,0,0,-0.447627574,-0.058191585,-2.685765443,-0.002238138,-1.130259624,-0.022381379,-0.223813787,-0.033572068,0.547859974,0
2024-10-21T12:21:06.917506080Z,AAPL,0,0,0,26,0,0,0,0,0,0,0,0,0,0.058532193,0,0,0,0,0,0,0,-0.006142249,0
2024-10-21T12:21:06.917557816Z,AAPL,0,0,0,-100,-400,-1,-100,-500,-105,-63,-1,0,0,-0.223713647,-0.894854586,-0.002237136,-0.223713647,-1.118568233,-0.234899329,-0.140939597,-0.002237136,0.390410956,0
2024-10-21T12:21:06.921270364Z,AAPL,0,0,0,100,400,1,100,500,105,63,1,0,0,0.225123818,0.900495272,0.002251238,0.225123818,1.12561909,0.236380009,0.141828005,0.002251238,-0.392871899,0
2024-10-21T12:21:06.921738635Z,AAPL,0,0,0,0,0,30,1,505,10,100,15,0,0,0,0,0.068775791,0.002292526,1.157725814,0.022925264,0.229252636,0.034387895,-0.171417438,0
2024-10-21T12:21:06.921761416Z,AAPL,0,0,0,-26,-1200,-30,-1,-505,-10,-100,-15,0,0,-0.058479532,-2.699055331,-0.067476383,-0.002249213,-1.135852452,-0.022492128,-0.224921278,-0.033738192,0.689079071,0
2024-10-21T12:21:06.954173708Z,AAPL,0,0,0,200,1200,30,1,505,10,100,15,0,0,0.440917108,2.645502646,0.066137566,0.002204586,1.113315697,0.022045855,0.220458554,0.033068783,-0.715660848,0
2024-10-21T12:21:07.982705400Z,AAPL,0,0,0,0,0,29,30,1,505,10,100,0,0,0,0,0.063736264,0.065934066,0.002197802,1.10989011,0.021978022,0.21978022,-0.136328749,0
2024-10-21T12:21:07.982732401Z,AAPL,0,0,0,0,0,0,-30,-1,-505,-10,-100,0,0,0,0,0,-0.06615215,-0.002205072,-1.113561191,-0.022050717,-0.220507166,0.128905696,0
2024-10-21T12:21:08.049468728Z,AAPL,0,0,0,200,0,0,0,0,0,0,0,0,0,0.441014333,0,0,0,0,0,0,0,-0.046279147,0
2024-10-21T12:21:08.155736487Z,AAPL,0,0,0,200,0,0,0,0,0,0,0,0,0,0.422386484,0,0,0,0,0,0,0,-0.044324378,0
2024-10-21T12:21:08.156275244Z,AAPL,100,100,0,0,0,0,0,0,0,0,0,0.206825233,0,0,0,0,0,0,0,0,0,-0.004117629,0
2024-10-21T12:21:08.214593412Z,AAPL,0,0,0,-200,0,0,0,0,0,0,0,0,0,-0.431499461,0,0,0,0,0,0,0,0.045280676,0
2024-10-21T12:21:08.214604801Z,AAPL,0,0,0,400,0,0,0,0,0,0,0,0,0,0.827300931,0,0,0,0,0,0,0,-0.086815277,0
2024-10-21T12:21:09.374232780Z,AAPL,0,0,0,-100,-400,-1,-100,-500,-105,-63,-1,0,0,-0.205761317,-0.823045267,-0.002057613,-0.205761317,-1.028806584,-0.216049383,-0.12962963,-0.002057613,0.359081682,0
2024-10-21T12:21:13.168540873Z,AAPL,-100,-100,0,0,0,0,0,0,0,0,0,-0.210084034,0,0,0,0,0,0,0,0,0,0.004182507,0
2024-10-21T12:21:16.960024614Z,AAPL,0,0,0,-400,-1200,-29,-1,-505,-10,-100,-15,0,0,-0.894854586,-2.684563758,-0.064876957,-0.002237136,-1.129753915,-0.022371365,-0.223713647,-0.033557047,0.772904298,0
2024-10-21T12:21:16.960037598Z,AAPL,0,0,0,200,1200,29,1,505,10,100,15,0,0,0.438596491,2.631578947,0.063596491,0.002192982,1.10745614,0.021929825,0.219298246,0.032894737,-0.711624184,0
2024-10-21T12:21:17.837910042Z,AAPL,0,0,26,100,400,1,100,500,105,63,1,0,0.06248498,0.240326845,0.961307378,0.002403268,0.240326845,1.201634223,0.252343187,0.151405912,0.002403268,-0.423386571,0
2024-10-21T12:21:17.837922361Z,AAPL,0,0,-26,-100,-400,-1,-100,-500,-105,-63,-1,0,-0.057017544,-0.219298246,-0.877192982,-0.002192982,-0.219298246,-1.096491228,-0.230263158,-0.138157895,-0.002192982,0.386340246,0
2024-10-21T12:21:17.892771425Z,AAPL,0,0,0,200,0,0,0,0,0,0,0,0,0,0.438596491,0,0,0,0,0,0,0,-0.046025423,0
2024-10-21T12:21:18.021293469Z,AAPL,0,0,0,0,0,-29,-1,-505,-10,-100,-15,0,0,0,0,-0.062486533,-0.002154708,-1.088127559,-0.02154708,-0.215470804,-0.032320621,0.160847131,0
2024-10-21T12:21:18.047828600Z,AAPL,0,0,0,200,0,0,0,0,0,0,0,0,0,0.413137781,0,0,0,0,0,0,0,-0.043353838,0
2024-10-21T12:21:18.102401275Z,AAPL,0,0,0,-200,0,0,0,0,0,0,0,0,0,-0.430941607,0,0,0,0,0,0,0,0.045222136,0
2024-10-21T12:21:18.102413183Z,AAPL,0,0,0,400,0,0,0,0,0,0,0,0,0,0.826275563,0,0,0,0,0,0,0,-0.086707677,0
2024-10-21T12:21:18.739881846Z,AAPL,0,0,200,0,0,0,0,0,0,0,0,0,0.430941607,0,0,0,0,0,0,0,0,-0.027471778,0
2024-10-21T12:21:21.742772097Z,AAPL,0,0,-200,0,0,0,0,0,0,0,0,0,-0.413137781,0,0,0,0,0,0,0,0,0.026336815,0
2024-10-21T12:21:26.102195386Z,AAPL,0,0,0,400,0,0,0,0,0,0,0,0,0,0.826275563,0,0,0,0,0,0,0,-0.086707677,0
2024-10-21T12:21:26.482363138Z,AAPL,0,0,0,-200,0,0,0,0,0,0,0,0,0,-0.430941607,0,0,0,0,0,0,0,0.045222136,0
2024-10-21T12:21:26.509547941Z,AAPL,0,0,0,200,0,0,0,0,0,0,0,0,0,0.413137781,0,0,0,0,0,0,0,-0.043353838,0
2024-10-21T12:21:26.750764565Z,AAPL,0,0,0,-200,0,0,0,0,0,0,0,0,0,-0.430941607,0,0,0,0,0,0,0,0.045222136,0
2024-10-21T12:21:26.750773173Z,AAPL,0,0,0,-200,-1200,-1,-505,-10,-100,-15,-110,0,0,-0.449337228,-2.696023366,-0.002246686,-1.1345765,-0.022466861,-0.224668614,-0.033700292,-0.247135475,0.75178051,0
2024-10-21T12:21:26.750785721Z,AAPL,0,0,0,400,1200,1,505,10,100,15,110,0,0,0.826275563,2.478826689,0.002065689,1.043172898,0.020656889,0.206568891,0.030985334,0.22722578,-0.734569506,0
2024-10-21T12:21:26.804818995Z,AAPL,0,0,200,0,0,0,0,0,0,0,0,0,0.430941607,0,0,0,0,0,0,0,0,-0.027471778,0
2024-10-21T12:21:26.804831024Z,AAPL,0,0,-200,0,0,0,0,0,0,0,0,0,-0.413137781,0,0,0,0,0,0,0,0,0.026336815,0
2024-10-21T12:21:26.876199312Z,AAPL,0,0,0,400,0,0,0,0,0,0,0,0,0,0.826275563,0,0,0,0,0,0,0,-0.086707677,0
2024-10-21T12:21:28.271344736Z,AAPL,0,0,0,400,0,0,0,0,0,0,0,0,0,0.826275563,0,0,0,0,0,0,0,-0.086707677,0
2024-10-21T12:21:29.830172186Z,AAPL,0,0,0,0,0,29,1,505,10,100,15,0,0,0,0,0.06092437,0.00210084,1.06092437,0.021008403,0.210084034,0.031512605,-0.156825953,0
2024-10-21T12:21:43.255561253Z,AAPL,0,0,26,100,400,1,100,500,105,63,1,0,0.059619353,0.229305205,0.917220821,0.002293052,0.229305205,1.146526026,0.240770465,0.144462279,0.002293052,-0.403969622,0
2024-10-21T12:21:43.255575289Z,AAPL,0,0,-400,0,0,0,0,0,0,0,0,0,-0.84015963,0,0,0,0,0,0,0,0,0.053558716,0
2024-10-21T12:21:43.310928524Z,AAPL,0,0,-426,-100,-400,-1,-100,-500,-105,-63,-1,0,-0.934210526,-0.219298246,-0.877192982,-0.002192982,-0.219298246,-1.096491228,-0.230263158,-0.138157895,-0.002192982,0.442259773,0
2024-10-21T12:21:45.092124924Z,AAPL,0,0,0,400,0,0,0,0,0,0,0,0,0,0.877192982,0,0,0,0,0,0,0,-0.092050847,0
2024-10-21T12:21:45.108232814Z,AAPL,0,0,0,0,0,-29,-1,-505,-10,-100,-15,0,0,0,0,-0.062486533,-0.002154708,-1.088127559,-0.02154708,-0.215470804,-0.032320621,0.160847131,0
2024-10-21T12:21:45.108296167Z,AAPL,0,0,0,0,29,0,0,0,0,0,0,0,0,0,0.062098501,0,0,0,0,0,0,-0.01184342,0
2024-10-21T12:21:48.360630060Z,AAPL,0,0,26,100,400,1,100,500,105,63,1,0,0.058152539,0.22366361,0.89465444,0.002236636,0.22366361,1.11831805,0.23484679,0.140908074,0.002236636,-0.394030759,0
2024-10-21T12:21:48.360641832Z,AAPL,0,0,0,-100,-400,-1,-100,-500,-105,-63,-1,0,0,-0.214132762,-0.856531049,-0.002141328,-0.214132762,-1.070663812,-0.2248394,-0.13490364,-0.002141328,0.373691001,0
2024-10-21T12:21:48.415524174Z,AAPL,0,0,0,400,0,0,0,0,0,0,0,0,0,0.856531049,0,0,0,0,0,0,0,-0.089882626,0
2024-10-21T12:21:48.426249325Z,AAPL,0,0,0,0,-29,0,0,0,0,0,0,0,0,0,-0.062486533,0,0,0,0,0,0,0.011917425,0
2024-10-21T12:21:48.426358775Z,AAPL,0,0,0,0,26,1200,1,505,10,100,15,0,0,0,0.05705508,2.633311389,0.002194426,1.10818521,0.021944262,0.219442616,0.032916392,-0.49110433,0
2024-10-21T12:21:48.440341021Z,AAPL,0,0,200,100,400,1,100,500,105,63,1,0,0.441306267,0.220653133,0.882612533,0.002206531,0.220653133,1.103265666,0.23168579,0.139011474,0.002206531,-0.413202448,0
2024-10-21T12:21:48.582445356Z,AAPL,0,0,0,-400,-26,-1200,-1,-505,-10,-100,-15,0,0,-0.942951438,-0.061291843,-2.828854314,-0.002357379,-1.19047619,-0.023573786,-0.23573786,-0.035360679,0.626523879,0
2024-10-21T12:21:48.582457462Z,AAPL,0,0,0,200,26,1200,1,505,10,100,15,0,0,0.461680517,0.060018467,2.770083102,0.002308403,1.165743306,0.023084026,0.230840259,0.034626039,-0.565059641,0
2024-10-21T12:21:48.968862759Z,AAPL,0,0,-200,0,0,0,0,0,0,0,0,0,-0.441306267,0,0,0,0,0,0,0,0,0.028132507,0
2024-10-21T12:21:49.023156980Z,AAPL,0,0,200,0,0,0,0,0,0,0,0,0,0.461680517,0,0,0,0,0,0,0,0,-0.02943133,0
2024-10-21T12:21:49.023170310Z,AAPL,0,0,-200,0,0,0,0,0,0,0,0,0,-0.461680517,0,0,0,0,0,0,0,0,0.02943133,0
2024-10-21T12:21:53.593348279Z,AAPL,0,0,0,200,0,0,0,0,0,0,0,0,0,0.441306267,0,0,0,0,0,0,0,-0.046309782,0
2024-10-21T12:21:53.647894830Z,AAPL,0,0,0,-200,0,0,0,0,0,0,0,0,0,-0.461680517,0,0,0,0,0,0,0,0.048447814,0
2024-10-21T12:21:53.647907823Z,AAPL,0,0,0,400,0,0,0,0,0,0,0,0,0,0.882612533,0,0,0,0,0,0,0,-0.092619564,0
2024-10-21T12:21:55.660629861Z,AAPL,0,0,0,0,0,0,0,0,0,0,0,0,0,0,0,0,0,0,0,0,0,0,0
2024-10-21T12:22:01.337904135Z,AAPL,0,0,-200,0,0,0,0,0,0,0,0,0,-0.441306267,0,0,0,0,0,0,0,0,0.028132507,0
2024-10-21T12:22:03.706361217Z,AAPL,-750,-750,-5,-400,-26,-1200,-1,-505,-10,-100,-15,-1.927029805,-0.012846865,-1.027749229,-0.0668037,-3.083247688,-0.002569373,-1.297533402,-0.025693731,-0.256937307,-0.038540596,0.722049644,0
2024-10-21T12:22:03.777516702Z,AAPL,0,0,-400,-26,-1200,-1,-505,-10,-100,-15,-110,0,-1.142204455,-0.07424329,-3.426613364,-0.002855511,-1.442033124,-0.028555111,-0.285551114,-0.042832667,-0.314106225,0.976178194,0
2024-10-21T12:22:03.777529729Z,AAPL,0,0,200,26,1200,1,505,10,100,15,110,0,0.541711809,0.070422535,3.250270856,0.002708559,1.367822319,0.02708559,0.270855905,0.040628386,0.297941495,-0.891408319,0
2024-10-21T12:22:03.781981187Z,AAPL,0,0,-200,0,0,0,0,0,0,0,0,0,-0.513874615,0,0,0,0,0,0,0,0,0.032758613,0
2024-10-21T12:22:09.127308929Z,AAPL,0,0,0,-100,-400,-1,-100,-500,-105,-63,-1,0,0,-0.255167134,-1.020668538,-0.002551671,-0.255167134,-1.275835672,-0.267925491,-0.160755295,-0.002551671,0.445301601,0
2024-10-21T12:22:16.157355560Z,AAPL,0,0,0,-26,-1200,-1,-505,-10,-100,-15,-110,0,0,-0.066615424,-3.074558032,-0.002562132,-1.293876505,-0.025621317,-0.256213169,-0.038431975,-0.281834486,0.810551624,0
2024-10-21T12:22:16.158383793Z,AAPL,0,0,28,0,0,0,0,0,0,0,0,0,0.071228695,0,0,0,0,0,0,0,0,-0.004540705,0
2024-10-21T12:22:20.068422134Z,AAPL,0,0,200,28,1200,1,505,10,100,15,110,0,0.510073961,0.071410355,3.060443764,0.00255037,1.287936751,0.025503698,0.25503698,0.038255547,0.280540678,-0.839882242,0
2024-10-21T12:22:20.078770275Z,AAPL,0,0,29,0,0,0,0,0,0,0,0,0,0.073417722,0,0,0,0,0,0,0,0,-0.004680252,0
2024-10-21T12:22:20.078850920Z,AAPL,0,0,0,-28,-1200,-1,-505,-10,-100,-15,-110,0,0,-0.07121058,-3.051881994,-0.002543235,-1.284333672,-0.02543235,-0.254323499,-0.038148525,-0.279755849,0.805107261,0
2024-10-21T12:22:20.140239259Z,AAPL,0,0,0,100,400,1,100,500,105,63,1,0,0,0.256081946,1.024327785,0.002560819,0.256081946,1.280409731,0.268886044,0.161331626,0.002560819,-0.446898073,0
2024-10-21T12:22:20.140291372Z,AAPL,0,0,0,-100,-400,-1,-100,-500,-105,-63,-1,0,0,-0.254194204,-1.016776817,-0.002541942,-0.254194204,-1.270971022,-0.266903915,-0.160142349,-0.002541942,0.443603705,0
2024-10-21T12:22:20.142525001Z,AAPL,0,0,200,0,0,0,0,0,0,0,0,0,0.53561864,0,0,0,0,0,0,0,0,-0.034144757,0
2024-10-21T12:22:20.142535602Z,AAPL,0,0,30,100,400,1,100,500,105,63,1,0,0.084865629,0.282885431,1.131541726,0.002828854,0.282885431,1.414427157,0.297029703,0.178217822,0.002828854,-0.499083862,0
2024-10-21T12:22:20.142546696Z,AAPL,0,0,-30,-100,-400,-1,-100,-500,-105,-63,-1,0,-0.080342796,-0.26780932,-1.071237279,-0.002678093,-0.26780932,-1.339046599,-0.281199786,-0.168719871,-0.002678093,0.472485659,0
2024-10-21T12:22:20.146234448Z,AAPL,0,0,0,100,400,1,100,500,105,63,1,0,0,0.269905533,1.079622132,0.002699055,0.269905533,1.349527665,0.28340081,0.170040486,0.002699055,-0.471022125,0
2024-10-21T12:22:20.260745295Z,AAPL,0,0,-200,0,0,0,0,0,0,0,0,0,-0.539811066,0,0,0,0,0,0,0,0,0.034412017,0
2024-10-21T12:22:20.322223273Z,AAPL,0,0,-200,0,0,0,0,0,0,0,0,0,-0.512163892,0,0,0,0,0,0,0,0,0.032649558,0
2024-10-21T12:22:21.536007375Z,AAPL,0,0,0,-100,-400,-1,-100,-500,-105,-63,-1,0,0,-0.254452926,-1.017811705,-0.002544529,-0.254452926,-1.272264631,-0.267175573,-0.160305344,-0.002544529,0.44405521,0
2024-10-21T12:22:21.539297131Z,AAPL,0,0,0,100,400,1,100,500,105,63,1,0,0,0.256081946,1.024327785,0.002560819,0.256081946,1.280409731,0.268886044,0.161331626,0.002560819,-0.446898073,0
2024-10-21T12:22:21.583281944Z,AAPL,0,0,200,29,1200,1,505,10,100,15,110,0,0.513478819,0.074454429,3.080872914,0.002567394,1.296534018,0.025673941,0.256739409,0.038510911,0.28241335,-0.845758062,0
2024-10-21T12:22:22.095263170Z,AAPL,0,0,0,-100,-400,-1,-100,-500,-105,-63,-1,0,0,-0.25503698,-1.020147921,-0.00255037,-0.25503698,-1.275184902,-0.267788829,-0.160673298,-0.00255037,0.445074464,0
2024-10-21T12:22:22.945397458Z,AAPL,0,0,200,0,0,0,0,0,0,0,0,0,0.537489922,0,0,0,0,0,0,0,0,-0.034264048,0
2024-10-21T12:22:22.945406901Z,AAPL,0,0,27,100,400,1,100,500,105,63,1,0,0.076660988,0.283929585,1.135718342,0.002839296,0.283929585,1.419647927,0.298126065,0.178875639,0.002839296,-0.500383022,0
2024-10-21T12:22:22.945697032Z,AAPL,0,0,-27,-100,-400,-1,-100,-500,-105,-63,-1,0,-0.072561139,-0.268744961,-1.074979844,-0.00268745,-0.268744961,-1.343724805,-0.282182209,-0.169309325,-0.00268745,0.473622414,0
2024-10-21T12:22:22.986296201Z,AAPL,0,0,-200,0,0,0,0,0,0,0,0,0,-0.510073961,0,0,0,0,0,0,0,0,0.032516328,0
2024-10-21T12:22:23.024563308Z,AAPL,0,0,200,0,0,0,0,0,0,0,0,0,0.537489922,0,0,0,0,0,0,0,0,-0.034264048,0
2024-10-21T12:22:23.028903196Z,AAPL,0,0,27,100,400,1,100,500,105,63,1,0,0.076660988,0.283929585,1.135718342,0.002839296,0.283929585,1.419647927,0.298126065,0.178875639,0.002839296,-0.500383022,0
2024-10-21T12:22:23.028915916Z,AAPL,0,0,-27,-100,-400,-1,-100,-500,-105,-63,-1,0,-0.072561139,-0.268744961,-1.074979844,-0.00268745,-0.268744961,-1.343724805,-0.282182209,-0.169309325,-0.00268745,0.473622414,0
2024-10-21T12:22:23.079803882Z,AAPL,3,3,5,200,29,1200,1,505,10,100,15,0.008301051,0.013835086,0.553403431,0.080243498,3.320420587,0.002767017,1.397343664,0.027670172,0.276701716,0.041505257,-0.679951477,0
2024-10-21T12:22:23.079851405Z,AAPL,0,0,0,0,0,0,0,0,0,0,0,0,0,0,0,0,0,0,0,0,0,0,0
2024-10-21T12:22:23.079869699Z,AAPL,0,0,0,0,0,0,0,0,0,0,0,0,0,0,0,0,0,0,0,0,0,0,48
2024-10-21T12:22:23.079869699Z,AAPL,0,0,0,0,0,0,0,0,0,0,0,0,0,0,0,0,0,0,0,0,0,0,48
2024-10-21T12:22:23.079869699Z,AAPL,0,0,0,0,0,0,0,0,0,0,0,0,0,0,0,0,0,0,0,0,0,0,48
2024-10-21T12:22:23.079869699Z,AAPL,0,0,0,0,0,0,0,0,0,0,0,0,0,0,0,0,0,0,0,0,0,0,48
2024-10-21T12:22:23.079869699Z,AAPL,48,48,0,0,0,0,0,0,0,0,0,0.134604599,0,0,0,0,0,0,0,0,0,-0.002679807,0
2024-10-21T12:22:23.079955251Z,AAPL,0,0,27,100,400,1,100,500,105,63,1,0,0.08019008,0.297000297,1.188001188,0.002970003,0.297000297,1.485001485,0.311850312,0.187110187,0.002970003,-0.523418178,0
2024-10-21T12:22:23.083910618Z,AAPL,-3,-3,-5,-200,-29,-1200,-1,-505,-10,-100,-15,-0.008635579,-0.014392631,-0.575705239,-0.08347726,-3.454231434,-0.002878526,-1.453655728,-0.028785262,-0.287852619,-0.043177893,0.70735309,0
2024-10-21T12:22:23.088151194Z,AAPL,100,100,5,200,29,1200,1,505,10,100,15,0.288683603,0.01443418,0.577367206,0.083718245,3.464203233,0.002886836,1.457852194,0.02886836,0.288683603,0.04330254,-0.714970008,0
2024-10-21T12:22:23.116151189Z,AAPL,0,0,-27,-100,-400,-1,-100,-500,-105,-63,-1,0,-0.073710074,-0.273000273,-1.092001092,-0.002730003,-0.273000273,-1.365001365,-0.286650287,-0.171990172,-0.002730003,0.481121759,0
2024-10-21T12:22:23.241854315Z,AAPL,0,0,-200,0,0,0,0,0,0,0,0,0,-0.546000546,0,0,0,0,0,0,0,0,0.034806585,0
2024-10-21T12:22:26.043027067Z,AAPL,0,0,-200,0,0,0,0,0,0,0,0,0,-0.517732332,0,0,0,0,0,0,0,0,0.033004536,0
2024-10-21T12:22:26.221438925Z,AAPL,0,0,0,200,0,0,0,0,0,0,0,0,0,0.517732332,0,0,0,0,0,0,0,-0.054329778,0
2024-10-21T12:22:29.394160247Z,AAPL,0,0,0,200,0,0,0,0,0,0,0,0,0,0.517732332,0,0,0,0,0,0,0,-0.054329778,0
2024-10-21T12:22:36.707463498Z,AAPL,0,0,0,100,400,1,100,500,105,63,1,0,0,0.260620276,1.042481105,0.002606203,0.260620276,1.303101381,0.27365129,0.164190774,0.002606203,-0.45481808,0
2024-10-21T12:22:36.707506060Z,AAPL,0,0,0,-100,-400,-1,-100,-500,-105,-63,-1,0,0,-0.258933195,-1.035732781,-0.002589332,-0.258933195,-1.294665976,-0.271879855,-0.163127913,-0.002589332,0.451873893,0
2024-10-21T12:22:40.428425309Z,AAPL,0,0,0,0,0,0,0,0,0,0,0,0,0,0,0,0,0,0,0,0,0,0,0
2024-10-21T12:22:40.428425309Z,AAPL,0,0,0,0,0,0,0,0,0,0,0,0,0,0,0,0,0,0,0,0,0,0,0
2024-10-21T12:23:09.008613373Z,AAPL,4,4,100,5,200,29,1200,1,505,10,100,0.010386912,0.259672812,0.012983641,0.519345625,0.075305116,3.116073747,0.002596728,1.311347702,0.025967281,0.259672812,-0.664051556,0
2024-10-21T12:23:09.008621599Z,AAPL,0,0,100,100,5,200,29,1200,1,505,10,0,0.259672812,0.259672812,0.012983641,0.519345625,0.075305116,3.116073747,0.002596728,1.311347702,0.025967281,-0.599570606,0
2024-10-21T12:23:09.008973422Z,AAPL,0,0,-100,-100,-5,-200,-29,-1200,-1,-505,-10,0,-0.259672812,-0.259672812,-0.012983641,-0.519345625,-0.075305116,-3.116073747,-0.002596728,-1.311347702,-0.025967281,0.599570606,0
2024-10-21T12:23:09.009065871Z,AAPL,723,723,4,100,5,200,29,1200,1,505,10,1.616003576,0.008940545,0.223513634,0.011175682,0.447027269,0.064818954,2.682163612,0.002235136,1.128743853,0.022351363,-0.534574927,0
2024-10-21T12:23:09.047049975Z,AAPL,0,0,-4,-100,-5,-200,-29,-1200,-1,-505,-10,0,-0.008752735,-0.218818381,-0.010940919,-0.437636761,-0.06345733,-2.625820569,-0.002188184,-1.105032823,-0.021881838,0.491848594,0
2024-10-21T12:23:09.047528450Z,AAPL,0,0,-100,-5,-200,-29,-1200,-1,-505,-10,-100,0,-0.22296544,-0.011148272,-0.445930881,-0.064659978,-2.675585284,-0.002229654,-1.125975474,-0.022296544,-0.22296544,0.570003611,0
2024-10-21T12:23:09.079779485Z,AAPL,0,0,200,0,0,0,0,0,0,0,0,0,0.466744457,0,0,0,0,0,0,0,0,-0.029754148,0
2024-10-21T12:23:09.081699019Z,AAPL,0,0,0,200,0,0,0,0,0,0,0,0,0,0.445930881,0,0,0,0,0,0,0,-0.046795079,0
2024-10-21T12:23:09.087775155Z,AAPL,0,0,0,-200,0,0,0,0,0,0,0,0,0,-0.466744457,0,0,0,0,0,0,0,0.048979214,0
2024-10-21T12:23:09.087785825Z,AAPL,0,0,0,-200,-29,-1200,-1,-505,-10,-100,-15,0,0,-0.476758045,-0.069129917,-2.860548272,-0.00238379,-1.203814064,-0.023837902,-0.238379023,-0.035756853,0.584877226,0
2024-10-21T12:23:09.087797026Z,AAPL,0,0,0,200,29,1200,1,505,10,100,15,0,0,0.466744457,0.067677946,2.800466744,0.002333722,1.178529755,0.023337223,0.233372229,0.035005834,-0.572592756,0
2024-10-21T12:23:09.133329159Z,AAPL,0,0,0,200,0,0,0,0,0,0,0,0,0,0.466744457,0,0,0,0,0,0,0,-0.048979214,0
2024-10-21T12:23:09.155634175Z,AAPL,0,0,0,0,-29,-1200,-1,-505,-10,-100,-15,0,0,0,-0.066422355,-2.748511223,-0.002290426,-1.15666514,-0.02290426,-0.229042602,-0.03435639,0.513899228,0
2024-10-21T12:23:09.155732424Z,AAPL,0,0,0,0,26,1200,1,505,10,100,15,0,0,0,0.06071929,2.802428772,0.002335357,1.179355441,0.023353573,0.233535731,0.03503036,-0.522644193,0
2024-10-21T12:23:09.242822823Z,AAPL,0,0,0,100,400,1,100,500,105,63,1,0,0,0.234907212,0.939628847,0.002349072,0.234907212,1.174536058,0.246652572,0.147991543,0.002349072,-0.40994526,0
2024-10-21T12:23:09.242876186Z,AAPL,0,0,0,0,0,-1,-100,-500,-105,-63,-1,0,0,0,0,-0.002333722,-0.233372229,-1.166861144,-0.24504084,-0.147024504,-0.002333722,0.204741984,0
2024-10-21T12:23:09.312635376Z,AAPL,0,0,200,5,0,0,0,0,0,0,0,0,0.466744457,0.011668611,0,0,0,0,0,0,0,-0.030978628,0
2024-10-21T12:23:09.319468618Z,AAPL,0,0,-200,0,0,0,0,0,0,0,0,0,-0.445930881,0,0,0,0,0,0,0,0,0.028427318,0
2024-10-21T12:23:09.729465211Z,AAPL,0,0,200,0,0,0,0,0,0,0,0,0,0.466744457,0,0,0,0,0,0,0,0,-0.029754148,0
2024-10-21T12:23:09.784075201Z,AAPL,0,0,200,0,0,0,0,0,0,0,0,0,0.466744457,0,0,0,0,0,0,0,0,-0.029754148,0
2024-10-21T12:23:11.099071185Z,AAPL,0,0,0,0,0,0,0,0,0,0,0,0,0,0,0,0,0,0,0,0,0,0,-200
2024-10-21T12:23:11.099071185Z,AAPL,-200,-200,0,0,0,0,0,0,0,0,0,-0.489596083,0,0,0,0,0,0,0,0,0,0.009747238,0
2024-10-21T12:23:11.099138993Z,AAPL,0,0,-200,-5,-26,-1200,-1,-505,-10,-100,-15,0,-0.500625782,-0.012515645,-0.065081352,-3.003754693,-0.002503129,-1.2640801,-0.025031289,-0.250312891,-0.037546934,0.593418236,0
2024-10-21T12:23:11.171874633Z,AAPL,0,0,-200,0,0,0,0,0,0,0,0,0,-0.476758045,0,0,0,0,0,0,0,0,0.030392496,0
2024-10-21T12:23:11.208162821Z,AAPL,0,0,200,5,26,1200,1,505,10,100,15,0,0.466744457,0.011668611,0.060676779,2.800466744,0.002333722,1.178529755,0.023337223,0.233372229,0.035005834,-0.553256909,0
2024-10-21T12:23:12.139603042Z,AAPL,0,0,200,0,0,0,0,0,0,0,0,0,0.466744457,0,0,0,0,0,0,0,0,-0.029754148,0
2024-10-21T12:23:12.190123660Z,AAPL,0,0,0,0,0,1,100,500,105,63,1,0,0,0,0,0.002349072,0.234907212,1.174536058,0.246652572,0.147991543,0.002349072,-0.206088655,0
2024-10-21T12:23:12.190244811Z,AAPL,0,0,0,-100,-400,-1,-100,-500,-105,-63,-1,0,0,-0.233426704,-0.933706816,-0.002334267,-0.233426704,-1.16713352,-0.245098039,-0.147058824,-0.002334267,0.407361572,0
2024-10-21T12:23:12.195254017Z,AAPL,0,0,0,100,400,1,100,500,105,63,1,0,0,0.234907212,0.939628847,0.002349072,0.234907212,1.174536058,0.246652572,0.147991543,0.002349072,-0.40994526,0
2024-10-21T12:23:13.923503589Z,AAPL,0,0,0,0,0,-1,-100,-500,-105,-63,-1,0,0,0,0,-0.002334812,-0.233481205,-1.167406024,-0.245155265,-0.147093159,-0.002334812,0.204837591,0
2024-10-21T12:23:14.014125157Z,AAPL,0,0,-200,-5,-26,-1200,-1,-505,-10,-100,-15,0,-0.476985452,-0.011924636,-0.062008109,-2.861912712,-0.002384927,-1.204388266,-0.023849273,-0.238492726,-0.035773909,0.565396102,0
2024-10-21T12:23:14.014138266Z,AAPL,0,0,400,0,0,0,0,0,0,0,0,0,0.870890486,0,0,0,0,0,0,0,0,-0.055517754,0
2024-10-21T12:23:24.180057341Z,AAPL,0,0,200,5,26,1200,1,505,10,100,15,0,0.46696241,0.01167406,0.060705113,2.801774457,0.002334812,1.179080084,0.02334812,0.233481205,0.035022181,-0.553515259,0
2024-10-21T12:23:24.244388472Z,AAPL,0,0,0,0,-26,-1200,-1,-505,-10,-100,-15,0,0,0,-0.05953744,-2.747881841,-0.002289902,-1.156400275,-0.022899015,-0.228990153,-0.034348523,0.512471361,0
2024-10-21T12:23:24.244727755Z,AAPL,0,0,0,0,29,1200,1,505,10,100,15,0,0,0,0.067662156,2.799813346,0.002333178,1.178254783,0.023331778,0.233317779,0.034997667,-0.523491374,0
2024-10-21T12:23:24.253824768Z,AAPL,0,0,200,0,0,0,0,0,0,0,0,0,0.466635558,0,0,0,0,0,0,0,0,-0.029747205,0
2024-10-21T12:23:24.273148439Z,AAPL,0,0,0,0,0,1,100,500,105,63,1,0,0,0,0,0.002347418,0.234741784,1.17370892,0.246478873,0.147887324,0.002347418,-0.205943522,0
2024-10-21T12:23:24.273199301Z,AAPL,0,0,0,-100,-400,-1,-100,-500,-105,-63,-1,0,0,-0.233154581,-0.932618326,-0.002331546,-0.233154581,-1.165772907,-0.244812311,-0.146887386,-0.002331546,0.406886681,0
2024-10-21T12:23:24.281024032Z,AAPL,0,0,0,100,400,1,100,500,105,63,1,0,0,0.234741784,0.938967136,0.002347418,0.234741784,1.17370892,0.246478873,0.147887324,0.002347418,-0.409656567,0
2024-10-21T12:23:25.922987113Z,AAPL,0,0,0,0,0,-1,-100,-500,-105,-63,-1,0,0,0,0,-0.00233209,-0.233208955,-1.166044776,-0.244869403,-0.146921642,-0.00233209,0.204598741,0
2024-10-21T12:23:26.667483730Z,AAPL,0,0,0,0,0,1,100,500,105,63,1,0,0,0,0,0.002347418,0.234741784,1.17370892,0.246478873,0.147887324,0.002347418,-0.205943522,0
2024-10-21T12:23:26.667566801Z,AAPL,0,0,0,-100,-400,-1,-100,-500,-105,-63,-1,0,0,-0.233372229,-0.933488915,-0.002333722,-0.233372229,-1.166861144,-0.24504084,-0.147024504,-0.002333722,0.407266505,0
2024-10-21T12:23:26.671669972Z,AAPL,0,0,0,100,400,1,100,500,105,63,1,0,0,0.234741784,0.938967136,0.002347418,0.234741784,1.17370892,0.246478873,0.147887324,0.002347418,-0.409656567,0
2024-10-21T12:23:29.923042073Z,AAPL,0,0,0,0,0,-1,-100,-500,-105,-63,-1,0,0,0,0,-0.002333722,-0.233372229,-1.166861144,-0.24504084,-0.147024504,-0.002333722,0.204741984,0
2024-10-21T12:23:31.049271170Z,AAPL,0,0,-200,-5,-29,-1200,-1,-505,-10,-100,-15,0,-0.476758045,-0.011918951,-0.069129917,-2.860548272,-0.00238379,-1.203814064,-0.023837902,-0.238379023,-0.035756853,0.566490453,0
2024-10-21T12:23:31.049283153Z,AAPL,0,0,200,5,29,1200,1,505,10,100,15,0,0.466744457,0.011668611,0.067677946,2.800466744,0.002333722,1.178529755,0.023337223,0.233372229,0.035005834,-0.554592171,0
2024-10-21T12:23:31.105200821Z,AAPL,0,0,200,0,0,0,0,0,0,0,0,0,0.466744457,0,0,0,0,0,0,0,0,-0.029754148,0
2024-10-21T12:23:33.817825903Z,AAPL,0,0,-200,-5,-29,-1200,-1,-505,-10,-100,-15,0,-0.476758045,-0.011918951,-0.069129917,-2.860548272,-0.00238379,-1.203814064,-0.023837902,-0.238379023,-0.035756853,0.566490453,0
2024-10-21T12:23:33.817837243Z,AAPL,0,0,400,0,0,0,0,0,0,0,0,0,0.870511425,0,0,0,0,0,0,0,0,-0.05549359,0
2024-10-21T12:23:34.381673108Z,AAPL,0,0,0,0,0,1,100,500,105,63,1,0,0,0,0,0.002188184,0.218818381,1.094091904,0.2297593,0.13785558,0.002188184,-0.191973611,0
2024-10-21T12:23:34.381786514Z,AAPL,0,0,0,0,0,-1,-100,-500,-105,-63,-1,0,0,0,0,-0.002175805,-0.217580505,-1.087902524,-0.22845953,-0.137075718,-0.002175805,0.190887599,0
2024-10-21T12:23:35.765078516Z,AAPL,0,0,0,0,0,0,0,0,0,0,0,0,0,0,0,0,0,0,0,0,0,0,-100
2024-10-21T12:23:35.765078516Z,AAPL,-100,-100,0,0,0,0,0,0,0,0,0,-0.222419929,0,0,0,0,0,0,0,0,0,0.004428099,0
2024-10-21T12:23:35.765293055Z,AAPL,0,0,0,0,0,0,0,0,0,0,0,0,0,0,0,0,0,0,0,0,0,0,-423
2024-10-21T12:23:35.765293055Z,AAPL,-423,-423,-405,-29,-1200,-1,-505,-10,-100,-15,-110,-1.036002939,-0.991917708,-0.071026206,-2.93901543,-0.00244918,-1.23683566,-0.024491795,-0.244917952,-0.036737693,-0.269409748,0.859447841,0
2024-10-21T12:23:35.765317844Z,AAPL,-2,-2,-400,-100,-400,-27,-1,-100,-500,-105,-63,-0.004826255,-0.965250965,-0.241312741,-0.965250965,-0.06515444,-0.002413127,-0.241312741,-1.206563707,-0.253378378,-0.152027027,0.449120599,0
2024-10-21T12:23:35.765319866Z,AAPL,0,0,-2,-400,-100,-400,-27,-1,-100,-500,-105,0,-0.004832085,-0.966417009,-0.241604252,-0.966417009,-0.065233148,-0.002416043,-0.241604252,-1.208021261,-0.253684465,0.410192175,0
2024-10-21T12:23:35.765327695Z,AAPL,0,0,-100,0,0,0,0,0,0,0,0,0,-0.235904695,0,0,0,0,0,0,0,0,0.015038514,0
2024-10-21T12:23:35.765330068Z,AAPL,0,0,-100,0,0,0,0,0,0,0,0,0,-0.23046785,0,0,0,0,0,0,0,0,0.014691925,0
2024-10-21T12:23:35.765336405Z,AAPL,0,0,-38,0,0,0,0,0,0,0,0,0,-0.086817455,0,0,0,0,0,0,0,0,0.005534462,0
2024-10-21T12:23:35.765353728Z,AAPL,0,0,100,0,0,0,0,0,0,0,0,0,0.233808744,0,0,0,0,0,0,0,0,-0.014904901,0
2024-10-21T12:23:35.765358258Z,AAPL,-300,-300,0,0,0,0,0,0,0,0,0,-0.794281176,0,0,0,0,0,0,0,0,0,0.015813133,0
2024-10-21T12:23:35.765377342Z,AAPL,0,0,100,0,0,0,0,0,0,0,0,0,0.271960838,0,0,0,0,0,0,0,0,-0.017337031,0
2024-10-21T12:23:35.765712149Z,AAPL,0,0,100,0,0,0,0,0,0,0,0,0,0.27956388,0,0,0,0,0,0,0,0,-0.017821711,0
2024-10-21T12:23:35.833227941Z,AAPL,0,0,-29,-1200,-1,-505,-10,-100,-15,-110,-10,0,-0.079278294,-3.280481137,-0.002733734,-1.380535812,-0.027337343,-0.273373428,-0.041006014,-0.300710771,-0.027337343,0.585261972,0
2024-10-21T12:23:35.833269631Z,AAPL,0,0,30,1200,1,505,10,100,15,110,10,0,0.083845724,3.353828955,0.002794857,1.411403018,0.027948575,0.279485746,0.041922862,0.307434321,0.027948575,-0.59852593,0
2024-10-21T12:23:35.833775320Z,AAPL,100,100,5,30,1200,1,505,10,100,15,110,0.272628135,0.013631407,0.081788441,3.271537623,0.002726281,1.376772083,0.027262814,0.272628135,0.04089422,0.299890949,-0.869922752,0
2024-10-21T12:23:35.833795471Z,AAPL,38,38,2,400,100,400,27,1,100,500,105,0.101360363,0.005334756,1.066951187,0.266737797,1.066951187,0.072019205,0.002667378,0.266737797,1.333688984,0.280074687,-0.454881497,0
2024-10-21T12:23:35.836802755Z,AAPL,0,0,0,-30,-1200,-1,-505,-10,-100,-15,-110,0,0,-0.080450523,-3.218020917,-0.002681684,-1.354250469,-0.026816841,-0.26816841,-0.040225261,-0.294985251,0.849498661,0
2024-10-21T12:23:35.873762810Z,AAPL,2,2,400,100,400,27,1,100,500,105,63,0.005327651,1.065530101,0.266382525,1.065530101,0.071923282,0.002663825,0.266382525,1.331912627,0.279701652,0.167820991,-0.495779372,0
2024-10-21T12:23:35.901086187Z,AAPL,0,0,0,0,400,1,505,10,100,15,110,0,0,0,0.965250965,0.002413127,1.218629344,0.024131274,0.241312741,0.036196911,0.265444015,-0.3886438,0
2024-10-21T12:23:35.969121189Z,AAPL,0,0,0,0,400,0,0,0,0,0,0,0,0,0,0.965250965,0,0,0,0,0,0,-0.184092569,0
2024-10-21T12:23:36.000147454Z,AAPL,0,0,0,400,1200,0,0,0,0,0,0,0,0,0.965250965,2.895752896,0,0,0,0,0,0,-0.653569179,0
2024-10-21T12:23:36.364328399Z,AAPL,0,0,0,0,27,1200,1,505,10,100,15,0,0,0,0.066486087,2.954937208,0.002462448,1.243536075,0.024624477,0.246244767,0.036936715,-0.551556176,0
2024-10-21T12:23:36.417876919Z,AAPL,0,0,0,400,0,0,0,0,0,0,0,0,0,0.984979069,0,0,0,0,0,0,0,-0.1033617,0
2024-10-21T12:23:37.809399308Z,AAPL,0,0,200,0,0,0,0,0,0,0,0,0,0.518000518,0,0,0,0,0,0,0,0,-0.033021632,0
2024-10-21T12:23:37.809411756Z,AAPL,0,0,-200,0,0,0,0,0,0,0,0,0,-0.518000518,0,0,0,0,0,0,0,0,0.033021632,0
2024-10-21T12:23:37.892403782Z,AAPL,0,0,-200,0,0,0,0,0,0,0,0,0,-0.518000518,0,0,0,0,0,0,0,0,0.033021632,0
2024-10-21T12:23:39.411730598Z,AAPL,0,0,0,0,0,1,100,500,105,63,1,0,0,0,0,0.002607562,0.260756193,1.303780965,0.273794003,0.164276402,0.002607562,-0.228766468,0
2024-10-21T12:23:39.411789045Z,AAPL,0,0,0,-100,-400,-1,-100,-500,-105,-63,-1,0,0,-0.258799172,-1.035196687,-0.002587992,-0.258799172,-1.293995859,-0.27173913,-0.163043478,-0.002587992,0.451640004,0
2024-10-21T12:23:40.838462060Z,AAPL,0,0,0,0,-27,-1200,-1,-505,-10,-100,-15,0,0,0,-0.068406385,-3.04028376,-0.00253357,-1.279452749,-0.025335698,-0.25335698,-0.038003547,0.567486606,0
2024-10-21T12:23:40.838495937Z,AAPL,0,0,0,0,28,1200,1,505,10,100,15,0,0,0,0.072445019,3.104786546,0.002587322,1.306597671,0.025873221,0.258732212,0.038809832,-0.580019879,0
2024-10-21T12:23:40.883854903Z,AAPL,0,0,200,5,0,0,0,0,0,0,0,0,0.545702592,0.013642565,0,0,0,0,0,0,0,-0.036219214,0
2024-10-21T12:23:53.580500087Z,AAPL,-2,-2,-200,-30,-100,-400,-1,-100,-500,-105,-63,-0.005546312,-0.55463117,-0.083194676,-0.277315585,-1.109262341,-0.002773156,-0.277315585,-1.386577926,-0.291181364,-0.174708819,0.429098133,0
2024-10-21T12:23:53.580531557Z,AAPL,0,0,-200,-5,-28,-1200,-1,-505,-10,-100,-15,0,-0.568828214,-0.014220705,-0.07963595,-3.412969283,-0.002844141,-1.43629124,-0.028441411,-0.284414107,-0.042662116,0.675347057,0
2024-10-21T12:23:53.584590487Z,AAPL,2,2,200,30,100,400,1,100,500,105,63,0.005594406,0.559440559,0.083916084,0.27972028,1.118881119,0.002797203,0.27972028,1.398601399,0.293706294,0.176223776,-0.432818984,0
2024-10-21T12:23:53.687318686Z,AAPL,0,0,200,5,28,1200,1,505,10,100,15,0,0.545702592,0.013642565,0.076398363,3.274215553,0.002728513,1.377899045,0.02728513,0.272851296,0.040927694,-0.647890928,0
2024-10-21T12:23:56.151717030Z,AAPL,0,0,0,0,0,0,0,0,0,0,0,0,0,0,0,0,0,0,0,0,0,0,-100
2024-10-21T12:23:56.151717030Z,AAPL,-100,-100,-200,-5,-28,-1200,-1,-505,-10,-100,-15,-0.272108844,-0.544217687,-0.013605442,-0.076190476,-3.265306122,-0.002721088,-1.37414966,-0.027210884,-0.272108844,-0.040816327,0.651545302,0
2024-10-21T12:23:56.151739820Z,AAPL,-2,-2,-200,-30,-100,-400,-1,-100,-500,-105,-63,-0.005387931,-0.538793103,-0.080818966,-0.269396552,-1.077586207,-0.002693966,-0.269396552,-1.346982759,-0.282866379,-0.169719828,0.416844792,0
2024-10-21T12:23:56.151743006Z,AAPL,0,0,-2,-200,-30,-100,-400,-1,-100,-500,-105,0,-0.005395198,-0.539519827,-0.080927974,-0.269759914,-1.079039655,-0.002697599,-0.269759914,-1.348799568,-0.283247909,0.393489353,0
2024-10-21T12:23:56.151744249Z,AAPL,0,0,-100,-2,-200,-30,-100,-400,-1,-100,-500,0,-0.309405941,-0.006188119,-0.618811881,-0.092821782,-0.309405941,-1.237623762,-0.003094059,-0.309405941,-1.547029703,0.49179179,0
2024-10-21T12:23:56.151751835Z,AAPL,0,0,0,-100,0,0,0,0,0,0,0,0,0,-0.300120048,0,0,0,0,0,0,0,0.031493987,0
2024-10-21T12:23:56.151753407Z,AAPL,-200,-200,-5,-128,-1200,-1,-505,-10,-100,-15,-110,-0.616903146,-0.015422579,-0.394818014,-3.701418877,-0.003084516,-1.557680444,-0.030845157,-0.308451573,-0.046267736,-0.33929673,1.022092719,0
2024-10-21T12:23:56.151760470Z,AAPL,0,0,-30,0,0,0,0,0,0,0,0,0,-0.091687042,0,0,0,0,0,0,0,0,0.005844889,0
2024-10-21T12:23:56.151774406Z,AAPL,0,0,0,100,-2,-200,-30,-100,-400,-1,-100,0,0,0.322372663,-0.006447453,-0.644745326,-0.096711799,-0.322372663,-1.289490651,-0.003223727,-0.322372663,0.241253135,0
2024-10-21T12:23:56.151794726Z,AAPL,55,55,200,30,2,200,30,100,400,1,100,0.177304965,0.644745326,0.096711799,0.006447453,0.644745326,0.096711799,0.322372663,1.289490651,0.003223727,0.322372663,-0.329862317,0
2024-10-21T12:23:56.151815406Z,AAPL,25,25,0,0,0,0,0,0,0,0,0,0.081247969,0,0,0,0,0,0,0,0,0,-0.001617544,0
2024-10-21T12:23:56.151818053Z,AAPL,0,0,100,0,0,0,0,0,0,0,0,0,0.335908633,0,0,0,0,0,0,0,0,-0.021413591,0
2024-10-21T12:23:56.151908869Z,AAPL,-30,-30,-100,-30,-2,-200,-30,-100,-400,-1,-100,-0.10077259,-0.335908633,-0.10077259,-0.006718173,-0.671817266,-0.10077259,-0.335908633,-1.343634531,-0.003359086,-0.335908633,0.320627297,0
2024-10-21T12:23:56.152059304Z,AAPL,0,0,0,30,2,200,30,100,400,1,100,0,0,0.10077259,0.006718173,0.671817266,0.10077259,0.335908633,1.343634531,0.003359086,0.335908633,-0.297207451,0
2024-10-21T12:23:56.152100943Z,AAPL,-7,-7,0,0,0,0,0,0,0,0,0,-0.023458445,0,0,0,0,0,0,0,0,0,0.000467028,0
2024-10-21T12:23:56.152326897Z,AAPL,100,100,0,0,0,0,0,0,0,0,0,0.346740638,0,0,0,0,0,0,0,0,0,-0.006903167,0
2024-10-21T12:23:56.156195112Z,AAPL,30,30,30,2,200,30,100,400,1,100,500,0.088836245,0.088836245,0.005922416,0.592241635,0.088836245,0.296120817,1.184483269,0.002961208,0.296120817,1.480604086,-0.459230057,0
2024-10-21T12:23:56.222863616Z,AAPL,0,0,0,400,1200,1,505,10,100,15,110,0,0,1.061852933,3.1855588,0.002654632,1.340589328,0.026546323,0.265463233,0.039819485,0.292009557,-0.944000791,0
2024-10-21T12:23:56.223377764Z,AAPL,0,0,-28,-400,-1200,-1,-505,-10,-100,-15,-110,0,-0.074686583,-1.066951187,-3.200853561,-0.002667378,-1.347025874,-0.02667378,-0.266737797,-0.04001067,-0.293411576,0.953294343,0
2024-10-21T12:23:56.223447893Z,AAPL,0,0,0,29,1200,1,505,10,100,15,110,0,0,0.076963907,3.184713376,0.002653928,1.340233546,0.026539278,0.265392781,0.039808917,0.291932059,-0.840427582,0
2024-10-21T12:23:56.253764723Z,AAPL,0,0,2,200,30,100,400,1,100,500,105,0,0.005204267,0.52042675,0.078064012,0.260213375,1.0408535,0.002602134,0.260213375,1.301066875,0.273224044,-0.379564151,0
2024-10-21T12:23:56.403764720Z,AAPL,2,2,200,30,100,400,1,100,500,105,63,0.005159959,0.515995872,0.077399381,0.257997936,1.031991744,0.002579979,0.257997936,1.28998968,0.270897833,0.1625387,-0.399207396,0
2024-10-21T12:23:59.004911131Z,AAPL,0,0,-400,-29,-1200,-1,-505,-10,-100,-15,-110,0,-1.147446931,-0.083189902,-3.442340792,-0.002868617,-1.44865175,-0.028686173,-0.286861733,-0.04302926,-0.315547906,0.981561725,0
2024-10-21T12:23:59.004923443Z,AAPL,0,0,0,0,400,1,505,10,100,15,110,0,0,0,1.031991744,0.002579979,1.302889577,0.025799794,0.257997936,0.03869969,0.28379773,-0.415515972,0
2024-10-21T12:23:59.008280403Z,AAPL,0,0,0,-30,-100,-400,-1,-100,-500,-105,-63,0,0,-0.078084331,-0.260281104,-1.041124414,-0.002602811,-0.260281104,-1.301405518,-0.273295159,-0.163977095,0.369451632,0
2024-10-21T12:23:59.008322912Z,AAPL,0,0,0,0,100,400,1,100,500,105,63,0,0,0,0.258064516,1.032258065,0.002580645,0.258064516,1.290322581,0.270967742,0.162580645,-0.358181105,0
2024-10-21T12:23:59.011947596Z,AAPL,0,0,29,100,400,1,100,500,105,63,1,0,0.078890098,0.27203482,1.088139282,0.002720348,0.27203482,1.360174102,0.285636561,0.171381937,0.002720348,-0.47976713,0
2024-10-21T12:23:59.011960403Z,AAPL,0,0,0,-100,-400,-1,-100,-500,-105,-63,-1,0,0,-0.258064516,-1.032258065,-0.002580645,-0.258064516,-1.290322581,-0.270967742,-0.162580645,-0.002580645,0.450357929,0
2024-10-21T12:23:59.013517894Z,AAPL,0,0,0,100,400,1,100,500,105,63,1,0,0,0.27203482,1.088139282,0.002720348,0.27203482,1.360174102,0.285636561,0.171381937,0.002720348,-0.474738023,0
2024-10-21T12:23:59.013530559Z,AAPL,0,0,0,-100,-400,-1,-100,-500,-105,-63,-1,0,0,-0.245398773,-0.981595092,-0.002453988,-0.245398773,-1.226993865,-0.257668712,-0.154601227,-0.002453988,0.428254472,0
2024-10-21T12:23:59.014238552Z,AAPL,0,0,400,100,400,1,100,500,105,63,1,0,0.988386459,0.247096615,0.988386459,0.002470966,0.247096615,1.235483074,0.259451446,0.155670867,0.002470966,-0.494225357,0
2024-10-21T12:23:59.017196811Z,AAPL,0,0,-29,-1200,-400,-1,-505,-10,-100,-15,-110,0,-0.071996028,-2.979145978,-0.993048659,-0.002482622,-1.253723932,-0.024826216,-0.248262165,-0.037239325,-0.273088381,0.717051264,0
2024-10-21T12:23:59.017282783Z,AAPL,0,0,0,0,0,27,505,10,100,15,110,0,0,0,0,0.066749073,1.248454883,0.024721879,0.247218789,0.037082818,0.271940667,-0.217472139,0
2024-10-21T12:23:59.074518650Z,AAPL,0,0,-400,0,0,0,0,0,0,0,0,0,-1.040312094,0,0,0,0,0,0,0,0,0.066318087,0
2024-10-21T12:24:00.591545399Z,AAPL,0,0,0,0,27,0,0,0,0,0,0,0,0,0,0.069731405,0,0,0,0,0,0,-0.013299167,0
2024-10-21T12:24:00.591577923Z,AAPL,0,0,0,0,0,-27,-505,-10,-100,-15,-110,0,0,0,0,-0.070038911,-1.30998703,-0.025940337,-0.259403372,-0.038910506,-0.285343709,0.22819061,0
2024-10-21T12:24:00.591620074Z,AAPL,0,0,0,-100,-400,-1,-100,-500,-105,-63,-1,0,0,-0.257731959,-1.030927835,-0.00257732,-0.257731959,-1.288659794,-0.270618557,-0.162371134,-0.00257732,0.449777571,0
2024-10-21T12:24:00.639005885Z,AAPL,0,0,400,1200,0,0,0,0,0,0,0,0,1.030927835,3.092783505,0,0,0,0,0,0,0,-0.390270266,0
2024-10-21T12:24:00.649056842Z,AAPL,0,0,-200,0,0,0,0,0,0,0,0,0,-0.515463918,0,0,0,0,0,0,0,0,0.032859928,0
2024-10-21T12:24:02.009392935Z,AAPL,0,0,-200,0,0,0,0,0,0,0,0,0,-0.490196078,0,0,0,0,0,0,0,0,0.031249148,0
2024-10-21T12:24:03.014231244Z,AAPL,0,0,400,0,0,0,0,0,0,0,0,0,0.980392157,0,0,0,0,0,0,0,0,-0.062498295,0
2024-10-21T12:24:12.705753370Z,AAPL,0,0,0,100,400,1,100,500,105,63,1,0,0,0.246609125,0.986436498,0.002466091,0.246609125,1.233045623,0.258939581,0.155363748,0.002466091,-0.430366701,0
2024-10-21T12:24:12.705792927Z,AAPL,0,0,0,-100,-400,-1,-100,-500,-105,-63,-1,0,0,-0.245037981,-0.980151924,-0.00245038,-0.245037981,-1.225189904,-0.25728988,-0.154373928,-0.00245038,0.42762484,0
2024-10-21T12:24:12.758652350Z,AAPL,0,0,200,0,0,0,0,0,0,0,0,0,0.5153311,0,0,0,0,0,0,0,0,-0.032851462,0
2024-10-21T12:24:12.758665302Z,AAPL,-2,-2,-200,0,0,0,0,0,0,0,0,-0.005153311,-0.5153311,0,0,0,0,0,0,0,0,0.032954058,0
2024-10-21T12:24:12.829796906Z,AAPL,0,0,-400,-1200,-28,-505,-10,-100,-15,-110,-10,0,-1.113895851,-3.341687552,-0.07797271,-1.406293512,-0.027847396,-0.278473963,-0.041771094,-0.306321359,-0.027847396,0.676382266,0
2024-10-21T12:24:12.829810064Z,AAPL,0,0,0,400,28,505,10,100,15,110,10,0,0,1.0306622,0.072146354,1.301211028,0.025766555,0.25766555,0.038649833,0.283432105,0.025766555,-0.343826835,0
2024-10-21T12:24:12.887759925Z,AAPL,0,0,200,1200,0,0,0,0,0,0,0,0,0.543330617,3.2599837,0,0,0,0,0,0,0,-0.376732439,0
2024-10-21T12:24:12.974071654Z,AAPL,-200,-200,0,0,0,0,0,0,0,0,0,-0.5153311,0,0,0,0,0,0,0,0,0,0.01025959,0
2024-10-21T12:24:12.981737142Z,AAPL,-400,-400,-2,-27,-100,-400,-1,-100,-500,-105,-63,-1.046025105,-0.005230126,-0.070606695,-0.261506276,-1.046025105,-0.002615063,-0.261506276,-1.307531381,-0.27458159,-0.164748954,0.391525872,0
2024-10-21T12:24:12.981783591Z,AAPL,0,0,-200,-1200,-28,-505,-10,-100,-15,-110,-10,0,-0.53561864,-3.213711837,-0.07498661,-1.352437065,-0.026780932,-0.26780932,-0.040171398,-0.294590252,-0.026780932,0.616334278,0
2024-10-21T12:24:12.985831565Z,AAPL,400,400,2,27,100,400,1,100,500,105,63,1.055130572,0.005275653,0.071221314,0.263782643,1.055130572,0.002637826,0.263782643,1.318913216,0.276971775,0.166183065,-0.394934037,0
2024-10-21T12:24:13.052603423Z,AAPL,0,0,0,0,400,505,10,100,15,110,10,0,0,0,0.980151924,1.237441803,0.024503798,0.245037981,0.036755697,0.269541779,0.024503798,-0.397970624,0
2024-10-21T12:24:13.053128647Z,AAPL,0,0,0,0,0,0,27,10,100,15,110,0,0,0,0,0,0.065885798,0.024402147,0.244021474,0.036603221,0.268423621,-0.058427578,0
2024-10-21T12:24:13.053154026Z,AAPL,0,0,0,-27,0,0,0,0,0,0,0,0,0,-0.066322771,0,0,0,0,0,0,0,0.006959777,0
2024-10-21T12:24:13.184858615Z,AAPL,0,0,0,0,200,0,0,0,0,0,0,0,0,0,0.516662361,0,0,0,0,0,0,-0.098537794,0
2024-10-21T12:24:13.202985661Z,AAPL,0,0,0,200,1,0,0,0,0,0,0,0,0,0.516662361,0.002583312,0,0,0,0,0,0,-0.054710186,0
2024-10-21T12:24:13.538400660Z,AAPL,0,0,0,200,0,0,0,0,0,0,0,0,0,0.491279784,0,0,0,0,0,0,0,-0.051553901,0
2024-10-21T12:24:13.589170912Z,AAPL,0,0,0,-200,0,0,0,0,0,0,0,0,0,-0.516662361,0,0,0,0,0,0,0,0.054217497,0
2024-10-21T12:24:13.589183060Z,AAPL,0,0,200,1200,0,0,0,0,0,0,0,0,0.516662361,3.099974167,0,0,0,0,0,0,0,-0.358241309,0
2024-10-21T12:24:13.922992508Z,AAPL,0,0,0,0,0,0,-27,-10,-100,-15,-110,0,0,0,0,0,-0.070057084,-0.025947068,-0.25947068,-0.038920602,-0.285417748,0.062126678,0
2024-10-21T12:24:13.923126726Z,AAPL,0,0,0,0,30,0,0,0,0,0,0,0,0,0,0.077239959,0,0,0,0,0,0,-0.014731197,0
2024-10-21T12:24:15.708838775Z,AAPL,0,0,0,100,400,1,100,500,105,63,1,0,0,0.259201659,1.036806636,0.002592017,0.259201659,1.296008294,0.272161742,0.163297045,0.002592017,-0.452342399,0
2024-10-21T12:24:15.708973640Z,AAPL,0,0,-2,-100,-400,-1,-100,-500,-105,-63,-1,0,-0.00514668,-0.25733402,-1.029336078,-0.00257334,-0.25733402,-1.286670098,-0.270200721,-0.162120432,-0.00257334,0.449411204,0
2024-10-21T12:24:15.716580295Z,AAPL,0,0,2,100,400,1,100,500,105,63,1,0,0.005184033,0.259201659,1.036806636,0.002592017,0.259201659,1.296008294,0.272161742,0.163297045,0.002592017,-0.452672872,0
2024-10-21T12:24:17.551956961Z,AAPL,0,0,0,-100,-400,-1,-100,-500,-105,-63,-1,0,0,-0.257466529,-1.029866117,-0.002574665,-0.257466529,-1.287332647,-0.270339856,-0.162203913,-0.002574665,0.44931436,0
2024-10-21T12:24:18.858127605Z,AAPL,100,100,0,0,0,0,0,0,0,0,0,0.251004016,0,0,0,0,0,0,0,0,0,-0.004997172,0
2024-10-21T12:24:25.049338154Z,AAPL,0,0,0,100,400,1,100,500,105,63,1,0,0,0.252652855,1.01061142,0.002526529,0.252652855,1.263264275,0.265285498,0.159171299,0.002526529,-0.440913839,0
2024-10-21T12:24:25.049382422Z,AAPL,0,0,-2,-100,-400,-1,-100,-500,-105,-63,-1,0,-0.005018821,-0.250941029,-1.003764115,-0.00250941,-0.250941029,-1.254705144,-0.26348808,-0.158092848,-0.00250941,0.438246409,0
2024-10-21T12:24:25.060079940Z,AAPL,0,0,2,100,400,1,100,500,105,63,1,0,0.005053057,0.252652855,1.01061142,0.002526529,0.252652855,1.263264275,0.265285498,0.159171299,0.002526529,-0.441235962,0
2024-10-21T12:24:25.922924503Z,AAPL,0,0,0,-100,-400,-1,-100,-500,-105,-63,-1,0,0,-0.251067035,-1.00426814,-0.00251067,-0.251067035,-1.255335174,-0.263620387,-0.158172232,-0.00251067,0.438146365,0
2024-10-21T12:24:33.385173258Z,AAPL,0,0,0,100,400,1,100,500,105,63,1,0,0,0.252652855,1.01061142,0.002526529,0.252652855,1.263264275,0.265285498,0.159171299,0.002526529,-0.440913839,0
2024-10-21T12:24:33.385196713Z,AAPL,0,0,-2,-100,-400,-1,-100,-500,-105,-63,-1,0,-0.005017561,-0.250878073,-1.003512293,-0.002508781,-0.250878073,-1.254390366,-0.263421977,-0.158053186,-0.002508781,0.438136462,0
2024-10-21T12:24:33.391191505Z,AAPL,0,0,2,100,400,1,100,500,105,63,1,0,0.005053057,0.252652855,1.01061142,0.002526529,0.252652855,1.263264275,0.265285498,0.159171299,0.002526529,-0.441235962,0
2024-10-21T12:24:33.923102791Z,AAPL,0,0,0,-100,-400,-1,-100,-500,-105,-63,-1,0,0,-0.251067035,-1.00426814,-0.00251067,-0.251067035,-1.255335174,-0.263620387,-0.158172232,-0.00251067,0.438146365,0
2024-10-21T12:24:37.922944460Z,AAPL,0,0,0,100,400,1,100,500,105,63,1,0,0,0.252652855,1.01061142,0.002526529,0.252652855,1.263264275,0.265285498,0.159171299,0.002526529,-0.440913839,0
2024-10-21T12:24:37.923028006Z,AAPL,0,0,-2,-100,-400,-1,-100,-500,-105,-63,-1,0,-0.00502008,-0.251004016,-1.004016064,-0.00251004,-0.251004016,-1.25502008,-0.263554217,-0.15813253,-0.00251004,0.43835641,0
2024-10-21T12:24:40.307674730Z,AAPL,0,0,0,0,0,0,0,0,0,0,0,0,0,0,0,0,0,0,0,0,0,0,0
2024-10-21T12:24:40.307995193Z,AAPL,2,2,0,0,0,0,0,0,0,0,0,0.005017561,0,0,0,0,0,0,0,0,0,-9.99E-05,0
2024-10-21T12:24:40.307996031Z,AAPL,0,0,100,200,1200,31,505,10,100,15,110,0,0.245338567,0.490677134,2.944062807,0.076054956,1.238959764,0.024533857,0.245338567,0.036800785,0.269872424,-0.845648458,0
2024-10-21T12:24:40.308007727Z,AAPL,-2,-2,0,0,0,0,0,0,0,0,0,-0.00490918,0,0,0,0,0,0,0,0,0,9.77E-05,0
2024-10-21T12:24:40.308025276Z,AAPL,200,200,0,0,0,0,0,0,0,0,0,0.516262261,0,0,0,0,0,0,0,0,0,-0.010278128,0
2024-10-21T12:24:40.308036005Z,AAPL,27,27,2,100,400,1,100,500,105,63,1,0.073469388,0.005442177,0.272108844,1.088435374,0.002721088,0.272108844,1.360544218,0.285714286,0.171428571,0.002721088,-0.476676816,0
2024-10-21T12:24:40.308405475Z,AAPL,0,0,-100,-200,-1200,-31,-505,-10,-100,-15,-110,0,-0.278940028,-0.557880056,-3.347280335,-0.086471409,-1.408647141,-0.027894003,-0.278940028,-0.041841004,-0.306834031,0.961468094,0
2024-10-21T12:24:40.309748359Z,AAPL,0,0,100,200,1200,31,505,10,100,15,110,0,0.272108844,0.544217687,3.265306122,0.084353741,1.37414966,0.027210884,0.272108844,0.040816327,0.299319728,-0.937921936,0
2024-10-21T12:24:40.310193512Z,AAPL,0,0,-100,-200,-1200,-31,-505,-10,-100,-15,-110,0,-0.278940028,-0.557880056,-3.347280335,-0.086471409,-1.408647141,-0.027894003,-0.278940028,-0.041841004,-0.306834031,0.961468094,0
2024-10-21T12:24:40.353810051Z,AAPL,-27,-27,-2,-100,-400,-1,-100,-500,-105,-63,-1,-0.071353066,-0.005285412,-0.264270613,-1.057082452,-0.002642706,-0.264270613,-1.321353066,-0.277484144,-0.166490486,-0.002642706,0.462945903,0
2024-10-21T12:24:40.377247665Z,AAPL,27,27,2,100,400,1,100,500,105,63,1,0.075313808,0.005578801,0.278940028,1.115760112,0.0027894,0.278940028,1.394700139,0.292887029,0.175732218,0.0027894,-0.488643598,0
2024-10-21T12:24:40.379809120Z,AAPL,2,2,100,400,1,100,500,105,63,1,2000,0.003598417,0.179920835,0.719683339,0.001799208,0.179920835,0.899604174,0.188916877,0.113350126,0.001799208,3.598416697,-0.556820982,0
2024-10-21T12:24:40.415871461Z,AAPL,0,0,-100,-400,-1,-100,-500,-105,-63,-1,-2000,0,-0.266098989,-1.064395955,-0.00266099,-0.266098989,-1.330494944,-0.279403938,-0.167642363,-0.00266099,-5.321979776,0.823420128,0
2024-10-21T12:24:40.464828695Z,AAPL,0,0,-200,0,0,0,0,0,0,0,0,0,-0.50530571,0,0,0,0,0,0,0,0,0.03221236,0
2024-10-21T12:24:40.656837789Z,AAPL,0,0,-200,-1200,-31,-505,-10,-100,-15,-110,-10,0,-0.517063082,-3.10237849,-0.080144778,-1.305584281,-0.025853154,-0.258531541,-0.038779731,-0.284384695,-0.025853154,0.596461683,0
2024-10-21T12:24:40.763590881Z,AAPL,0,0,200,1200,31,505,10,100,15,110,10,0,0.50530571,3.03183426,0.078322385,1.275896918,0.025265285,0.252652855,0.037897928,0.27791814,0.025265285,-0.582898886,0
2024-10-21T12:24:43.066357159Z,AAPL,1,1,105,200,1200,31,505,10,100,15,110,0.002532287,0.265890099,0.506457331,3.038743986,0.078500886,1.278804761,0.025322867,0.253228665,0.0379843,0.278551532,-0.873702106,0
2024-10-21T12:24:43.129440388Z,AAPL,0,0,0,-100,-400,-1,-100,-500,-105,-63,-1,0,0,-0.251572327,-1.006289308,-0.002515723,-0.251572327,-1.257861635,-0.264150943,-0.158490566,-0.002515723,0.439028169,0
2024-10-21T12:24:55.149943017Z,AAPL,0,0,0,0,0,0,0,0,0,0,0,0,0,0,0,0,0,0,0,0,0,0,-1
2024-10-21T12:24:55.149943017Z,AAPL,-1,-1,-105,-200,-1200,-31,-505,-10,-100,-15,-110,-0.00251004,-0.263554217,-0.502008032,-3.012048193,-0.077811245,-1.267570281,-0.025100402,-0.251004016,-0.037650602,-0.276104418,0.86602651,0
2024-10-21T12:24:55.149972348Z,AAPL,-2,-2,-400,-27,-100,-400,-1,-100,-500,-105,-63,-0.005051781,-1.010356151,-0.06819904,-0.252589038,-1.010356151,-0.00252589,-0.252589038,-1.262945188,-0.26521849,-0.159131094,0.422247096,0
2024-10-21T12:24:55.149990092Z,AAPL,-26,-26,0,0,0,0,0,0,0,0,0,-0.065244668,0,0,0,0,0,0,0,0,0,0.001298939,0
2024-10-21T12:24:55.150004189Z,AAPL,0,0,-2,-400,-27,-100,-400,-1,-100,-500,-105,0,-0.005120328,-1.02406554,-0.069124424,-0.256016385,-1.02406554,-0.002560164,-0.256016385,-1.280081925,-0.268817204,0.425709003,0
2024-10-21T12:24:55.250051974Z,AAPL,38,38,0,0,0,0,0,0,0,0,0,0.098241986,0,0,0,0,0,0,0,0,0,-0.001955874,0
2024-10-21T12:24:55.250079517Z,AAPL,0,0,2,400,27,100,400,1,100,500,105,0,0.00506714,1.01342792,0.068406385,0.25335698,1.01342792,0.00253357,0.25335698,1.2667849,0.266024829,-0.421286893,0
2024-10-21T12:24:55.403764807Z,AAPL,2,2,400,27,100,400,1,100,500,105,63,0.00502008,1.004016064,0.067771084,0.251004016,1.004016064,0.00251004,0.251004016,1.25502008,0.263554217,0.15813253,-0.419597453,0
2024-10-21T12:24:58.866984470Z,AAPL,-2,-2,-400,-27,-100,-400,-1,-100,-500,-105,-63,-0.004853191,-0.970638195,-0.065518078,-0.242659549,-0.970638195,-0.002426595,-0.242659549,-1.213297743,-0.254792526,-0.152875516,0.405648205,0
2024-10-21T12:25:00.039201756Z,AAPL,0,0,0,0,100,400,1,100,500,105,63,0,0,0,0.240558095,0.962232379,0.002405581,0.240558095,1.202790474,0.252586,0.1515516,-0.333883036,0
2024-10-21T12:25:00.039255807Z,AAPL,0,0,0,0,-30,0,0,0,0,0,0,0,0,0,-0.072692028,0,0,0,0,0,0,0.013863816,0
2024-10-21T12:25:00.940301280Z,AAPL,1,1,105,200,1200,1,505,10,100,15,110,0.002428363,0.254978145,0.485672657,2.91403594,0.002428363,1.226323458,0.024283633,0.242836328,0.036425449,0.267119961,-0.828875622,0
2024-10-21T12:25:03.425959742Z,AAPL,0,0,-2,-400,-100,-400,-1,-100,-500,-105,-63,0,-0.004923683,-0.984736583,-0.246184146,-0.984736583,-0.002461841,-0.246184146,-1.230920729,-0.258493353,-0.155096012,0.445341854,0
2024-10-21T12:25:07.929021771Z,AAPL,0,0,0,0,200,0,0,0,0,0,0,0,0,0,0.51786639,0,0,0,0,0,0,-0.098767427,0
2024-10-21T12:25:07.929036599Z,AAPL,0,0,0,0,-200,0,0,0,0,0,0,0,0,0,-0.492368291,0,0,0,0,0,0,0.093904432,0
2024-10-21T12:25:08.718962947Z,AAPL,0,0,2,400,100,400,1,100,500,105,63,0,0.004856727,0.971345313,0.242836328,0.971345313,0.002428363,0.242836328,1.214181642,0.254978145,0.152986887,-0.439285723,0
2024-10-21T12:25:08.828413687Z,AAPL,100,100,1,105,200,1200,1,505,10,100,15,0.243427459,0.002434275,0.255598832,0.486854917,2.921129503,0.002434275,1.229308666,0.024342746,0.243427459,0.036514119,-0.657387084,0
2024-10-21T12:25:09.009866477Z,AAPL,0,0,0,0,-200,-1200,-1,-505,-10,-100,-15,0,0,0,-0.49776008,-2.986560478,-0.0024888,-1.256844201,-0.024888004,-0.24888004,-0.037332006,0.639575675,0
2024-10-21T12:25:09.009890544Z,AAPL,0,0,0,0,0,200,1,505,10,100,15,0,0,0,0,0.486854917,0.002434275,1.229308666,0.024342746,0.243427459,0.036514119,-0.232971866,0
2024-10-21T12:25:09.088777165Z,AAPL,0,0,0,0,0,200,0,0,0,0,0,0,0,0,0,0.464252553,0,0,0,0,0,-0.057164663,0
2024-10-21T12:25:09.146677151Z,AAPL,0,0,0,0,0,-200,0,0,0,0,0,0,0,0,0,-0.486854917,0,0,0,0,0,0.059947752,0
2024-10-21T12:25:09.146689798Z,AAPL,0,0,0,0,400,1200,0,0,0,0,0,0,0,0,0.928505107,2.78551532,0,0,0,0,0,-0.520072378,0
2024-10-21T12:25:09.325236301Z,AAPL,0,0,0,0,-400,-1200,-1,-505,-10,-100,-15,0,0,0,-0.995520159,-2.986560478,-0.0024888,-1.256844201,-0.024888004,-0.24888004,-0.037332006,0.734508428,0
2024-10-21T12:25:09.325248668Z,AAPL,0,0,0,0,0,200,1,505,10,100,15,0,0,0,0,0.486854917,0.002434275,1.229308666,0.024342746,0.243427459,0.036514119,-0.232971866,0
2024-10-21T12:25:09.630030450Z,AAPL,0,0,0,0,0,200,0,0,0,0,0,0,0,0,0,0.464252553,0,0,0,0,0,-0.057164663,0
2024-10-21T12:25:09.684292780Z,AAPL,0,0,0,0,0,-200,0,0,0,0,0,0,0,0,0,-0.486854917,0,0,0,0,0,0.059947752,0
2024-10-21T12:25:09.684305729Z,AAPL,0,0,0,0,400,1200,0,0,0,0,0,0,0,0,0.928505107,2.78551532,0,0,0,0,0,-0.520072378,0
2024-10-21T12:25:10.726127491Z,AAPL,0,0,-2,-400,-100,-400,-1,-100,-500,-105,-63,0,-0.004703669,-0.940733772,-0.235183443,-0.940733772,-0.002351834,-0.235183443,-1.175917215,-0.246942615,-0.148165569,0.425441818,0
2024-10-21T12:25:16.348283664Z,AAPL,0,0,0,0,200,0,0,0,0,0,0,0,0,0,0.493583416,0,0,0,0,0,0,-0.09413618,0
2024-10-21T12:25:25.279408267Z,AAPL,0,0,0,0,-200,-1200,-1,-505,-10,-100,-15,0,0,0,-0.504795558,-3.028773347,-0.002523978,-1.274608783,-0.025239778,-0.252397779,-0.037859667,0.648615614,0
2024-10-21T12:25:25.279420038Z,AAPL,0,0,0,0,200,1200,1,505,10,100,15,0,0,0,0.493583416,2.961500494,0.002467917,1.246298124,0.024679171,0.246791708,0.037018756,-0.634209048,0
2024-10-21T12:25:25.341543400Z,AAPL,0,0,0,-400,100,400,1,100,500,105,63,0,0,-0.972053463,0.243013366,0.972053463,0.002430134,0.243013366,1.215066829,0.255164034,0.15309842,-0.235285521,0
2024-10-21T12:25:26.789218710Z,AAPL,0,0,0,-402,-100,-400,-1,-100,-500,-105,-63,0,0,-0.992102665,-0.246791708,-0.987166831,-0.002467917,-0.246791708,-1.233958539,-0.259131293,-0.155478776,0.446644226,0
2024-10-21T12:25:34.805904261Z,AAPL,4,4,100,1,105,200,1200,1,505,10,100,0.00989854,0.247463499,0.002474635,0.259836674,0.494926998,2.96956199,0.002474635,1.249690671,0.02474635,0.247463499,-0.639059146,0
2024-10-21T12:25:34.806661445Z,AAPL,-4,-4,-100,-1,-105,-200,-1200,-1,-505,-10,-100,-0.009871668,-0.246791708,-0.002467917,-0.259131293,-0.493583416,-2.961500494,-0.002467917,-1.246298124,-0.024679171,-0.246791708,0.637324286,0
2024-10-21T12:25:34.806990464Z,AAPL,0,0,0,0,0,0,0,0,0,0,0,0,0,0,0,0,0,0,0,0,0,0,0
2024-10-21T12:25:35.054480586Z,AAPL,0,0,0,0,0,0,0,0,0,0,0,0,0,0,0,0,0,0,0,0,0,0,79
2024-10-21T12:25:35.054480586Z,AAPL,0,0,0,0,0,0,0,0,0,0,0,0,0,0,0,0,0,0,0,0,0,0,79
2024-10-21T12:25:35.054480586Z,AAPL,0,0,0,0,0,0,0,0,0,0,0,0,0,0,0,0,0,0,0,0,0,0,79
2024-10-21T12:25:35.054480586Z,AAPL,79,79,0,0,0,0,0,0,0,0,0,0.198842185,0,0,0,0,0,0,0,0,0,-0.003958696,0
2024-10-21T12:25:35.054558163Z,AAPL,0,0,0,2,100,400,1,100,500,105,63,0,0,0.00550055,0.275027503,1.100110011,0.002750275,0.275027503,1.375137514,0.288778878,0.173267327,-0.382302129,0
2024-10-21T12:25:35.064902310Z,AAPL,0,0,0,-200,0,0,0,0,0,0,0,0,0,-0.521376434,0,0,0,0,0,0,0,0.054712182,0
2024-10-21T12:25:35.147671307Z,AAPL,0,0,0,-200,0,0,0,0,0,0,0,0,0,-0.495540139,0,0,0,0,0,0,0,0.052000974,0
2024-10-21T12:25:37.149112390Z,AAPL,0,0,402,100,400,1,100,500,105,63,60,0,0.983125459,0.244558572,0.978234287,0.002445586,0.244558572,1.222792859,0.2567865,0.1540719,0.146735143,-0.501482026,0
2024-10-21T12:25:39.151789847Z,AAPL,0,0,0,0,0,0,0,0,0,-63,-60,0,0,0,0,0,0,0,0,-0.156095144,-0.148662042,0.024266266,0
2024-10-21T12:25:43.597387033Z,AAPL,0,0,0,0,200,0,0,0,0,0,0,0,0,0,0.495540139,0,0,0,0,0,0,-0.094509366,0
2024-10-21T12:25:45.063448661Z,AAPL,0,0,0,0,200,0,0,0,0,0,0,0,0,0,0.495540139,0,0,0,0,0,0,-0.094509366,0
2024-10-21T12:25:52.757291105Z,AAPL,0,0,0,0,-200,-1200,-1,-505,-10,-100,-15,0,0,0,-0.506842372,-3.041054232,-0.002534212,-1.279776989,-0.025342119,-0.253421186,-0.038013178,0.651245581,0
2024-10-21T12:25:52.757304269Z,AAPL,0,0,0,0,200,1200,1,505,10,100,15,0,0,0,0.495540139,2.973240833,0.002477701,1.25123885,0.024777007,0.247770069,0.03716551,-0.636723256,0
2024-10-21T12:25:54.873237392Z,AAPL,0,0,1,0,0,0,0,0,0,0,0,0,0.002477087,0,0,0,0,0,0,0,0,-0.00015791,0
2024-10-21T12:26:00.405695962Z,AAPL,0,0,0,0,0,0,0,0,0,63,60,0,0,0,0,0,0,0,0,0.15403423,0.146699267,-0.02394588,0
2024-10-21T12:26:01.715279752Z,AAPL,0,0,0,0,200,0,0,0,0,0,0,0,0,0,0.488997555,0,0,0,0,0,0,-0.093261565,0
2024-10-21T12:26:02.221924482Z,AAPL,0,0,0,0,200,0,0,0,0,0,0,0,0,0,0.488997555,0,0,0,0,0,0,-0.093261565,0
2024-10-21T12:26:02.408536304Z,AAPL,0,0,0,-100,-400,-1,-100,-500,-105,-63,-60,0,0,-0.247708695,-0.990834778,-0.002477087,-0.247708695,-1.238543473,-0.260094129,-0.156056478,-0.148625217,0.444461728,0
2024-10-21T12:26:05.173881544Z,AAPL,100,100,100,2,105,200,1200,1,505,10,100,0.242600679,0.242600679,0.004852014,0.254730713,0.485201359,2.911208151,0.002426007,1.22513343,0.024260068,0.242600679,-0.631392473,0
2024-10-21T12:26:05.247215441Z,AAPL,0,0,200,0,0,0,0,0,0,0,0,0,0.509943906,0,0,0,0,0,0,0,0,-0.032508037,0
2024-10-21T12:26:05.247226039Z,AAPL,0,0,200,0,0,0,0,0,0,0,0,0,0.537345513,0,0,0,0,0,0,0,0,-0.034254842,0
2024-10-21T12:26:05.247237168Z,AAPL,0,0,0,-7,-100,-400,-1,-100,-500,-105,-63,0,0,-0.018139414,-0.259134491,-1.036537963,-0.002591345,-0.259134491,-1.295672454,-0.272091215,-0.163254729,0.361569691,0
2024-10-21T12:26:08.272451351Z,AAPL,0,0,0,0,0,200,0,0,0,0,0,0,0,0,0,0.518268982,0,0,0,0,0,-0.06381585,0
2024-10-21T12:26:09.610903498Z,AAPL,0,0,-100,-2,-105,-200,-1200,-1,-505,-10,-100,0,-0.264970853,-0.005299417,-0.278219396,-0.529941706,-3.179650238,-0.002649709,-1.338102809,-0.026497085,-0.264970853,0.684337848,0
2024-10-21T12:26:11.689776041Z,AAPL,0,0,0,7,100,400,1,100,500,105,63,0,0,0.019246632,0.274951883,1.099807534,0.002749519,0.274951883,1.374759417,0.288699478,0.173219687,-0.383639659,0
2024-10-21T12:26:11.689788127Z,AAPL,0,0,0,-7,-100,-400,-1,-100,-500,-105,-63,0,0,-0.01854796,-0.264970853,-1.059883413,-0.002649709,-0.264970853,-1.324854266,-0.278219396,-0.166931638,0.369713153,0
2024-10-21T12:26:11.691787041Z,AAPL,0,0,0,-200,0,0,0,0,0,0,0,0,0,-0.503271263,0,0,0,0,0,0,0,0.052812262,0
2024-10-21T12:26:11.746296162Z,AAPL,0,0,0,200,0,0,0,0,0,0,0,0,0,0.529941706,0,0,0,0,0,0,0,-0.055611005,0
2024-10-21T12:26:11.746308007Z,AAPL,0,0,0,-200,0,0,0,0,0,0,0,0,0,-0.529941706,0,0,0,0,0,0,0,0.055611005,0
2024-10-21T12:26:13.045285946Z,AAPL,0,0,0,0,200,0,0,0,0,0,0,0,0,0,0.529941706,0,0,0,0,0,0,-0.10107043,0
2024-10-21T12:26:20.829236958Z,AAPL,0,0,-15,0,0,0,0,0,0,0,0,0,-0.039588282,0,0,0,0,0,0,0,0,0.002523684,0
2024-10-21T12:26:22.496350258Z,AAPL,0,0,0,0,100,400,1,100,500,105,63,0,0,0,0.260078023,1.040312094,0.00260078,0.260078023,1.300390117,0.273081925,0.163849155,-0.360975756,0
2024-10-21T12:26:23.488892465Z,AAPL,0,0,0,0,-200,-1200,-1,-505,-10,-100,-15,0,0,0,-0.532623169,-3.195739015,-0.002663116,-1.344873502,-0.026631158,-0.266311585,-0.039946738,0.684371521,0
2024-10-21T12:26:23.498360877Z,AAPL,0,0,0,0,200,1200,1,505,10,100,15,0,0,0,0.520156047,3.120936281,0.00260078,1.313394018,0.026007802,0.260078023,0.039011704,-0.668352422,0
2024-10-21T12:26:24.504437465Z,AAPL,0,0,0,0,0,0,0,0,-7,0,0,0,0,0,0,0,0,0,-0.018172378,0,0,0.001634992,0
2024-10-21T12:26:25.077457400Z,AAPL,0,0,0,0,-200,-1200,-1,-505,-10,-100,-15,0,0,0,-0.531632111,-3.189792663,-0.002658161,-1.342371079,-0.026581606,-0.265816055,-0.039872408,0.683098102,0
2024-10-21T12:26:25.077469095Z,AAPL,0,0,0,0,200,1200,1,505,10,100,15,0,0,0,0.5192108,3.115264798,0.002596054,1.311007269,0.02596054,0.2596054,0.03894081,-0.667137866,0
2024-10-21T12:26:25.077482593Z,AAPL,0,0,0,-200,0,0,0,0,0,0,0,0,0,-0.493583416,0,0,0,0,0,0,0,0.051795639,0
2024-10-21T12:26:25.129312037Z,AAPL,0,0,0,200,0,0,0,0,0,0,0,0,0,0.5192108,0,0,0,0,0,0,0,-0.054484925,0
2024-10-21T12:26:25.129324093Z,AAPL,0,0,-200,100,400,1,100,507,105,63,60,0,-0.511247444,0.255623722,1.022494888,0.002556237,0.255623722,1.29601227,0.268404908,0.161042945,0.153374233,-0.428240632,0
2024-10-21T12:26:25.268638479Z,AAPL,0,0,0,0,200,0,0,0,0,0,0,0,0,0,0.511247444,0,0,0,0,0,0,-0.097505062,0
2024-10-21T12:26:25.384088744Z,AAPL,0,0,200,0,0,0,0,0,0,0,0,0,0.538793103,0,0,0,0,0,0,0,0,-0.034347124,0
2024-10-21T12:26:25.384100277Z,AAPL,0,0,0,-100,-400,-1,-100,-507,-105,-63,-60,0,0,-0.2596054,-1.038421599,-0.002596054,-0.2596054,-1.316199377,-0.27258567,-0.163551402,-0.15576324,0.468009833,0
2024-10-21T12:26:25.438886764Z,AAPL,0,0,0,0,200,0,0,0,0,0,0,0,0,0,0.5192108,0,0,0,0,0,0,-0.099023832,0
2024-10-21T12:26:25.518902005Z,AAPL,0,0,0,-200,0,0,0,0,0,0,0,0,0,-0.5192108,0,0,0,0,0,0,0,0.054484925,0
2024-10-21T12:26:31.592891536Z,AAPL,0,0,0,0,0,0,0,0,7,0,0,0,0,0,0,0,0,0,0.018205462,0,0,-0.001637969,0
2024-10-21T12:26:32.717433050Z,AAPL,-10,-10,0,0,0,0,0,0,0,0,0,-0.025940337,0,0,0,0,0,0,0,0,0,0.000516439,0
2024-10-21T12:26:32.717472823Z,AAPL,0,0,0,0,-200,-1200,-1,-505,-10,-100,-15,0,0,0,-0.531208499,-3.187250996,-0.002656042,-1.341301461,-0.026560425,-0.26560425,-0.039840637,0.682553801,0
2024-10-21T12:26:32.721528057Z,AAPL,10,10,0,0,0,0,0,0,0,0,0,0.026631158,0,0,0,0,0,0,0,0,0,-0.000530193,0
2024-10-21T12:26:32.820683999Z,AAPL,0,0,0,0,200,1200,1,505,10,100,15,0,0,0,0.520156047,3.120936281,0.00260078,1.313394018,0.026007802,0.260078023,0.039011704,-0.668352422,0
2024-10-21T12:26:33.596060481Z,AAPL,0,0,0,0,0,0,0,0,-7,0,0,0,0,0,0,0,0,0,-0.018172378,0,0,0.001634992,0
2024-10-21T12:26:33.705296257Z,AAPL,0,0,0,0,-200,-1200,-1,-505,-10,-100,-15,0,0,0,-0.531632111,-3.189792663,-0.002658161,-1.342371079,-0.026581606,-0.265816055,-0.039872408,0.683098102,0
2024-10-21T12:26:33.705309399Z,AAPL,0,0,0,0,400,1200,1,505,10,100,15,0,0,0,0.987166831,2.961500494,0.002467917,1.246298124,0.024679171,0.246791708,0.037018756,-0.728345228,0
2024-10-21T12:26:40.656134264Z,AAPL,0,0,0,100,400,1,100,507,105,63,60,0,0,0.255623722,1.022494888,0.002556237,0.255623722,1.29601227,0.268404908,0.161042945,0.153374233,-0.460831768,0
2024-10-21T12:26:40.656147028Z,AAPL,0,0,0,-100,-400,-1,-100,-507,-105,-63,-60,0,0,-0.235183443,-0.940733772,-0.002351834,-0.235183443,-1.192380056,-0.246942615,-0.148165569,-0.141110066,0.423982567,0
2024-10-21T12:26:40.707506986Z,AAPL,0,0,0,0,400,0,0,0,0,0,0,0,0,0,0.940733772,0,0,0,0,0,0,-0.179416652,0
2024-10-21T12:26:40.896535785Z,AAPL,0,0,0,-400,0,0,0,0,0,0,0,0,0,-0.940733772,0,0,0,0,0,0,0,0.098718688,0
2024-10-21T12:26:42.392534365Z,AAPL,0,0,0,0,0,0,0,0,7,0,0,0,0,0,0,0,0,0,0.016489988,0,0,-0.001483626,0
2024-10-21T12:26:43.555613825Z,AAPL,0,0,0,0,0,0,0,0,0,0,0,0,0,0,0,0,0,0,0,0,0,0,-100
2024-10-21T12:26:43.555613825Z,AAPL,-100,-100,-2,-105,-400,-1200,-1,-505,-10,-100,-15,-0.235017626,-0.004700353,-0.246768508,-0.940070505,-2.820211516,-0.002350176,-1.186839013,-0.023501763,-0.235017626,-0.035252644,0.724470841,0
2024-10-21T12:26:43.555625145Z,AAPL,100,100,2,105,400,1200,1,505,10,100,15,0.23557126,0.004711425,0.247349823,0.942285041,2.826855124,0.002355713,1.189634865,0.023557126,0.23557126,0.035335689,-0.726177486,0
2024-10-21T12:26:43.555636531Z,AAPL,-121,-121,-17,-400,-100,-400,-1,-100,-500,-105,-63,-0.282578234,-0.039701074,-0.934142924,-0.233535731,-0.934142924,-0.002335357,-0.233535731,-1.167678655,-0.245212518,-0.147127511,0.430320041,0
2024-10-21T12:26:43.555641373Z,AAPL,0,0,-121,-17,-400,-100,-400,-1,-100,-500,-105,0,-0.304249434,-0.042745788,-1.005783254,-0.251445813,-1.005783254,-0.002514458,-0.251445813,-1.257229067,-0.264018104,0.514999402,0
2024-10-21T12:26:43.555648065Z,AAPL,0,0,0,-100,0,0,0,0,0,0,0,0,0,-0.245278391,0,0,0,0,0,0,0,0.025739015,0
2024-10-21T12:26:43.555650058Z,AAPL,0,0,0,-100,0,0,0,0,0,0,0,0,0,-0.239406272,0,0,0,0,0,0,0,0.025122807,0
2024-10-21T12:26:43.555653371Z,AAPL,0,0,300,121,17,400,100,400,1,100,500,0,0.670091579,0.27027027,0.037971856,0.893455439,0.22336386,0.893455439,0.002233639,0.22336386,1.116819299,-0.435206003,0
2024-10-21T12:26:43.555663089Z,AAPL,0,0,-300,-121,-17,-400,-100,-400,-1,-100,-500,0,-0.75,-0.3025,-0.0425,-1,-0.25,-1,-0.0025,-0.25,-1.25,0.487104319,0
2024-10-21T12:26:43.555678324Z,AAPL,23,23,300,121,17,400,100,400,1,100,500,0.052272727,0.681818182,0.275,0.038636364,0.909090909,0.227272727,0.909090909,0.002272727,0.227272727,1.136363636,-0.443862792,0
2024-10-21T12:26:43.555692383Z,AAPL,0,0,100,0,0,0,0,0,0,0,0,0,0.23255814,0,0,0,0,0,0,0,0,-0.014825177,0
2024-10-21T12:26:43.555700148Z,AAPL,0,0,100,-121,-17,-400,-100,-400,-1,-100,-500,0,0.268600591,-0.325006715,-0.0456621,-1.074402364,-0.268600591,-1.074402364,-0.002686006,-0.268600591,-1.343002955,0.454854749,0
2024-10-21T12:26:43.555711164Z,AAPL,0,0,0,0,0,0,0,0,0,0,0,0,0,0,0,0,0,0,0,0,0,0,-50
2024-10-21T12:26:43.555711164Z,AAPL,-50,-50,0,0,0,0,0,0,0,0,0,-0.136128505,0,0,0,0,0,0,0,0,0,0.002710146,0
2024-10-21T12:26:43.555724858Z,AAPL,100,100,0,0,0,0,0,0,0,0,0,0.265041081,0,0,0,0,0,0,0,0,0,-0.005276632,0
2024-10-21T12:26:43.555737821Z,AAPL,0,0,0,0,0,0,0,0,0,0,0,0,0,0,0,0,0,0,0,0,0,0,-50
2024-10-21T12:26:43.555737821Z,AAPL,-50,-50,0,0,0,0,0,0,0,0,0,-0.134300295,0,0,0,0,0,0,0,0,0,0.002673749,0
2024-10-21T12:26:43.555767270Z,AAPL,0,0,0,0,-200,0,0,0,0,0,0,0,0,0,-0.567697985,0,0,0,0,0,0,0.108271304,0
2024-10-21T12:26:43.555789284Z,AAPL,0,0,0,0,-200,-1200,-1,-505,-10,-100,-15,0,0,0,-0.582580833,-3.495484999,-0.002912904,-1.471016604,-0.029129042,-0.291290417,-0.043693562,0.7485625,0
2024-10-21T12:26:43.555989102Z,AAPL,0,0,23,121,17,400,100,400,1,100,500,0,0.060005218,0.315679624,0.044351683,1.043569006,0.260892252,1.043569006,0.002608923,0.260892252,1.304461258,-0.462257916,0
2024-10-21T12:26:43.556335122Z,AAPL,0,0,0,0,0,0,0,0,0,0,0,0,0,0,0,0,0,0,0,0,0,0,-5
2024-10-21T12:26:43.556335122Z,AAPL,-5,-5,0,0,0,0,0,0,0,0,0,-0.013061651,0,0,0,0,0,0,0,0,0,0.000260041,0
2024-10-21T12:26:43.556344203Z,AAPL,100,100,0,0,0,0,0,0,0,0,0,0.254582485,0,0,0,0,0,0,0,0,0,-0.005068415,0
2024-10-21T12:26:43.602920183Z,AAPL,0,0,0,0,200,1200,1,505,10,100,15,0,0,0,0.49776008,2.986560478,0.0024888,1.256844201,0.024888004,0.24888004,0.037332006,-0.639575675,0
2024-10-21T12:26:43.632931005Z,AAPL,0,0,0,0,200,0,0,0,0,0,0,0,0,0,0.474158369,0,0,0,0,0,0,-0.090431437,0
2024-10-21T12:26:43.663764676Z,AAPL,0,0,121,17,400,100,400,1,100,500,105,0,0.281395349,0.039534884,0.930232558,0.23255814,0.930232558,0.002325581,0.23255814,1.162790698,0.244186047,-0.476314563,0
2024-10-21T12:26:43.813764689Z,AAPL,121,121,17,400,100,400,1,100,500,105,63,0.278801843,0.039170507,0.921658986,0.230414747,0.921658986,0.002304147,0.230414747,1.152073733,0.241935484,0.14516129,-0.42456922,0
2024-10-21T12:26:44.395140599Z,AAPL,0,0,-17,-400,-100,-400,-1,-100,-500,-105,-63,0,-0.03968254,-0.933706816,-0.233426704,-0.933706816,-0.002334267,-0.233426704,-1.16713352,-0.245098039,-0.147058824,0.424495996,0
2024-10-21T12:26:47.316834945Z,AAPL,0,0,0,0,100,400,1,100,500,105,63,0,0,0,0.25335698,1.01342792,0.00253357,0.25335698,1.2667849,0.266024829,0.159614897,-0.351647272,0
2024-10-21T12:26:47.316847348Z,AAPL,0,0,0,0,-100,-400,-1,-100,-500,-105,-63,0,0,0,-0.233426704,-0.933706816,-0.002334267,-0.233426704,-1.16713352,-0.245098039,-0.147058824,0.32398501,0
2024-10-21T12:26:47.371448271Z,AAPL,0,0,0,0,-200,0,0,0,0,0,0,0,0,0,-0.489715965,0,0,0,0,0,0,0.09339858,0
2024-10-21T12:26:47.371461367Z,AAPL,0,0,0,0,400,0,0,0,0,0,0,0,0,0,0.933706816,0,0,0,0,0,0,-0.178076472,0
2024-10-21T12:26:53.381650546Z,AAPL,0,0,0,0,400,0,0,0,0,0,0,0,0,0,0.933706816,0,0,0,0,0,0,-0.178076472,0
2024-10-21T12:26:54.545723322Z,AAPL,0,0,0,0,-400,-1200,-1,-505,-10,-100,-15,0,0,0,-1.001502253,-3.00450676,-0.002503756,-1.264396595,-0.025037556,-0.250375563,-0.037556335,0.738922099,0
2024-10-21T12:26:54.545735230Z,AAPL,0,0,0,0,400,1200,1,505,10,100,15,0,0,0,0.933706816,2.801120448,0.002334267,1.178804855,0.02334267,0.233426704,0.035014006,-0.688901696,0
2024-10-21T12:27:04.677802802Z,AAPL,0,0,0,0,400,0,0,0,0,0,0,0,0,0,0.933706816,0,0,0,0,0,0,-0.178076472,0
2024-10-21T12:27:04.858186427Z,AAPL,0,0,0,0,-200,0,0,0,0,0,0,0,0,0,-0.489715965,0,0,0,0,0,0,0.09339858,0
2024-10-21T12:27:08.140184917Z,AAPL,100,100,0,0,0,0,0,0,0,0,0,0.239005736,0,0,0,0,0,0,0,0,0,-0.004758302,0
2024-10-21T12:27:08.267237597Z,AAPL,0,0,0,-17,-400,0,0,0,0,0,0,0,0,-0.042670683,-1.004016064,0,0,0,0,0,0,0.195963619,0
2024-10-21T12:27:08.903847050Z,AAPL,0,0,0,0,200,0,0,0,0,0,0,0,0,0,0.478011472,0,0,0,0,0,0,-0.091166301,0
2024-10-21T12:27:15.211023662Z,AAPL,0,0,200,17,100,400,1,100,500,105,63,0,0.471698113,0.04009434,0.235849057,0.943396226,0.002358491,0.235849057,1.179245283,0.247641509,0.148584906,-0.361624471,0
2024-10-21T12:27:16.357185731Z,AAPL,200,200,17,100,400,1,100,500,105,63,60,0.478583393,0.040679588,0.239291697,0.957166786,0.002392917,0.239291697,1.196458483,0.251256281,0.150753769,0.143575018,-0.441480418,0
2024-10-21T12:27:16.383880298Z,AAPL,0,0,0,0,0,0,0,0,0,0,0,0,0,0,0,0,0,0,0,0,0,0,0
2024-10-21T12:27:16.383880298Z,AAPL,0,0,0,0,0,0,0,0,0,0,0,0,0,0,0,0,0,0,0,0,0,0,0
2024-10-21T12:27:17.218233083Z,AAPL,-200,-200,-17,-100,-400,-1,-100,-500,-105,-63,-60,-0.484730974,-0.041202133,-0.242365487,-0.969461949,-0.002423655,-0.242365487,-1.211827436,-0.254483762,-0.152690257,-0.145419292,0.447151398,0
2024-10-21T12:27:21.555991612Z,AAPL,0,0,0,0,-200,0,0,0,0,0,0,0,0,0,-0.50942435,0,0,0,0,0,0,0.097157362,0
2024-10-21T12:27:21.556005910Z,AAPL,0,0,200,0,-200,-1200,-1,-505,-10,-100,-15,0,0.495540139,0,-0.495540139,-2.973240833,-0.002477701,-1.25123885,-0.024777007,-0.247770069,-0.03716551,0.605133434,0
2024-10-21T12:27:21.983129451Z,AAPL,0,0,-200,0,0,0,0,0,0,0,0,0,-0.521376434,0,0,0,0,0,0,0,0,0.033236841,0
2024-10-21T12:27:21.983142748Z,AAPL,0,0,0,0,400,1200,1,505,10,100,15,0,0,0,0.969461949,2.908385846,0.002423655,1.22394571,0.024236549,0.242365487,0.036354823,-0.715282323,0
2024-10-21T12:27:22.988903196Z,AAPL,200,200,17,100,400,1,100,500,105,63,60,0.478583393,0.040679588,0.239291697,0.957166786,0.002392917,0.239291697,1.196458483,0.251256281,0.150753769,0.143575018,-0.441480418,0
2024-10-21T12:27:23.025707565Z,AAPL,0,0,0,0,-400,-1200,-1,-505,-10,-100,-15,0,0,0,-1.028542042,-3.085626125,-0.002571355,-1.298534328,-0.025713551,-0.25713551,-0.038570327,0.758872426,0
2024-10-21T12:27:23.025720316Z,AAPL,0,0,0,0,200,1200,1,505,10,100,15,0,0,0,0.502638854,3.015833124,0.002513194,1.269163106,0.025131943,0.251319427,0.037697914,-0.645844449,0
2024-10-21T12:27:24.992239712Z,AAPL,-7,-7,0,0,0,0,0,0,0,0,0,-0.017561465,0,0,0,0,0,0,0,0,0,0.000349627,0
2024-10-21T12:27:25.038119028Z,AAPL,0,0,0,0,200,0,0,0,0,0,0,0,0,0,0.501756147,0,0,0,0,0,0,-0.095694883,0
2024-10-21T12:27:26.130738899Z,AAPL,0,0,0,0,200,0,0,0,0,0,0,0,0,0,0.477783086,0,0,0,0,0,0,-0.091122743,0
2024-10-21T12:27:28.578403729Z,AAPL,7,7,0,0,0,0,0,0,0,0,0,0.016750419,0,0,0,0,0,0,0,0,0,-0.00033348,0
2024-10-21T12:27:29.135563917Z,AAPL,17,17,100,400,1,100,500,105,63,60,1,0.042713568,0.251256281,1.005025126,0.002512563,0.251256281,1.256281407,0.263819095,0.158291457,0.150753769,0.002512563,-0.371172002,0
2024-10-21T12:27:29.135580379Z,AAPL,0,0,-100,-400,-1,-100,-500,-105,-63,-60,-1,0,-0.22836264,-0.913450559,-0.002283626,-0.22836264,-1.141813199,-0.239780772,-0.143868463,-0.137017584,-0.002283626,0.336579146,0
2024-10-21T12:27:30.581609917Z,AAPL,0,0,0,0,0,0,0,-7,0,0,0,0,0,0,0,0,0,-0.015959872,0,0,0,0.001933853,0
2024-10-21T12:27:37.149186319Z,AAPL,0,0,0,0,-200,0,0,0,0,0,0,0,0,0,-0.477783086,0,0,0,0,0,0,0.091122743,0
2024-10-21T12:27:37.149198552Z,AAPL,0,0,0,0,400,0,0,0,0,0,0,0,0,0,0.911992704,0,0,0,0,0,0,-0.173935158,0
2024-10-21T12:27:37.281359883Z,AAPL,0,0,-400,0,0,0,0,0,0,0,0,0,-0.955566173,0,0,0,0,0,0,0,0,0.060915682,0
2024-10-21T12:27:37.731121489Z,AAPL,0,0,0,0,400,0,0,0,0,0,0,0,0,0,0.955566173,0,0,0,0,0,0,-0.182245486,0
2024-10-21T12:27:37.763839849Z,AAPL,0,0,0,0,-200,0,0,0,0,0,0,0,0,0,-0.501756147,0,0,0,0,0,0,0.095694883,0
2024-10-21T12:27:37.766952915Z,AAPL,0,0,-200,0,0,0,0,0,0,0,0,0,-0.477783086,0,0,0,0,0,0,0,0,0.030457841,0
2024-10-21T12:27:39.525383410Z,AAPL,0,0,200,0,0,0,0,0,0,0,0,0,0.501756147,0,0,0,0,0,0,0,0,-0.031986082,0
2024-10-21T12:27:39.525394818Z,AAPL,0,0,100,400,1,100,507,105,63,60,1,0,0.264061262,1.056245049,0.002640613,0.264061262,1.338790599,0.277264325,0.166358595,0.158436757,0.002640613,-0.391541879,0
2024-10-21T12:27:39.526899044Z,AAPL,0,0,0,0,0,0,7,0,0,0,0,0,0,0,0,0,0.018518519,0,0,0,0,-0.002351591,0
2024-10-21T12:27:39.592903496Z,AAPL,0,0,100,2,105,200,1200,1,505,10,100,0,0.258732212,0.005174644,0.271668823,0.517464424,3.104786546,0.002587322,1.306597671,0.025873221,0.258732212,-0.668225365,0
2024-10-21T12:27:39.593262886Z,AAPL,0,0,-100,-2,-105,-200,-1200,-1,-505,-10,-100,0,-0.264550265,-0.005291005,-0.277777778,-0.529100529,-3.174603175,-0.002645503,-1.335978836,-0.026455026,-0.264550265,0.683251597,0
2024-10-21T12:27:39.711750527Z,AAPL,0,0,-100,-400,-1,-100,-500,-105,-63,-60,-1,0,-0.239291697,-0.957166786,-0.002392917,-0.239291697,-1.196458483,-0.251256281,-0.150753769,-0.143575018,-0.002392917,0.352687265,0
2024-10-21T12:27:40.731328339Z,AAPL,0,0,-400,0,0,0,0,0,0,0,0,0,-0.957166786,0,0,0,0,0,0,0,0,0.061017718,0
2024-10-21T12:27:40.757807867Z,AAPL,0,0,100,400,1,100,500,105,63,60,1,0,0.264550265,1.058201058,0.002645503,0.264550265,1.322751323,0.277777778,0.166666667,0.158730159,0.002645503,-0.389915366,0
2024-10-21T12:27:40.757820402Z,AAPL,0,0,-100,-400,-1,-100,-500,-105,-63,-60,-1,0,-0.251319427,-1.005277708,-0.002513194,-0.251319427,-1.256597135,-0.263885398,-0.158331239,-0.150791656,-0.002513194,0.370414698,0
2024-10-21T12:27:41.105981707Z,AAPL,0,0,100,400,1,100,500,105,63,60,1,0,0.264550265,1.058201058,0.002645503,0.264550265,1.322751323,0.277777778,0.166666667,0.158730159,0.002645503,-0.389915366,0
2024-10-21T12:27:41.175574942Z,AAPL,0,0,-100,-400,-1,-100,-500,-105,-63,-60,-1,0,-0.251319427,-1.005277708,-0.002513194,-0.251319427,-1.256597135,-0.263885398,-0.158331239,-0.150791656,-0.002513194,0.370414698,0
2024-10-21T12:27:41.222814573Z,AAPL,0,0,-200,0,0,0,0,0,0,0,0,0,-0.478583393,0,0,0,0,0,0,0,0,0.030508859,0
2024-10-21T12:27:41.319854032Z,AAPL,0,0,200,0,0,0,0,0,0,0,0,0,0.502638854,0,0,0,0,0,0,0,0,-0.032042353,0
2024-10-21T12:27:41.319866876Z,AAPL,0,0,-200,0,0,0,0,0,0,0,0,0,-0.502638854,0,0,0,0,0,0,0,0,0.032042353,0
2024-10-21T12:27:41.529517717Z,AAPL,0,0,0,0,0,0,0,-500,-105,-63,-60,0,0,0,0,0,0,-1.273560876,-0.267447784,-0.16046867,-0.152827305,0.203325819,0
2024-10-21T12:27:46.417280824Z,AAPL,0,0,0,0,-200,-1200,-1,-505,-10,-100,-15,0,0,0,-0.521376434,-3.128258603,-0.002606882,-1.316475495,-0.026068822,-0.260688217,-0.039103233,0.669920506,0
2024-10-21T12:27:46.417292639Z,AAPL,0,0,0,0,400,1200,1,505,10,100,15,0,0,0,0.969461949,2.908385846,0.002423655,1.22394571,0.024236549,0.242365487,0.036354823,-0.715282323,0
2024-10-21T12:27:46.472297071Z,AAPL,0,0,-200,0,0,0,0,0,0,0,0,0,-0.484730974,0,0,0,0,0,0,0,0,0.030900757,0
2024-10-21T12:27:47.208717142Z,AAPL,0,0,100,400,1,100,7,500,105,63,60,0,0.250878073,1.003512293,0.002508781,0.250878073,0.017561465,1.254390366,0.263421977,0.158053186,0.150526844,-0.355164623,0
2024-10-21T12:27:47.309406274Z,AAPL,0,0,-100,-400,-1,-100,-7,-500,-105,-63,-60,0,-0.242365487,-0.969461949,-0.002423655,-0.242365487,-0.016965584,-1.211827436,-0.254483762,-0.152690257,-0.145419292,0.343113472,0
2024-10-21T12:27:47.985298442Z,AAPL,0,0,0,0,400,0,0,0,0,0,0,0,0,0,0.969461949,0,0,0,0,0,0,-0.184895687,0
2024-10-21T12:27:50.060705561Z,AAPL,0,0,100,400,1,100,7,500,105,63,60,0,0.250878073,1.003512293,0.002508781,0.250878073,0.017561465,1.254390366,0.263421977,0.158053186,0.150526844,-0.355164623,0
2024-10-21T12:27:50.061424726Z,AAPL,4,4,295,2,105,400,1200,1,505,10,100,0.010062893,0.742138365,0.005031447,0.264150943,1.006289308,3.018867925,0.002515723,1.270440252,0.025157233,0.251572327,-0.743160217,0
2024-10-21T12:27:50.061724093Z,AAPL,100,100,0,0,0,0,0,0,0,0,0,0.245398773,0,0,0,0,0,0,0,0,0,-0.004885579,0
2024-10-21T12:27:50.062117451Z,AAPL,-100,-100,0,0,0,0,0,0,0,0,0,-0.251572327,0,0,0,0,0,0,0,0,0,0.005008487,0
2024-10-21T12:27:50.063092822Z,AAPL,0,0,0,0,0,0,500,105,63,60,1,0,0,0,0,0,1.259763165,0.264550265,0.158730159,0.15117158,0.002519526,-0.218024711,0
2024-10-21T12:27:50.065517946Z,AAPL,-4,-4,-295,-2,-105,-400,-1200,-1,-505,-10,-100,-0.010050251,-0.74120603,-0.005025126,-0.263819095,-1.005025126,-3.015075377,-0.002512563,-1.268844221,-0.025125628,-0.251256281,0.742226599,0
2024-10-21T12:27:50.072608485Z,AAPL,0,0,0,0,0,0,0,0,0,0,0,0,0,0,0,0,0,0,0,0,0,0,0
2024-10-21T12:27:50.072608485Z,AAPL,0,0,0,0,0,0,0,0,0,0,0,0,0,0,0,0,0,0,0,0,0,0,0
2024-10-21T12:27:50.167395987Z,AAPL,0,0,-100,-400,-1,-100,-500,-105,-63,-60,-1,0,-0.239291697,-0.957166786,-0.002392917,-0.239291697,-1.196458483,-0.251256281,-0.150753769,-0.143575018,-0.002392917,0.352687265,0
2024-10-21T12:27:51.736205355Z,AAPL,0,0,-200,0,0,0,0,0,0,0,0,0,-0.45672528,0,0,0,0,0,0,0,0,0.029115442,0
2024-10-21T12:27:51.790801843Z,AAPL,0,0,200,0,0,0,0,0,0,0,0,0,0.478583393,0,0,0,0,0,0,0,0,-0.030508859,0
2024-10-21T12:27:51.790814229Z,AAPL,0,0,-200,0,0,0,0,0,0,0,0,0,-0.478583393,0,0,0,0,0,0,0,0,0.030508859,0
2024-10-21T12:27:52.065555514Z,AAPL,0,0,0,0,0,0,0,-7,0,0,0,0,0,0,0,0,0,-0.016722408,0,0,0,0.00202625,0
2024-10-21T12:27:52.393140055Z,AAPL,100,100,295,2,105,400,1200,1,505,10,100,0.234137204,0.690704753,0.004682744,0.245844065,0.936548818,2.809646453,0.002341372,1.182392882,0.02341372,0.234137204,-0.696130707,0
2024-10-21T12:27:52.393807534Z,AAPL,-100,-100,-295,-2,-105,-400,-1200,-1,-505,-10,-100,-0.238891543,-0.704730053,-0.004777831,-0.25083612,-0.955566173,-2.866698519,-0.002388915,-1.206402293,-0.023889154,-0.238891543,0.710266184,0
2024-10-21T12:27:53.196914522Z,AAPL,0,0,200,0,-400,-1200,-1,-505,-10,-100,-15,0,0.48828125,0,-0.9765625,-2.9296875,-0.002441406,-1.232910156,-0.024414063,-0.244140625,-0.036621094,0.689394126,0
2024-10-21T12:27:55.777360755Z,AAPL,0,0,200,2,105,1200,1,505,10,100,15,0,0.501756147,0.005017561,0.263421977,3.010536879,0.002508781,1.26693427,0.025087807,0.250878073,0.037631711,-0.631767797,0
2024-10-21T12:27:57.069644133Z,AAPL,0,0,0,0,0,0,0,7,0,0,0,0,0,0,0,0,0,0.01759236,0,0,0,-0.002131661,0
2024-10-21T12:27:59.074932933Z,AAPL,0,0,0,-100,-400,-1,-100,-500,-105,-63,-60,0,0,-0.254712175,-1.018848701,-0.002547122,-0.254712175,-1.273560876,-0.267447784,-0.16046867,-0.152827305,0.457028017,0
2024-10-21T12:28:13.140488443Z,AAPL,0,0,0,100,400,1,100,500,105,63,60,0,0,0.251319427,1.005277708,0.002513194,0.251319427,1.256597135,0.263885398,0.158331239,0.150791656,-0.450940436,0
2024-10-21T12:28:13.787619066Z,AAPL,-100,-100,0,0,0,0,0,0,0,0,0,-0.257798402,0,0,0,0,0,0,0,0,0,0.00513244,0
2024-10-21T12:28:15.143399309Z,AAPL,0,0,0,-100,-400,-1,-100,-500,-105,-63,-60,0,0,-0.261369577,-1.045478306,-0.002613696,-0.261369577,-1.306847883,-0.274438055,-0.164662833,-0.156821746,0.468973339,0
2024-10-21T12:28:15.998512488Z,AAPL,0,0,-200,0,0,0,0,0,0,0,0,0,-0.496770989,0,0,0,0,0,0,0,0,0.031668287,0
2024-10-21T12:28:16.004484708Z,AAPL,0,0,200,0,0,0,0,0,0,0,0,0,0.522739153,0,0,0,0,0,0,0,0,-0.033323712,0
2024-10-21T12:28:16.009375121Z,AAPL,0,0,-200,0,0,0,0,0,0,0,0,0,-0.496770989,0,0,0,0,0,0,0,0,0.031668287,0
2024-10-21T12:28:18.439793678Z,AAPL,0,0,-200,-2,-105,-1200,-1,-505,-10,-100,-15,0,-0.508130081,-0.005081301,-0.266768293,-3.048780488,-0.00254065,-1.283028455,-0.025406504,-0.254065041,-0.038109756,0.639793302,0
2024-10-21T12:28:18.439806868Z,AAPL,0,0,0,0,400,1200,1,505,10,100,15,0,0,0,0.946521533,2.8395646,0.002366304,1.194983436,0.023663038,0.236630383,0.035494558,-0.69835657,0
2024-10-21T12:28:18.595532956Z,AAPL,0,0,0,0,400,0,0,0,0,0,0,0,0,0,0.946521533,0,0,0,0,0,0,-0.180520493,0
2024-10-21T12:28:21.754579574Z,AAPL,0,0,200,0,0,0,0,0,0,0,0,0,0.496770989,0,0,0,0,0,0,0,0,-0.031668287,0
2024-10-21T12:28:21.754589712Z,AAPL,0,0,7,100,400,1,100,500,105,63,60,0,0.018013381,0.25733402,1.029336078,0.00257334,0.25733402,1.286670098,0.270200721,0.162120432,0.154400412,-0.462880693,0
2024-10-21T12:28:21.754600821Z,AAPL,0,0,-400,0,0,0,0,0,0,0,0,0,-0.933271115,0,0,0,0,0,0,0,0,0.059494411,0
2024-10-21T12:28:21.805245495Z,AAPL,0,0,0,0,400,0,0,0,0,0,0,0,0,0,0.933271115,0,0,0,0,0,0,-0.177993375,0
2024-10-21T12:28:21.865225042Z,AAPL,0,0,0,0,-200,0,0,0,0,0,0,0,0,0,-0.48947626,0,0,0,0,0,0,0.093352864,0
2024-10-21T12:28:32.979122877Z,AAPL,0,0,0,200,-200,-1200,-1,-505,-10,-100,-15,0,0,0.476644423,-0.476644423,-2.85986654,-0.002383222,-1.203527169,-0.023832221,-0.238322212,-0.035748332,0.562425913,0
2024-10-21T12:28:35.114709429Z,AAPL,0,0,0,-200,0,0,0,0,0,0,0,0,0,-0.500500501,0,0,0,0,0,0,0,0.052521504,0
2024-10-21T12:28:35.114721686Z,AAPL,0,0,0,0,200,1200,1,505,10,100,15,0,0,0,0.48947626,2.936857562,0.002447381,1.235927558,0.024473813,0.24473813,0.03671072,-0.628931733,0
2024-10-21T12:28:35.212998331Z,AAPL,0,0,-407,-100,-400,-1,-100,-500,-105,-63,-60,0,-1.010928962,-0.248385494,-0.993541977,-0.002483855,-0.248385494,-1.241927471,-0.260804769,-0.156482861,-0.149031297,0.510121068,0
2024-10-21T12:28:35.345053997Z,AAPL,0,0,0,0,200,0,0,0,0,0,0,0,0,0,0.473260767,0,0,0,0,0,0,-0.090260247,0
2024-10-21T12:28:42.162092040Z,AAPL,0,0,0,0,-200,0,0,0,0,0,0,0,0,0,-0.496770989,0,0,0,0,0,0,0.094744114,0
2024-10-21T12:28:42.162105350Z,AAPL,0,0,200,2,105,0,0,0,0,0,0,0,0.496770989,0.00496771,0.260804769,0,0,0,0,0,0,-0.081930248,0
2024-10-21T12:28:45.429284120Z,AAPL,0,0,-200,-2,-105,-1200,-1,-505,-10,-100,-15,0,-0.508130081,-0.005081301,-0.266768293,-3.048780488,-0.00254065,-1.283028455,-0.025406504,-0.254065041,-0.038109756,0.639793302,0
2024-10-21T12:28:45.429297045Z,AAPL,0,0,0,0,400,1200,1,505,10,100,15,0,0,0,0.946521533,2.8395646,0.002366304,1.194983436,0.023663038,0.236630383,0.035494558,-0.69835657,0
2024-10-21T12:28:48.483119828Z,AAPL,0,0,200,2,105,0,0,0,0,0,0,0,0.496770989,0.00496771,0.260804769,0,0,0,0,0,0,-0.081930248,0
2024-10-21T12:28:55.560815833Z,AAPL,0,0,0,0,0,0,0,0,0,0,0,0,0,0,0,0,0,0,0,0,0,0,0
2024-10-21T12:28:55.560817191Z,AAPL,-27,-27,-400,-7,-100,-400,-1,-100,-500,-105,-63,-0.066617321,-0.986923267,-0.017271157,-0.246730817,-0.986923267,-0.002467308,-0.246730817,-1.233654083,-0.259067358,-0.155440415,0.408503786,0
2024-10-21T12:28:55.560841422Z,AAPL,-100,-100,0,0,0,0,0,0,0,0,0,-0.240789791,0,0,0,0,0,0,0,0,0,0.00479382,0
2024-10-21T12:28:55.560892756Z,AAPL,0,0,-200,-2,-105,-1200,-1,-505,-10,-100,-15,0,-0.492247108,-0.004922471,-0.258429732,-2.953482648,-0.002461236,-1.242923948,-0.024612355,-0.246123554,-0.036918533,0.61979484,0
2024-10-21T12:28:55.561120579Z,AAPL,100,100,0,0,0,0,0,0,0,0,0,0.25233409,0,0,0,0,0,0,0,0,0,-0.005023652,0
2024-10-21T12:28:55.561195478Z,AAPL,17,17,400,7,100,400,1,100,500,105,63,0.04330107,1.018848701,0.017829852,0.254712175,1.018848701,0.002547122,0.254712175,1.273560876,0.267447784,0.16046867,-0.421211149,0
2024-10-21T12:28:55.562160475Z,AAPL,0,0,0,100,400,1,100,500,105,63,60,0,0,0.251319427,1.005277708,0.002513194,0.251319427,1.256597135,0.263885398,0.158331239,0.150791656,-0.450940436,0
2024-10-21T12:28:55.639691686Z,AAPL,0,0,0,0,400,1200,1,505,10,100,15,0,0,0,0.936987585,2.810962755,0.002342469,1.182946826,0.02342469,0.234246896,0.035137034,-0.691322292,0
2024-10-21T12:28:55.964429174Z,AAPL,0,0,0,0,200,0,0,0,0,0,0,0,0,0,0.491521258,0,0,0,0,0,0,-0.093742886,0
2024-10-21T12:28:56.442607241Z,AAPL,0,0,-400,0,0,0,0,0,0,0,0,0,-0.983042517,0,0,0,0,0,0,0,0,0.062667251,0
2024-10-21T12:28:57.565348157Z,AAPL,0,0,0,-100,-400,-1,-100,-500,-105,-63,-60,0,0,-0.249003984,-0.996015936,-0.00249004,-0.249003984,-1.24501992,-0.261454183,-0.15687251,-0.14940239,0.446785855,0
2024-10-21T12:28:57.830839869Z,AAPL,0,0,-400,0,0,0,0,0,0,0,0,0,-1.048218029,0,0,0,0,0,0,0,0,0.066822077,0
2024-10-21T12:28:57.890894861Z,AAPL,-200,-200,7,100,400,1,100,500,105,63,60,-0.515995872,0.018059856,0.257997936,1.031991744,0.002579979,0.257997936,1.28998968,0.270897833,0.1625387,0.154798762,-0.453802091,0
2024-10-21T12:28:58.005959828Z,AAPL,-217,-217,-7,-100,-400,-1,-100,-500,-105,-63,-60,-0.568658281,-0.018343816,-0.262054507,-1.048218029,-0.002620545,-0.262054507,-1.310272537,-0.275157233,-0.16509434,-0.157232704,0.482692958,0
2024-10-21T12:28:58.694439582Z,AAPL,0,0,200,0,-200,-1200,-1,-505,-10,-100,-15,0,0.50942435,0,-0.50942435,-3.056546103,-0.002547122,-1.286296485,-0.025471218,-0.254712175,-0.038206826,0.622088268,0
2024-10-21T12:29:01.022123658Z,AAPL,0,0,-200,0,0,0,0,0,0,0,0,0,-0.536768653,0,0,0,0,0,0,0,0,0.034218068,0
2024-10-21T12:29:01.022136915Z,AAPL,0,0,0,0,400,1200,1,505,10,100,15,0,0,0,0.996015936,2.988047809,0.00249004,1.25747012,0.024900398,0.249003984,0.037350598,-0.734874219,0
2024-10-21T12:29:01.158380499Z,AAPL,0,0,0,0,0,0,0,0,0,0,0,0,0,0,0,0,0,0,0,0,0,0,-185
2024-10-21T12:29:01.158380499Z,AAPL,-85,-85,0,0,0,0,0,0,0,0,0,-0.216229967,0,0,0,0,0,0,0,0,0,0.004304865,-100
2024-10-21T12:29:01.158380499Z,AAPL,-100,-100,-2,-105,-400,-1200,-1,-505,-10,-100,-15,-0.253742705,-0.005074854,-0.26642984,-1.01497082,-3.044912459,-0.002537427,-1.28140066,-0.02537427,-0.253742705,-0.038061406,0.782193207,-85
2024-10-21T12:29:01.158396024Z,AAPL,100,100,2,105,400,1200,1,505,10,100,15,0.254388196,0.005087764,0.267107606,1.017552786,3.052658357,0.002543882,1.284660392,0.02543882,0.254388196,0.038158229,-0.784183014,0
2024-10-21T12:29:01.158404180Z,AAPL,-200,-200,-17,-7,-100,-400,-1,-100,-500,-105,-63,-0.504032258,-0.042842742,-0.017641129,-0.252016129,-1.008064516,-0.002520161,-0.252016129,-1.260080645,-0.264616935,-0.158770161,0.364403254,0
2024-10-21T12:29:01.158408745Z,AAPL,0,0,-200,-17,-7,-100,-400,-1,-100,-500,-105,0,-0.556637907,-0.047314222,-0.019482327,-0.278318954,-1.113275814,-0.00278319,-0.278318954,-1.391594768,-0.292234901,0.375447964,0
2024-10-21T12:29:01.158418184Z,AAPL,-100,-100,0,0,0,0,0,0,0,0,0,-0.270782562,0,0,0,0,0,0,0,0,0,0.005390938,0
2024-10-21T12:29:01.158419809Z,AAPL,0,0,0,-100,0,0,0,0,0,0,0,0,0,-0.263643554,0,0,0,0,0,0,0,0.027666218,0
2024-10-21T12:29:01.158423515Z,AAPL,0,0,-26,0,0,0,0,0,0,0,0,0,-0.068080649,0,0,0,0,0,0,0,0,0.004340023,0
2024-10-21T12:29:01.158424717Z,AAPL,0,0,0,0,0,0,0,0,0,0,0,0,0,0,0,0,0,0,0,0,0,0,-100
2024-10-21T12:29:01.158424717Z,AAPL,-100,-100,-2,-105,-400,-1200,-1,-505,-10,-100,-15,-0.261164795,-0.005223296,-0.274223035,-1.04465918,-3.13397754,-0.002611648,-1.318882215,-0.026116479,-0.261164795,-0.039174719,0.805072715,0
2024-10-21T12:29:01.158426997Z,AAPL,0,0,0,0,0,0,0,0,0,0,0,0,0,0,0,0,0,0,0,0,0,0,0
2024-10-21T12:29:01.158427442Z,AAPL,0,0,130,0,0,0,0,0,0,0,0,0,0.351446337,0,0,0,0,0,0,0,0,-0.022404093,0
2024-10-21T12:29:01.158431288Z,AAPL,0,0,0,-100,0,0,0,0,0,0,0,0,0,-0.263227165,0,0,0,0,0,0,0,0.027622523,0
2024-10-21T12:29:01.158434916Z,AAPL,100,100,2,105,400,1200,1,505,10,100,15,0.263921879,0.005278438,0.277117973,1.055687516,3.167062549,0.002639219,1.33280549,0.026392188,0.263921879,0.039588282,-0.813571767,0
2024-10-21T12:29:01.158437825Z,AAPL,0,0,0,0,-200,-17,-7,-100,-400,-1,-100,0,0,0,-0.538358008,-0.045760431,-0.01884253,-0.269179004,-1.076716016,-0.00269179,-0.269179004,0.262823962,0
2024-10-21T12:29:01.158453404Z,AAPL,0,0,0,0,-400,-1200,-1,-505,-10,-100,-15,0,0,0,-1.167883212,-3.503649635,-0.002919708,-1.474452555,-0.02919708,-0.291970803,-0.04379562,0.861680252,0
2024-10-21T12:29:01.158458726Z,AAPL,100,100,0,0,0,0,0,0,0,0,0,0.30075188,0,0,0,0,0,0,0,0,0,-0.005987589,0
2024-10-21T12:29:01.158475713Z,AAPL,26,26,300,26,200,17,7,100,400,1,100,0.078195489,0.902255639,0.078195489,0.601503759,0.05112782,0.021052632,0.30075188,1.203007519,0.003007519,0.30075188,-0.360931112,0
2024-10-21T12:29:01.158485485Z,AAPL,-26,-26,-300,-26,-200,-17,-7,-100,-400,-1,-100,-0.079975392,-0.922792987,-0.079975392,-0.615195325,-0.052291603,-0.021531836,-0.307597662,-1.230390649,-0.003075977,-0.307597662,0.369146708,0
2024-10-21T12:29:01.158498852Z,AAPL,0,0,0,0,0,0,0,0,0,0,0,0,0,0,0,0,0,0,0,0,0,0,-50
2024-10-21T12:29:01.158498852Z,AAPL,-50,-50,0,0,0,0,0,0,0,0,0,-0.156201187,0,0,0,0,0,0,0,0,0,0.003109768,0
2024-10-21T12:29:01.158508412Z,AAPL,100,100,0,0,0,0,0,0,0,0,0,0.302938503,0,0,0,0,0,0,0,0,0,-0.006031122,0
2024-10-21T12:29:01.158520941Z,AAPL,0,0,0,0,0,0,0,0,0,0,0,0,0,0,0,0,0,0,0,0,0,0,-100
2024-10-21T12:29:01.158520941Z,AAPL,-50,-50,0,0,0,0,0,0,0,0,0,-0.153798831,0,0,0,0,0,0,0,0,0,0.00306194,-50
2024-10-21T12:29:01.158520941Z,AAPL,-50,-50,0,0,0,0,0,0,0,0,0,-0.156201187,0,0,0,0,0,0,0,0,0,0.003109768,-50
2024-10-21T12:29:01.158530490Z,AAPL,0,0,0,100,0,0,0,0,0,0,0,0,0,0.32247662,0,0,0,0,0,0,0,-0.03384004,0
2024-10-21T12:29:01.158531815Z,AAPL,100,100,0,100,0,0,0,0,0,0,0,0.32247662,0,0.32247662,0,0,0,0,0,0,0,-0.040260142,0
2024-10-21T12:29:01.158554739Z,AAPL,0,0,0,0,0,0,0,0,0,0,0,0,0,0,0,0,0,0,0,0,0,0,-50
2024-10-21T12:29:01.158554739Z,AAPL,-50,-50,0,0,0,0,0,0,0,0,0,-0.163880695,0,0,0,0,0,0,0,0,0,0.003262657,0
2024-10-21T12:29:01.158835732Z,AAPL,0,0,0,26,200,17,7,100,400,1,100,0,0,0.085217961,0.655522779,0.055719436,0.022943297,0.32776139,1.311045559,0.003277614,0.32776139,-0.328965877,0
2024-10-21T12:29:01.260812083Z,AAPL,0,0,0,200,17,7,100,400,1,100,500,0,0,0.567375887,0.04822695,0.019858156,0.283687943,1.134751773,0.002836879,0.283687943,1.418439716,-0.38472682,0
2024-10-21T12:29:01.260820985Z,AAPL,26,26,200,17,7,100,400,1,100,500,105,0.072142064,0.554938957,0.047169811,0.019422863,0.277469478,1.109877913,0.002774695,0.277469478,1.387347392,0.291342952,-0.375738292,0
2024-10-21T12:29:01.260872777Z,AAPL,0,0,0,0,200,1200,1,505,10,100,15,0,0,0,0.541418517,3.248511099,0.002707093,1.367081754,0.027070926,0.270709258,0.040606389,-0.695672729,0
2024-10-21T12:29:01.411037140Z,AAPL,200,200,17,7,100,400,1,100,500,105,63,0.536049317,0.045564192,0.018761726,0.268024658,1.072098633,0.002680247,0.268024658,1.340123291,0.281425891,0.168855535,-0.387550821,0
2024-10-21T12:29:01.477138444Z,AAPL,0,0,0,0,0,0,0,0,0,0,0,0,0,0,0,0,0,0,0,0,0,0,-50
2024-10-21T12:29:01.477138444Z,AAPL,-50,-50,0,0,0,0,0,0,0,0,0,-0.135832654,0,0,0,0,0,0,0,0,0,0.002704256,0
2024-10-21T12:29:01.477149422Z,AAPL,100,100,0,0,0,0,0,0,0,0,0,0.264480296,0,0,0,0,0,0,0,0,0,-0.005265468,0
2024-10-21T12:29:01.477199123Z,AAPL,0,0,0,0,-200,-1200,-1,-505,-10,-100,-15,0,0,0,-0.541858575,-3.251151449,-0.002709293,-1.368192902,-0.027092929,-0.270929287,-0.040639393,0.696238163,0
2024-10-21T12:29:01.541027344Z,AAPL,0,0,0,0,0,400,0,0,0,0,0,0,0,0,0,0.97775605,0,0,0,0,0,-0.120393726,0
2024-10-21T12:29:01.544694740Z,AAPL,-200,-200,0,0,0,0,0,0,0,0,0,-0.46609182,0,0,0,0,0,0,0,0,0,0.009279298,0
2024-10-21T12:29:01.602571884Z,AAPL,200,200,0,0,0,0,0,0,0,0,0,0.488878025,0,0,0,0,0,0,0,0,0,-0.009732943,0
2024-10-21T12:29:01.602608635Z,AAPL,-200,-200,0,0,0,0,0,0,0,0,0,-0.46609182,0,0,0,0,0,0,0,0,0,0.009279298,0
2024-10-21T12:29:01.646117074Z,AAPL,17,17,7,100,400,1,100,500,105,63,60,0.043027082,0.017717034,0.253100481,1.012401924,0.002531005,0.253100481,1.265502404,0.265755505,0.159453303,0.151860289,-0.456122212,0
2024-10-21T12:29:01.646130641Z,AAPL,-17,-17,-7,-100,-400,-1,-100,-500,-105,-63,-60,-0.041554632,-0.017110731,-0.244439012,-0.97775605,-0.00244439,-0.244439012,-1.222195062,-0.256660963,-0.153996578,-0.146663407,0.440513043,0
2024-10-21T12:29:01.700637009Z,AAPL,0,0,0,0,200,1200,1,505,10,100,15,0,0,0,0.528960592,3.173763555,0.002644803,1.335625496,0.02644803,0.264480296,0.039672044,-0.679665449,0
2024-10-21T12:29:01.702431410Z,AAPL,17,17,7,100,400,1,100,500,105,63,60,0.04669047,0.019225488,0.274649821,1.098599286,0.002746498,0.274649821,1.373249107,0.288382313,0.173029388,0.164789893,-0.494957116,0
2024-10-21T12:29:01.702443831Z,AAPL,-17,-17,-7,-100,-400,-1,-100,-500,-105,-63,-60,-0.04496165,-0.018513621,-0.264480296,-1.057921185,-0.002644803,-0.264480296,-1.322401481,-0.277704311,-0.166622587,-0.158688178,0.476630219,0
2024-10-21T12:29:01.828859341Z,AAPL,0,0,0,0,200,0,0,0,0,0,0,0,0,0,0.502386335,0,0,0,0,0,0,-0.095815072,0
2024-10-21T12:29:01.883788028Z,AAPL,0,0,0,0,-200,0,0,0,0,0,0,0,0,0,-0.528960592,0,0,0,0,0,0,0.100883312,0
2024-10-21T12:29:01.883801296Z,AAPL,0,0,0,0,400,0,0,0,0,0,0,0,0,0,1.00477267,0,0,0,0,0,0,-0.191630144,0
2024-10-21T12:29:04.074375510Z,AAPL,0,0,200,0,-400,-1200,-1,-505,-10,-100,-15,0,0.514006682,0,-1.028013364,-3.084040093,-0.002570033,-1.297866872,-0.025700334,-0.257003341,-0.038550501,0.725715328,0
2024-10-21T12:29:04.429500359Z,AAPL,0,0,0,0,0,0,0,0,0,0,0,0,0,0,0,0,0,0,0,0,0,0,-3
2024-10-21T12:29:04.429500359Z,AAPL,-3,-3,0,0,0,0,0,0,0,0,0,-0.007716049,0,0,0,0,0,0,0,0,0,0.000153617,0
2024-10-21T12:29:04.493551721Z,AAPL,0,0,-200,0,0,0,0,0,0,0,0,0,-0.542299349,0,0,0,0,0,0,0,0,0.034570641,0
2024-10-21T12:29:04.493564498Z,AAPL,0,0,0,0,200,1200,1,505,10,100,15,0,0,0,0.529380625,3.176283748,0.002646903,1.336686077,0.026469031,0.264690312,0.039703547,-0.680205151,0
2024-10-21T12:29:04.660423222Z,AAPL,0,0,0,0,-200,-1200,-1,-505,-10,-100,-15,0,0,0,-0.542299349,-3.253796095,-0.002711497,-1.369305857,-0.027114967,-0.271149675,-0.040672451,0.696804518,0
2024-10-21T12:29:04.660436269Z,AAPL,0,0,0,0,0,400,0,0,0,0,0,0,0,0,0,0.978473581,0,0,0,0,0,-0.120482078,0
2024-10-21T12:29:04.679139876Z,AAPL,-200,-200,0,0,0,0,0,0,0,0,0,-0.46641791,0,0,0,0,0,0,0,0,0,0.00928579,0
2024-10-21T12:29:04.736790546Z,AAPL,200,200,0,0,0,0,0,0,0,0,0,0.489236791,0,0,0,0,0,0,0,0,0,-0.009740085,0
2024-10-21T12:29:04.736803679Z,AAPL,-200,-200,0,0,0,0,0,0,0,0,0,-0.489236791,0,0,0,0,0,0,0,0,0,0.009740085,0
2024-10-21T12:29:04.942410445Z,AAPL,17,17,7,100,400,1,100,500,105,63,60,0.043059777,0.017730496,0.253292806,1.013171226,0.002532928,0.253292806,1.266464032,0.265957447,0.159574468,0.151975684,-0.456468809,0
2024-10-21T12:29:04.942423141Z,AAPL,-17,-17,-7,-100,-400,-1,-100,-500,-105,-63,-60,-0.041585127,-0.017123288,-0.244618395,-0.978473581,-0.002446184,-0.244618395,-1.223091977,-0.256849315,-0.154109589,-0.146771037,0.440836316,0
2024-10-21T12:29:04.996963888Z,AAPL,0,0,0,0,400,1200,1,505,10,100,15,0,0,0,1.005530417,3.016591252,0.002513826,1.269482152,0.02513826,0.251382604,0.037707391,-0.741894134,0
2024-10-21T12:29:07.476155585Z,AAPL,0,0,0,0,0,0,0,0,0,0,0,0,0,0,0,0,0,0,0,0,0,0,-30
2024-10-21T12:29:07.476155585Z,AAPL,-30,-30,0,0,0,0,0,0,0,0,0,-0.075987842,0,0,0,0,0,0,0,0,0,0.001512822,0
2024-10-21T12:29:07.543812287Z,AAPL,0,0,0,0,-400,-1200,-1,-505,-10,-100,-15,0,0,0,-1.093493712,-3.280481137,-0.002733734,-1.380535812,-0.027337343,-0.273373428,-0.041006014,0.806794659,0
2024-10-21T12:29:07.572921012Z,AAPL,0,0,0,100,400,1,100,500,105,63,60,0,0,0.269469146,1.077876583,0.002694691,0.269469146,1.347345729,0.282942603,0.169765562,0.161681487,-0.483506331,0
2024-10-21T12:29:07.582875842Z,AAPL,0,0,0,0,200,1200,1,505,10,100,15,0,0,0,0.526177322,3.157063931,0.002630887,1.328597737,0.026308866,0.263088661,0.039463299,-0.676089203,0
2024-10-21T12:29:07.714932040Z,AAPL,0,0,0,0,200,0,0,0,0,0,0,0,0,0,0.526177322,0,0,0,0,0,0,-0.100352487,0
2024-10-21T12:29:08.288226889Z,AAPL,0,0,0,0,200,0,0,0,0,0,0,0,0,0,0.526177322,0,0,0,0,0,0,-0.100352487,0
2024-10-21T12:29:08.936973408Z,AAPL,17,17,100,400,1,100,500,105,63,60,1,0.047196002,0.277623542,1.11049417,0.002776235,0.277623542,1.388117712,0.29150472,0.174902832,0.166574125,0.002776235,-0.410123422,0
2024-10-21T12:29:08.936985355Z,AAPL,0,0,-100,-400,-1,-100,-500,-105,-63,-60,-1,0,-0.263088661,-1.052354644,-0.002630887,-0.263088661,-1.315443304,-0.276243094,-0.165745856,-0.157853197,-0.002630887,0.387761137,0
2024-10-21T12:29:08.991905949Z,AAPL,0,0,0,0,200,0,0,0,0,0,0,0,0,0,0.526177322,0,0,0,0,0,0,-0.100352487,0
2024-10-21T12:29:09.054055599Z,AAPL,-200,-200,100,400,1,100,500,105,63,60,1,-0.526038927,0.263019463,1.052077854,0.002630195,0.263019463,1.315097317,0.276170437,0.165702262,0.157811678,0.002630195,-0.377186379,0
2024-10-21T12:29:09.096609749Z,AAPL,0,0,0,0,0,0,0,0,0,0,0,0,0,0,0,0,0,0,0,0,0,0,-117
2024-10-21T12:29:09.096609749Z,AAPL,-17,-17,0,0,0,0,0,0,0,0,0,-0.044914135,0,0,0,0,0,0,0,0,0,0.000894184,-100
2024-10-21T12:29:09.096609749Z,AAPL,-100,-100,-2,-105,-200,-1200,-1,-505,-10,-100,-15,-0.263504611,-0.005270092,-0.276679842,-0.527009223,-3.162055336,-0.002635046,-1.330698287,-0.026350461,-0.263504611,-0.039525692,0.711774341,-17
2024-10-21T12:29:09.096622742Z,AAPL,100,100,2,105,200,1200,1,505,10,100,15,0.264200793,0.005284016,0.277410832,0.528401585,3.170409511,0.002642008,1.334214003,0.026420079,0.264200793,0.039630119,-0.713654855,0
2024-10-21T12:29:09.096634813Z,AAPL,-217,-217,-100,-400,-1,-100,-500,-105,-63,-60,-1,-0.558702369,-0.257466529,-1.029866117,-0.002574665,-0.257466529,-1.287332647,-0.270339856,-0.162203913,-0.154479918,-0.002574665,0.390597846,0
2024-10-21T12:29:09.096639241Z,AAPL,0,0,-217,-100,-400,-1,-100,-500,-105,-63,-60,0,-0.548118212,-0.252589038,-1.010356151,-0.00252589,-0.252589038,-1.262945188,-0.26521849,-0.159131094,-0.151553423,0.488160071,0
2024-10-21T12:29:09.096640225Z,AAPL,0,0,0,-217,-100,-400,-1,-100,-500,-105,-63,0,0,-0.543043043,-0.25025025,-1.001001001,-0.002502503,-0.25025025,-1.251251251,-0.262762763,-0.157657658,0.404321113,0
2024-10-21T12:29:09.096649377Z,AAPL,0,0,0,-200,0,0,0,0,0,0,0,0,0,-0.476644423,0,0,0,0,0,0,0,0.050018096,0
2024-10-21T12:29:09.096651465Z,AAPL,0,0,300,217,100,400,1,100,500,105,63,0,0.727449079,0.526188167,0.242483026,0.969932105,0.00242483,0.242483026,1.212415131,0.254607177,0.152764306,-0.438145478,0
2024-10-21T12:29:09.096659107Z,AAPL,0,0,-300,-217,-100,-400,-1,-100,-500,-105,-63,0,-0.733855186,-0.530821918,-0.244618395,-0.978473581,-0.002446184,-0.244618395,-1.223091977,-0.256849315,-0.154109589,0.442003902,0
2024-10-21T12:29:09.096672869Z,AAPL,0,0,0,0,-217,-100,-400,-1,-100,-500,-105,0,0,0,-0.541147132,-0.249376559,-0.997506234,-0.002493766,-0.249376559,-1.246882793,-0.261845387,0.400039988,0
2024-10-21T12:29:09.096683301Z,AAPL,27,27,300,27,217,100,400,1,100,500,105,0.067247821,0.747198007,0.067247821,0.540473225,0.249066002,0.99626401,0.00249066,0.249066002,1.245330012,0.261519303,-0.455570048,0
2024-10-21T12:29:09.096693428Z,AAPL,0,0,0,0,-200,-1200,-1,-505,-10,-100,-15,0,0,0,-0.50955414,-3.057324841,-0.002547771,-1.286624204,-0.025477707,-0.25477707,-0.038216561,0.654729952,0
2024-10-21T12:29:09.096705312Z,AAPL,0,0,100,0,0,0,0,0,0,0,0,0,0.261437908,0,0,0,0,0,0,0,0,-0.016666212,0
2024-10-21T12:29:09.096706998Z,AAPL,0,0,100,0,0,0,0,0,0,0,0,0,0.268456376,0,0,0,0,0,0,0,0,-0.017113627,0
2024-10-21T12:29:09.097036830Z,AAPL,0,0,27,217,100,400,1,100,500,105,63,0,0.073210412,0.588394794,0.271149675,1.084598698,0.002711497,0.271149675,1.355748373,0.284707158,0.170824295,-0.442754663,0
2024-10-21T12:29:09.197808423Z,AAPL,0,0,217,100,400,1,100,500,105,63,60,0,0.583176565,0.268744961,1.074979844,0.00268745,0.268744961,1.343724805,0.282182209,0.169309325,0.161246977,-0.519383424,0
2024-10-21T12:29:09.197865189Z,AAPL,0,0,0,0,200,1200,1,505,10,100,15,0,0,0,0.524796641,3.148779848,0.002623983,1.325111519,0.026239832,0.262398321,0.039359748,-0.674315156,0
2024-10-21T12:29:09.349517861Z,AAPL,217,217,100,400,1,100,500,105,63,60,1,0.57331572,0.264200793,1.05680317,0.002642008,0.264200793,1.321003963,0.277410832,0.166446499,0.158520476,0.002642008,-0.400814276,0
2024-10-21T12:29:09.575899057Z,AAPL,-217,-217,-100,-400,-1,-100,-500,-105,-63,-60,-1,-0.572408336,-0.263782643,-1.055130572,-0.002637826,-0.263782643,-1.318913216,-0.276971775,-0.166183065,-0.158269586,-0.002637826,0.400179909,0
2024-10-21T12:29:11.490444580Z,AAPL,0,0,0,0,200,0,0,0,0,0,0,0,0,0,0.527565286,0,0,0,0,0,0,-0.100617199,0
2024-10-21T12:29:12.051081325Z,AAPL,0,0,200,0,0,0,0,0,0,0,0,0,0.556947925,0,0,0,0,0,0,0,0,-0.035504462,0
2024-10-21T12:29:12.051094374Z,AAPL,0,0,0,-100,-400,-1,-100,-500,-105,-63,-60,0,0,-0.268024658,-1.072098633,-0.002680247,-0.268024658,-1.340123291,-0.281425891,-0.168855535,-0.160814795,0.480914499,0
2024-10-21T12:29:12.054384594Z,AAPL,0,0,0,100,400,1,100,500,105,63,60,0,0,0.278473963,1.113895851,0.00278474,0.278473963,1.392369813,0.292397661,0.175438596,0.167084378,-0.499663602,0
2024-10-21T12:29:12.054397299Z,AAPL,0,0,0,-100,-400,-1,-100,-500,-105,-63,-60,0,0,-0.268024658,-1.072098633,-0.002680247,-0.268024658,-1.340123291,-0.281425891,-0.168855535,-0.160814795,0.480914499,0
2024-10-21T12:29:12.061278295Z,AAPL,0,0,0,-200,0,0,0,0,0,0,0,0,0,-0.508776393,0,0,0,0,0,0,0,0.05338996,0
2024-10-21T12:29:12.188742107Z,AAPL,0,0,0,0,200,0,0,0,0,0,0,0,0,0,0.484144275,0,0,0,0,0,0,-0.092335948,0
2024-10-21T12:29:14.061139742Z,AAPL,17,17,400,100,400,1,100,500,105,63,60,0.040630975,0.956022945,0.239005736,0.956022945,0.002390057,0.239005736,1.195028681,0.250956023,0.150573614,0.143403442,-0.490599791,0
2024-10-21T12:29:16.067040933Z,AAPL,0,0,0,-100,-400,-1,-100,-500,-105,-63,-60,0,0,-0.242072137,-0.96828855,-0.002420721,-0.242072137,-1.210360687,-0.254175744,-0.152505447,-0.145243282,0.434348099,0
2024-10-21T12:29:26.242855402Z,AAPL,0,0,0,0,-200,0,0,0,0,0,0,0,0,0,-0.508776393,0,0,0,0,0,0,0.097033783,0
2024-10-21T12:29:26.242868183Z,AAPL,0,0,0,0,400,0,0,0,0,0,0,0,0,0,0.96828855,0,0,0,0,0,0,-0.184671897,0
2024-10-21T12:29:26.365233464Z,AAPL,0,0,0,0,-200,0,0,0,0,0,0,0,0,0,-0.508776393,0,0,0,0,0,0,0.097033783,0
2024-10-21T12:29:49.448744098Z,AAPL,0,0,0,0,0,0,0,0,0,0,0,0,0,0,0,0,0,0,0,0,0,0,0
2024-10-21T12:29:49.448744098Z,AAPL,0,0,0,0,0,0,0,0,0,0,0,0,0,0,0,0,0,0,0,0,0,0,0
2024-10-21T12:29:49.448744098Z,AAPL,0,0,0,0,0,0,0,0,0,0,0,0,0,0,0,0,0,0,0,0,0,0,0
2024-10-21T12:29:49.450300162Z,AAPL,0,0,0,0,0,0,0,0,0,0,0,0,0,0,0,0,0,0,0,0,0,0,-100
2024-10-21T12:29:49.450300162Z,AAPL,-100,-100,-2,-105,-200,-1200,-1,-505,-10,-100,-15,-0.253742705,-0.005074854,-0.26642984,-0.50748541,-3.044912459,-0.002537427,-1.28140066,-0.02537427,-0.253742705,-0.038061406,0.685405639,0
2024-10-21T12:29:49.450311621Z,AAPL,100,100,2,105,200,1200,1,505,10,100,15,0.254388196,0.005087764,0.267107606,0.508776393,3.052658357,0.002543882,1.284660392,0.02543882,0.254388196,0.038158229,-0.68714923,0
2024-10-21T12:29:49.450314673Z,AAPL,0,0,0,0,0,0,0,0,0,0,0,0,0,0,0,0,0,0,0,0,0,0,-100
2024-10-21T12:29:49.450314673Z,AAPL,-100,-100,-2,-105,-200,-1200,-1,-505,-10,-100,-15,-0.253742705,-0.005074854,-0.26642984,-0.50748541,-3.044912459,-0.002537427,-1.28140066,-0.02537427,-0.253742705,-0.038061406,0.685405639,0
2024-10-21T12:29:49.450321900Z,AAPL,-17,-17,-400,-7,-100,-400,-1,-100,-500,-105,-63,-0.042735043,-1.005530417,-0.017596782,-0.251382604,-1.005530417,-0.002513826,-0.251382604,-1.256913022,-0.263951735,-0.158371041,0.415705121,0
2024-10-21T12:29:49.450325841Z,AAPL,0,0,-17,-400,-7,-100,-400,-1,-100,-500,-105,0,-0.048199603,-1.134108307,-0.019846895,-0.283527077,-1.134108307,-0.002835271,-0.283527077,-1.417635384,-0.297703431,0.463350617,0
2024-10-21T12:29:49.450334304Z,AAPL,0,0,0,-200,0,0,0,0,0,0,0,0,0,-0.536624631,0,0,0,0,0,0,0,0.056312297,0
2024-10-21T12:29:49.450337787Z,AAPL,0,0,-19,0,0,0,0,0,0,0,0,0,-0.050720769,0,0,0,0,0,0,0,0,0.003233361,0
2024-10-21T12:29:49.450341436Z,AAPL,0,0,54,0,0,0,0,0,0,0,0,0,0.146262189,0,0,0,0,0,0,0,0,-0.00932396,0
2024-10-21T12:29:49.450344611Z,AAPL,19,19,300,17,400,7,100,400,1,100,500,0.046432063,0.73313783,0.041544477,0.977517107,0.017106549,0.244379277,0.977517107,0.002443793,0.244379277,1.221896383,-0.510657436,0
2024-10-21T12:29:49.450349606Z,AAPL,0,0,0,-17,-400,-7,-100,-400,-1,-100,-500,0,0,-0.047078372,-1.107726392,-0.019385212,-0.276931598,-1.107726392,-0.002769316,-0.276931598,-1.384657989,0.524669838,0
2024-10-21T12:29:49.450351627Z,AAPL,0,0,100,0,0,0,0,0,0,0,0,0,0.28481914,0,0,0,0,0,0,0,0,-0.018156725,0
2024-10-21T12:29:49.450355047Z,AAPL,0,0,100,0,0,0,0,0,0,0,0,0,0.293169159,0,0,0,0,0,0,0,0,-0.018689024,0
2024-10-21T12:29:49.450394230Z,AAPL,0,0,0,-200,-1200,-1,-505,-10,-100,-15,-110,0,0,-0.620925179,-3.725551071,-0.003104626,-1.567836076,-0.031046259,-0.310462589,-0.046569388,-0.341508848,1.03886217,0
2024-10-21T12:29:49.450652186Z,AAPL,0,0,19,17,400,7,100,400,1,100,500,0,0.052471693,0.046948357,1.104667219,0.019331676,0.276166805,1.104667219,0.002761668,0.276166805,1.380834024,-0.526565853,0
2024-10-21T12:29:49.452270874Z,AAPL,0,0,0,0,0,100,400,1,100,500,105,0,0,0,0,0.268889486,1.075557946,0.002688895,0.268889486,1.344447432,0.282333961,-0.320058662,0
2024-10-21T12:29:49.553764632Z,AAPL,0,0,17,400,100,400,1,100,500,105,63,0,0.045176721,1.062981664,0.265745416,1.062981664,0.002657454,0.265745416,1.328727079,0.279032687,0.167419612,-0.483268894,0
2024-10-21T12:29:49.553823391Z,AAPL,0,0,0,200,1200,1,505,10,100,15,110,0,0,0.505944852,3.035669112,0.002529724,1.277510751,0.025297243,0.252972426,0.037945864,0.278269669,-0.84649002,0
2024-10-21T12:29:49.703766083Z,AAPL,17,17,400,100,400,1,100,500,105,63,60,0.042563846,1.001502253,0.250375563,1.001502253,0.002503756,0.250375563,1.251877817,0.262894342,0.157736605,0.150225338,-0.513938289,0
2024-10-21T12:29:50.524022649Z,AAPL,0,0,0,-200,-1200,-1,-505,-10,-100,-15,-110,0,0,-0.525762355,-3.154574132,-0.002628812,-1.327549947,-0.026288118,-0.262881178,-0.039432177,-0.289169295,0.879646438,0
2024-10-21T12:29:50.524034831Z,AAPL,0,0,0,200,1200,1,505,10,100,15,110,0,0,0.500751127,3.00450676,0.002503756,1.264396595,0.025037556,0.250375563,0.037556335,0.27541312,-0.837800463,0
2024-10-21T12:29:51.461550015Z,AAPL,-17,-17,-400,-100,-400,-1,-100,-500,-105,-63,-60,-0.04313626,-1.01497082,-0.253742705,-1.01497082,-0.002537427,-0.253742705,-1.268713524,-0.26642984,-0.159857904,-0.152245623,0.520849918,0
2024-10-21T12:29:54.581050838Z,AAPL,0,0,0,200,0,0,0,0,0,0,0,0,0,0.534616413,0,0,0,0,0,0,0,-0.056101559,0
2024-10-21T12:29:54.581064740Z,AAPL,0,0,0,-200,0,0,0,0,0,0,0,0,0,-0.50748541,0,0,0,0,0,0,0,0.053254486,0
2024-10-21T12:29:54.639369336Z,AAPL,0,0,-17,-400,0,0,0,0,0,0,0,0,-0.045442395,-1.069232825,0,0,0,0,0,0,0,0.115099991,0
2024-10-21T12:29:55.410313755Z,AAPL,-7,-7,-200,0,0,0,0,0,0,0,0,-0.018711574,-0.534616413,0,0,0,0,0,0,0,0,0.034453391,0
2024-10-21T12:30:01.594370016Z,AAPL,0,0,0,-200,-1200,-1,-505,-10,-100,-15,-110,0,0,-0.563221628,-3.379329766,-0.002816108,-1.42213461,-0.028161081,-0.281610814,-0.042241622,-0.309771895,0.942319079,0
2024-10-21T12:30:01.675073949Z,AAPL,0,0,0,200,1200,1,505,10,100,15,110,0,0,0.534616413,3.207698476,0.002673082,1.349906442,0.026730821,0.267308206,0.040096231,0.294039027,-0.894460051,0
2024-10-21T12:30:01.702282387Z,AAPL,0,0,0,-200,-1200,-1,-505,-10,-100,-15,-110,0,0,-0.563221628,-3.379329766,-0.002816108,-1.42213461,-0.028161081,-0.281610814,-0.042241622,-0.309771895,0.942319079,0
2024-10-21T12:30:01.702295886Z,AAPL,0,0,0,400,1200,1,505,10,100,15,110,0,0,1.01497082,3.044912459,0.002537427,1.28140066,0.02537427,0.253742705,0.038061406,0.279116975,-0.902321995,0
2024-10-21T12:30:01.702628858Z,AAPL,-200,-200,0,0,0,0,0,0,0,0,0,-0.482975127,0,0,0,0,0,0,0,0,0,0.009615424,0
2024-10-21T12:30:09.716255586Z,AAPL,0,0,0,200,0,0,0,0,0,0,0,0,0,0.50748541,0,0,0,0,0,0,0,-0.053254486,0
2024-10-21T12:30:10.321520576Z,AAPL,0,0,0,200,0,0,0,0,0,0,0,0,0,0.50748541,0,0,0,0,0,0,0,-0.053254486,0
2024-10-21T12:30:10.800024827Z,AAPL,-400,-400,-7,-17,-100,-400,-1,-100,-500,-105,-63,-1.030927835,-0.018041237,-0.043814433,-0.257731959,-1.030927835,-0.00257732,-0.257731959,-1.288659794,-0.270618557,-0.162371134,0.383991895,0
2024-10-21T12:30:10.800051476Z,AAPL,0,0,0,-200,-1200,-1,-505,-10,-100,-15,-110,0,0,-0.54200542,-3.25203252,-0.002710027,-1.368563686,-0.027100271,-0.27100271,-0.040650407,-0.298102981,0.906822507,0
2024-10-21T12:30:10.801218083Z,AAPL,0,0,0,0,0,0,0,0,0,0,0,0,0,0,0,0,0,0,0,0,0,0,-2
2024-10-21T12:30:10.801218083Z,AAPL,-1,-1,0,0,0,0,0,0,0,0,0,-0.002710762,0,0,0,0,0,0,0,0,0,5.40E-05,-1
2024-10-21T12:30:10.801218083Z,AAPL,-1,-1,-105,-1200,-1,-505,-10,-100,-15,-110,-10,-0.002632965,-0.276461295,-3.159557662,-0.002632965,-1.329647183,-0.026329647,-0.263296472,-0.039494471,-0.289626119,-0.026329647,0.57649712,-1
2024-10-21T12:30:10.801242022Z,AAPL,-2,-2,-400,-7,-17,-100,-400,-1,-100,-500,-105,-0.005272871,-1.054574216,-0.018455049,-0.044819404,-0.263643554,-1.054574216,-0.002636436,-0.263643554,-1.31821777,-0.276825732,0.391631275,0
2024-10-21T12:30:10.801249125Z,AAPL,-100,-100,-2,-400,-7,-17,-100,-400,-1,-100,-500,-0.302388872,-0.006047777,-1.209555488,-0.021167221,-0.051406108,-0.302388872,-1.209555488,-0.003023889,-0.302388872,-1.51194436,0.477914408,0
2024-10-21T12:30:10.801255194Z,AAPL,0,0,-100,0,0,0,0,0,0,0,0,0,-0.293513355,0,0,0,0,0,0,0,0,0.018710966,0
2024-10-21T12:30:10.801256016Z,AAPL,0,0,0,-2,-400,-7,-17,-100,-400,-1,-100,0,0,-0.006009615,-1.201923077,-0.021033654,-0.051081731,-0.300480769,-1.201923077,-0.003004808,-0.300480769,0.40874847,0
2024-10-21T12:30:10.801285169Z,AAPL,0,0,100,0,0,0,0,0,0,0,0,0,0.309789343,0,0,0,0,0,0,0,0,-0.019748532,0
2024-10-21T12:30:10.801293865Z,AAPL,0,0,21,2,400,7,17,100,400,1,100,0,0.065055762,0.006195787,1.239157373,0.021685254,0.052664188,0.309789343,1.239157373,0.003097893,0.309789343,-0.425558253,0
2024-10-21T12:30:10.801518640Z,AAPL,0,0,0,0,-400,-7,-17,-100,-400,-1,-100,0,0,0,-1.239157373,-0.021685254,-0.052664188,-0.309789343,-1.239157373,-0.003097893,-0.309789343,0.420760888,0
2024-10-21T12:30:10.801839030Z,AAPL,-14,-14,-21,-2,-100,-400,-7,-17,-100,-400,-1,-0.043330238,-0.064995357,-0.006190034,-0.309501702,-1.238006809,-0.021665119,-0.052615289,-0.309501702,-1.238006809,-0.003095017,0.348580513,0
2024-10-21T12:30:10.801849830Z,AAPL,0,0,0,0,0,0,0,0,0,0,0,0,0,0,0,0,0,0,0,0,0,0,-105
2024-10-21T12:30:10.801849830Z,AAPL,-5,-5,0,0,0,0,0,0,0,0,0,-0.01549907,0,0,0,0,0,0,0,0,0,0.000308567,-100
2024-10-21T12:30:10.801849830Z,AAPL,-100,-100,-1200,-1,-505,-10,-100,-15,-110,-10,-110,-0.309981401,-3.719776813,-0.003099814,-1.565406076,-0.03099814,-0.309981401,-0.04649721,-0.340979541,-0.03099814,-0.340979541,0.65244017,-5
2024-10-21T12:30:10.801875239Z,AAPL,-4,-4,-14,-21,-2,-100,-400,-7,-17,-100,-400,-0.013218771,-0.046265697,-0.069398546,-0.006609385,-0.330469266,-1.321877065,-0.023132849,-0.056179775,-0.330469266,-1.321877065,0.363447513,0
2024-10-21T12:30:10.801885691Z,AAPL,-100,-100,0,0,0,0,0,0,0,0,0,-0.319897633,0,0,0,0,0,0,0,0,0,0.006368757,0
2024-10-21T12:30:10.801887002Z,AAPL,-100,-100,0,0,0,0,0,0,0,0,0,-0.309981401,0,0,0,0,0,0,0,0,0,0.006171337,0
2024-10-21T12:30:10.801896921Z,AAPL,100,100,0,0,0,0,0,0,0,0,0,0.319897633,0,0,0,0,0,0,0,0,0,-0.006368757,0
2024-10-21T12:30:10.801910649Z,AAPL,0,0,0,0,0,0,400,7,17,100,400,0,0,0,0,0,1.167542323,0.020431991,0.049620549,0.291885581,1.167542323,-0.27468973,0
2024-10-21T12:30:10.801912958Z,AAPL,100,100,0,0,0,0,0,0,0,0,0,0.300661455,0,0,0,0,0,0,0,0,0,-0.005985789,0
2024-10-21T12:30:10.801948090Z,AAPL,100,100,0,0,0,0,0,0,0,0,0,0.309981401,0,0,0,0,0,0,0,0,0,-0.006171337,0
2024-10-21T12:30:10.802147907Z,AAPL,4,4,14,21,2,400,7,17,100,400,1,0.012791813,0.044771346,0.06715702,0.006395907,1.279181324,0.022385673,0.054365206,0.319795331,1.279181324,0.003197953,-0.304714773,0
2024-10-21T12:30:10.802168655Z,AAPL,0,0,21,2,400,7,17,100,400,1,100,0,0.065359477,0.006224712,1.244942421,0.021786492,0.052910053,0.311235605,1.244942421,0.003112356,0.311235605,-0.427544987,0
2024-10-21T12:30:10.803071076Z,AAPL,0,0,0,0,0,17,100,400,1,100,500,0,0,0,0,0.04587156,0.269832704,1.079330815,0.002698327,0.269832704,1.349163519,-0.303879383,0
2024-10-21T12:30:10.804124159Z,AAPL,0,0,0,400,17,100,400,1,100,500,105,0,0,1.050144395,0.044631137,0.262536099,1.050144395,0.002625361,0.262536099,1.312680494,0.275662904,-0.431208299,0
2024-10-21T12:30:10.805929875Z,AAPL,21,21,400,17,100,400,1,100,500,105,63,0.054291624,1.034126163,0.043950362,0.258531541,1.034126163,0.002585315,0.258531541,1.292657704,0.271458118,0.162874871,-0.430445997,0
2024-10-21T12:30:10.872155138Z,AAPL,0,0,0,200,505,10,100,15,110,10,110,0,0,0.504032258,1.272681452,0.025201613,0.252016129,0.037802419,0.277217742,0.025201613,0.277217742,-0.385259745,0
2024-10-21T12:30:10.897934717Z,AAPL,0,0,0,200,0,0,0,0,0,0,0,0,0,0.479846449,0,0,0,0,0,0,0,-0.05035411,0
2024-10-21T12:30:10.903766597Z,AAPL,400,400,17,100,400,1,100,500,105,63,60,0.950796292,0.040408842,0.237699073,0.950796292,0.002376991,0.237699073,1.188495365,0.249584027,0.149750416,0.142619444,-0.448006688,0
2024-10-21T12:30:10.925970633Z,AAPL,-400,-400,0,0,0,0,0,0,0,0,0,-0.950796292,0,0,0,0,0,0,0,0,0,0.018929151,0
2024-10-21T12:30:11.987463739Z,AAPL,0,0,0,-200,0,0,0,0,0,0,0,0,0,-0.499126529,0,0,0,0,0,0,0,0.052377322,0
2024-10-21T12:30:11.987474545Z,AAPL,0,0,0,-200,-505,-10,-100,-15,-110,-10,-110,0,0,-0.511901715,-1.29255183,-0.025595086,-0.255950857,-0.038392629,-0.281545943,-0.025595086,-0.281545943,0.391274806,0
2024-10-21T12:30:11.987486150Z,AAPL,0,0,0,200,505,10,100,15,110,10,110,0,0,0.499126529,1.260294485,0.024956326,0.249563264,0.03743449,0.274519591,0.024956326,0.274519591,-0.381510025,0
2024-10-21T12:30:12.806183466Z,AAPL,0,0,-17,-100,-400,-1,-100,-500,-105,-63,-60,0,-0.042994436,-0.252908447,-1.011633789,-0.002529084,-0.252908447,-1.264542236,-0.265553869,-0.159332322,-0.151745068,0.456532423,0
2024-10-21T12:30:13.320141102Z,AAPL,0,0,0,200,0,0,0,0,0,0,0,0,0,0.505816894,0,0,0,0,0,0,0,-0.053079396,0
2024-10-21T12:30:13.926860673Z,AAPL,0,0,200,1,0,0,0,0,0,0,0,0,0.505816894,0.002529084,0,0,0,0,0,0,0,-0.032510345,0
2024-10-21T12:30:33.768570061Z,AAPL,0,0,-200,-1,-505,-10,-100,-15,-110,-10,-110,0,-0.51894136,-0.002594707,-1.310326933,-0.025947068,-0.25947068,-0.038920602,-0.285417748,-0.025947068,-0.285417748,0.375552839,0
2024-10-21T12:30:33.768615671Z,AAPL,-400,-400,-7,-17,-100,-400,-1,-100,-500,-105,-63,-1.054574216,-0.018455049,-0.044819404,-0.263643554,-1.054574216,-0.002636436,-0.263643554,-1.31821777,-0.276825732,-0.166095439,0.392799513,0
2024-10-21T12:30:33.772724890Z,AAPL,400,400,7,17,100,400,1,100,500,105,63,1.037882719,0.018162948,0.044110016,0.25947068,1.037882719,0.002594707,0.25947068,1.297353399,0.272444214,0.163466528,-0.386582395,0
2024-10-21T12:30:33.841886930Z,AAPL,0,0,0,0,400,0,0,0,0,0,0,0,0,0,0.94029149,0,0,0,0,0,0,-0.1793323,0
2024-10-21T12:30:33.993763813Z,AAPL,0,0,0,0,200,10,100,15,110,10,110,0,0,0,0.505816894,0.025290845,0.252908447,0.037936267,0.278199292,0.025290845,0.278199292,-0.18642869,0
2024-10-21T12:30:34.613890939Z,AAPL,0,0,0,0,200,0,0,0,0,0,0,0,0,0,0.481463649,0,0,0,0,0,0,-0.0918247,0
2024-10-21T12:30:34.668094071Z,AAPL,0,0,0,0,-200,0,0,0,0,0,0,0,0,0,-0.505816894,0,0,0,0,0,0,0.096469348,0
2024-10-21T12:30:34.668106643Z,AAPL,0,0,0,200,505,0,0,0,0,0,0,0,0,0.505816894,1.277187658,0,0,0,0,0,0,-0.2966645,0
2024-10-21T12:30:35.853859462Z,AAPL,0,0,17,100,400,1,100,500,105,63,60,0,0.042425755,0.249563264,0.998253057,0.002495633,0.249563264,1.247816321,0.262041428,0.157224857,0.149737959,-0.450493935,0
2024-10-21T12:30:36.897088633Z,AAPL,0,0,0,200,0,0,0,0,0,0,0,0,0,0.499126529,0,0,0,0,0,0,0,-0.052377322,0
2024-10-21T12:30:37.857289497Z,AAPL,-7,-7,0,0,0,0,0,0,0,0,0,-0.017438964,0,0,0,0,0,0,0,0,0,0.000347188,0
2024-10-21T12:30:37.932904919Z,AAPL,400,400,0,0,0,0,0,0,0,0,0,1.106806862,0,0,0,0,0,0,0,0,0,-0.022035124,0
2024-10-21T12:30:37.932917819Z,AAPL,0,0,-17,-100,-400,-1,-100,-500,-105,-63,-60,0,-0.045285029,-0.266382525,-1.065530101,-0.002663825,-0.266382525,-1.331912627,-0.279701652,-0.167820991,-0.159829515,0.480854875,0
2024-10-21T12:30:40.401633392Z,AAPL,0,0,0,200,0,0,0,0,0,0,0,0,0,0.532765051,0,0,0,0,0,0,0,-0.055907281,0
2024-10-21T12:30:40.472627145Z,AAPL,0,0,-200,0,0,0,0,0,0,0,0,0,-0.505816894,0,0,0,0,0,0,0,0,0.032244948,0
2024-10-21T12:30:40.523757097Z,AAPL,0,0,200,0,0,0,0,0,0,0,0,0,0.532765051,0,0,0,0,0,0,0,0,-0.033962846,0
2024-10-21T12:30:40.523770024Z,AAPL,-7,-7,-200,0,0,0,0,0,0,0,0,-0.018646777,-0.532765051,0,0,0,0,0,0,0,0,0.034334079,0
2024-10-21T12:30:40.959299618Z,AAPL,7,7,17,100,400,1,100,500,105,63,60,0.01936912,0.047039292,0.276701716,1.106806862,0.002767017,0.276701716,1.383508578,0.290536801,0.174322081,0.166021029,-0.499867961,0
2024-10-21T12:30:40.959311816Z,AAPL,0,0,-200,0,0,0,0,0,0,0,0,0,-0.524383849,0,0,0,0,0,0,0,0,0.033428559,0
2024-10-21T12:30:40.959659070Z,AAPL,0,0,-200,0,0,0,0,0,0,0,0,0,-0.498256104,0,0,0,0,0,0,0,0,0.03176296,0
2024-10-21T12:30:41.011299851Z,AAPL,0,0,200,0,0,0,0,0,0,0,0,0,0.524383849,0,0,0,0,0,0,0,0,-0.033428559,0
2024-10-21T12:30:41.011312427Z,AAPL,0,0,-217,-100,-400,-1,-100,-500,-105,-63,-60,0,-0.54881133,-0.252908447,-1.011633789,-0.002529084,-0.252908447,-1.264542236,-0.265553869,-0.159332322,-0.151745068,0.48877737,0
2024-10-21T12:30:42.852800519Z,AAPL,0,0,0,200,0,0,0,0,0,0,0,0,0,0.505816894,0,0,0,0,0,0,0,-0.053079396,0
2024-10-21T12:30:42.911106065Z,AAPL,0,0,0,-200,-505,-10,-100,-15,-110,-10,-110,0,0,-0.51894136,-1.310326933,-0.025947068,-0.25947068,-0.038920602,-0.285417748,-0.025947068,-0.285417748,0.396655596,0
2024-10-21T12:30:42.911118704Z,AAPL,0,0,0,200,505,10,100,15,110,10,110,0,0,0.505816894,1.277187658,0.025290845,0.252908447,0.037936267,0.278199292,0.025290845,0.278199292,-0.386623841,0
2024-10-21T12:30:43.077759194Z,AAPL,-7,-7,-400,-17,-100,-400,-1,-100,-500,-105,-63,-0.017539464,-1.002255074,-0.042595841,-0.250563768,-1.002255074,-0.002505638,-0.250563768,-1.252818842,-0.263091957,-0.157855174,0.416481557,0
2024-10-21T12:30:43.077845659Z,AAPL,-100,-100,-7,-400,-17,-100,-400,-1,-100,-500,-105,-0.257201646,-0.018004115,-1.028806584,-0.04372428,-0.257201646,-1.028806584,-0.002572016,-0.257201646,-1.28600823,-0.270061728,0.428714898,0
2024-10-21T12:30:43.077853974Z,AAPL,0,0,0,-7,-400,-17,-100,-400,-1,-100,-500,0,0,-0.020497804,-1.171303075,-0.049780381,-0.292825769,-1.171303075,-0.002928258,-0.292825769,-1.464128843,0.555315448,0
2024-10-21T12:30:43.077880864Z,AAPL,0,0,0,-200,-505,-10,-100,-15,-110,-10,-110,0,0,-0.60331825,-1.523378582,-0.030165913,-0.301659125,-0.045248869,-0.331825038,-0.030165913,-0.331825038,0.461149523,0
2024-10-21T12:30:43.078169970Z,AAPL,0,0,27,7,400,17,100,400,1,100,500,0,0.072678331,0.01884253,1.076716016,0.045760431,0.269179004,1.076716016,0.00269179,0.269179004,1.34589502,-0.515104788,0
2024-10-21T12:30:43.081947674Z,AAPL,0,0,7,400,17,100,400,1,100,500,105,0,0.018455049,1.054574216,0.044819404,0.263643554,1.054574216,0.002636436,0.263643554,1.31821777,0.276825732,-0.434203741,0
2024-10-21T12:30:43.081952786Z,AAPL,7,7,400,17,100,400,1,100,500,105,63,0.018162948,1.037882719,0.044110016,0.25947068,1.037882719,0.002594707,0.25947068,1.297353399,0.272444214,0.163466528,-0.431286428,0
2024-10-21T12:30:43.145229452Z,AAPL,0,0,0,400,505,10,100,15,110,10,110,0,0,0.962927299,1.215695715,0.024073182,0.240731825,0.036109774,0.264805007,0.024073182,0.264805007,-0.418533125,0
2024-10-21T12:30:51.064507066Z,AAPL,-7,-7,-400,0,0,0,0,0,0,0,0,-0.017703591,-1.011633789,0,0,0,0,0,0,0,0,0.064842351,0
2024-10-21T12:30:51.126612912Z,AAPL,0,0,17,100,400,1,100,500,105,63,60,0,0.042425755,0.249563264,0.998253057,0.002495633,0.249563264,1.247816321,0.262041428,0.157224857,0.149737959,-0.450493935,0
2024-10-21T12:30:53.132658845Z,AAPL,-200,-200,-17,-100,-400,-1,-100,-500,-105,-63,-60,-0.505816894,-0.042994436,-0.252908447,-1.011633789,-0.002529084,-0.252908447,-1.264542236,-0.265553869,-0.159332322,-0.151745068,0.466602597,0
2024-10-21T12:30:53.158946223Z,AAPL,0,0,17,100,400,1,100,500,105,63,60,0,0.044572627,0.262191924,1.048767698,0.002621919,0.262191924,1.310959622,0.275301521,0.165180912,0.157315155,-0.473290299,0
2024-10-21T12:30:53.158960124Z,AAPL,0,0,-17,-100,-400,-1,-100,-500,-105,-63,-60,0,-0.04092441,-0.240731825,-0.962927299,-0.002407318,-0.240731825,-1.203659124,-0.252768416,-0.15166105,-0.144439095,0.434552046,0
2024-10-21T12:30:54.724993656Z,AAPL,0,0,0,400,0,0,0,0,0,0,0,0,0,0.962927299,0,0,0,0,0,0,0,-0.101047632,0
2024-10-21T12:30:57.249970057Z,AAPL,0,0,-400,0,0,0,0,0,0,0,0,0,-1.011633789,0,0,0,0,0,0,0,0,0.064489895,0
2024-10-21T12:30:59.735648884Z,AAPL,0,0,-200,0,0,0,0,0,0,0,0,0,-0.505816894,0,0,0,0,0,0,0,0,0.032244948,0
2024-10-21T12:31:00.041878233Z,AAPL,-7,-7,-200,0,0,0,0,0,0,0,0,-0.017703591,-0.505816894,0,0,0,0,0,0,0,0,0.032597404,0
2024-10-21T12:31:00.098753103Z,AAPL,0,0,17,100,400,1,100,500,105,63,60,0,0.042425755,0.249563264,0.998253057,0.002495633,0.249563264,1.247816321,0.262041428,0.157224857,0.149737959,-0.450493935,0
2024-10-21T12:31:00.156687698Z,AAPL,17,17,100,400,1,100,500,105,63,60,1,0.044642857,0.262605042,1.050420168,0.00262605,0.262605042,1.31302521,0.275735294,0.165441176,0.157563025,0.00262605,-0.387937124,0
2024-10-21T12:31:00.156700602Z,AAPL,-17,-17,-100,-400,-1,-100,-500,-105,-63,-60,-1,-0.042425755,-0.249563264,-0.998253057,-0.002495633,-0.249563264,-1.247816321,-0.262041428,-0.157224857,-0.149737959,-0.002495633,0.368670967,0
2024-10-21T12:31:00.172626181Z,AAPL,17,17,100,400,1,100,500,105,63,60,1,0.044642857,0.262605042,1.050420168,0.00262605,0.262605042,1.31302521,0.275735294,0.165441176,0.157563025,0.00262605,-0.387937124,0
2024-10-21T12:31:00.172638682Z,AAPL,-17,-17,-100,-400,-1,-100,-500,-105,-63,-60,-1,-0.040408842,-0.237699073,-0.950796292,-0.002376991,-0.237699073,-1.188495365,-0.249584027,-0.149750416,-0.142619444,-0.002376991,0.351144418,0
2024-10-21T12:31:00.400232797Z,AAPL,-400,-400,0,0,0,0,0,0,0,0,0,-0.998253057,0,0,0,0,0,0,0,0,0,0.019873955,0
2024-10-21T12:31:00.880934995Z,AAPL,17,17,100,400,1,100,500,105,63,60,1,0.044642857,0.262605042,1.050420168,0.00262605,0.262605042,1.31302521,0.275735294,0.165441176,0.157563025,0.00262605,-0.387937124,0
2024-10-21T12:31:00.880948262Z,AAPL,-17,-17,-100,-400,-1,-100,-500,-105,-63,-60,-1,-0.040408842,-0.237699073,-0.950796292,-0.002376991,-0.237699073,-1.188495365,-0.249584027,-0.149750416,-0.142619444,-0.002376991,0.351144418,0
2024-10-21T12:31:01.118555295Z,AAPL,-400,-400,0,0,0,0,0,0,0,0,0,-0.998253057,0,0,0,0,0,0,0,0,0,0.019873955,0
2024-10-21T12:31:01.146597464Z,AAPL,-200,-200,0,0,0,0,0,0,0,0,0,-0.499126529,0,0,0,0,0,0,0,0,0,0.009936977,0
2024-10-21T12:31:01.698782682Z,AAPL,10,10,1200,1,400,505,10,100,15,110,10,0.025595086,3.071410289,0.002559509,1.02380343,1.29255183,0.025595086,0.255950857,0.038392629,0.281545943,0.025595086,-0.612269646,0
2024-10-21T12:31:02.104600327Z,AAPL,-200,-200,-17,-100,-400,-1,-100,-500,-105,-63,-60,-0.51894136,-0.044110016,-0.25947068,-1.037882719,-0.002594707,-0.25947068,-1.297353399,-0.272444214,-0.163466528,-0.155682408,0.478709566,0
2024-10-21T12:31:02.286559844Z,AAPL,0,0,17,100,400,1,100,500,105,63,60,0,0.045772752,0.269251481,1.077005924,0.002692515,0.269251481,1.346257404,0.282714055,0.169628433,0.161550889,-0.48603371,0
2024-10-21T12:31:02.286572345Z,AAPL,0,0,-17,-100,-400,-1,-100,-500,-105,-63,-60,0,-0.044110016,-0.25947068,-1.037882719,-0.002594707,-0.25947068,-1.297353399,-0.272444214,-0.163466528,-0.155682408,0.468378101,0
2024-10-21T12:31:02.297066314Z,AAPL,0,0,17,100,400,1,100,500,105,63,60,0,0.045772752,0.269251481,1.077005924,0.002692515,0.269251481,1.346257404,0.282714055,0.169628433,0.161550889,-0.48603371,0
2024-10-21T12:31:02.297079450Z,AAPL,0,0,-17,-100,-400,-1,-100,-500,-105,-63,-60,0,-0.041933892,-0.246669956,-0.986679822,-0.0024667,-0.246669956,-1.233349778,-0.259003453,-0.155402072,-0.148001973,0.44527114,0
2024-10-21T12:31:02.320854035Z,AAPL,0,0,0,0,200,0,0,0,0,0,0,0,0,0,0.51894136,0,0,0,0,0,0,-0.098972445,0
2024-10-21T12:31:03.261814629Z,AAPL,0,0,0,0,200,0,0,0,0,0,0,0,0,0,0.493339911,0,0,0,0,0,0,-0.094089739,0
2024-10-21T12:31:03.312554281Z,AAPL,0,0,0,200,1,0,0,0,0,0,0,0,0,0.51894136,0.002594707,0,0,0,0,0,0,-0.054951513,0
2024-10-21T12:31:05.971386477Z,AAPL,0,0,-400,0,0,0,0,0,0,0,0,0,-1.037882719,0,0,0,0,0,0,0,0,0.066163219,0
2024-10-21T12:31:10.467431005Z,AAPL,-7,-7,-400,-17,-100,-400,-1,-100,-500,-105,-63,-0.018200728,-1.040041602,-0.044201768,-0.2600104,-1.040041602,-0.002600104,-0.2600104,-1.300052002,-0.27301092,-0.163806552,0.432183539,0
2024-10-21T12:31:10.467497398Z,AAPL,0,0,0,0,0,0,0,0,0,0,0,0,0,0,0,0,0,0,0,0,0,0,-10
2024-10-21T12:31:10.467497398Z,AAPL,-10,-10,-1200,-200,-1,-505,-10,-100,-15,-110,-10,-0.025342119,-3.041054232,-0.506842372,-0.002534212,-1.279776989,-0.025342119,-0.253421186,-0.038013178,-0.278763305,-0.025342119,0.466292867,0
2024-10-21T12:31:10.467519660Z,AAPL,-55,-55,-7,-400,-17,-100,-400,-1,-100,-500,-105,-0.139558488,-0.017761989,-1.01497082,-0.04313626,-0.253742705,-1.01497082,-0.002537427,-0.253742705,-1.268713524,-0.26642984,0.420676121,0
2024-10-21T12:31:10.467521772Z,AAPL,-100,-100,-55,-7,-400,-17,-100,-400,-1,-100,-500,-0.290023202,-0.159512761,-0.020301624,-1.160092807,-0.049303944,-0.290023202,-1.160092807,-0.002900232,-0.290023202,-1.450116009,0.56594331,0
2024-10-21T12:31:10.467536010Z,AAPL,0,0,-77,0,0,0,0,0,0,0,0,0,-0.218439716,0,0,0,0,0,0,0,0,0.013925152,0
2024-10-21T12:31:10.467551632Z,AAPL,0,0,100,0,0,0,0,0,0,0,0,0,0.291970803,0,0,0,0,0,0,0,0,-0.018612631,0
2024-10-21T12:31:10.467575929Z,AAPL,0,0,-200,-1,-505,-10,-100,-15,-110,-10,-110,0,-0.601503759,-0.003007519,-1.518796992,-0.030075188,-0.30075188,-0.045112782,-0.330827068,-0.030075188,-0.330827068,0.435302448,0
2024-10-21T12:31:10.471173647Z,AAPL,0,0,0,0,400,17,100,400,1,100,500,0,0,0,1.047668937,0.04452593,0.261917234,1.047668937,0.002619172,0.261917234,1.309586171,-0.494776479,0
2024-10-21T12:31:10.471527171Z,AAPL,0,0,0,400,17,100,400,1,100,500,105,0,0,1.034126163,0.043950362,0.258531541,1.034126163,0.002585315,0.258531541,1.292657704,0.271458118,-0.424630923,0
2024-10-21T12:31:10.525425470Z,AAPL,0,0,200,1,505,10,100,15,110,10,110,0,0.504032258,0.002520161,1.272681452,0.025201613,0.252016129,0.037802419,0.277217742,0.025201613,0.277217742,-0.364763266,0
2024-10-21T12:31:10.538626301Z,AAPL,0,0,-200,-1,-505,-10,-100,-15,-110,-10,-110,0,-0.517063082,-0.002585315,-1.305584281,-0.025853154,-0.258531541,-0.038779731,-0.284384695,-0.025853154,-0.284384695,0.374193547,0
2024-10-21T12:31:10.538638966Z,AAPL,0,0,0,400,505,10,100,15,110,10,110,0,0,0.959692898,1.211612284,0.023992322,0.239923225,0.035988484,0.263915547,0.023992322,0.263915547,-0.417127303,0
2024-10-21T12:31:10.567605274Z,AAPL,77,77,400,17,100,400,1,100,500,105,63,0.182291667,0.946969697,0.040246212,0.236742424,0.946969697,0.002367424,0.236742424,1.183712121,0.248579545,0.149147727,-0.396807293,0
2024-10-21T12:31:10.567631078Z,AAPL,400,400,17,100,400,1,100,500,105,63,60,0.950796292,0.040408842,0.237699073,0.950796292,0.002376991,0.237699073,1.188495365,0.249584027,0.149750416,0.142619444,-0.448006688,0
2024-10-21T12:31:12.174575957Z,AAPL,0,0,0,400,0,0,0,0,0,0,0,0,0,0.950796292,0,0,0,0,0,0,0,-0.099774628,0
2024-10-21T12:31:12.184589806Z,AAPL,0,0,400,-400,-505,-10,-100,-15,-110,-10,-110,0,0.928720687,-0.928720687,-1.172509868,-0.023218017,-0.232180172,-0.034827026,-0.255398189,-0.023218017,-0.255398189,0.344461006,0
2024-10-21T12:31:12.475429772Z,AAPL,-400,-400,-17,-100,-400,-1,-100,-500,-105,-63,-60,-0.94029149,-0.039962388,-0.235072873,-0.94029149,-0.002350729,-0.235072873,-1.175364363,-0.246826516,-0.14809591,-0.141043724,0.44305692,0
2024-10-21T12:31:12.508130141Z,AAPL,0,0,-400,0,0,0,0,0,0,0,0,0,-1.037882719,0,0,0,0,0,0,0,0,0.066163219,0
2024-10-21T12:31:12.508143118Z,AAPL,0,0,0,400,505,10,100,15,110,10,110,0,0,0.962927299,1.215695715,0.024073182,0.240731825,0.036109774,0.264805007,0.024073182,0.264805007,-0.418533125,0
2024-10-21T12:31:12.564024144Z,AAPL,0,0,0,200,0,0,0,0,0,0,0,0,0,0.505816894,0,0,0,0,0,0,0,-0.053079396,0
2024-10-21T12:31:13.593602346Z,AAPL,0,0,200,-200,-505,-10,-100,-15,-110,-10,-110,0,0.493339911,-0.493339911,-1.245683276,-0.024666996,-0.246669956,-0.037000493,-0.271336951,-0.024666996,-0.271336951,0.345637431,0
2024-10-21T12:31:15.015468720Z,AAPL,0,0,-200,0,0,0,0,0,0,0,0,0,-0.51894136,0,0,0,0,0,0,0,0,0.033081609,0
2024-10-21T12:31:15.015480988Z,AAPL,0,0,0,200,505,10,100,15,110,10,110,0,0,0.505816894,1.277187658,0.025290845,0.252908447,0.037936267,0.278199292,0.025290845,0.278199292,-0.386623841,0
2024-10-21T12:31:16.945691674Z,AAPL,-7,-7,-400,-17,-100,-400,-1,-100,-500,-105,-63,-0.017944117,-1.025378108,-0.04357857,-0.256344527,-1.025378108,-0.002563445,-0.256344527,-1.281722635,-0.269161753,-0.161497052,0.426090206,0
2024-10-21T12:31:18.603058995Z,AAPL,0,0,0,17,100,400,1,100,500,105,63,0,0,0.047699214,0.280583614,1.122334456,0.002805836,0.280583614,1.40291807,0.294612795,0.176767677,-0.394441985,0
2024-10-21T12:31:18.603071495Z,AAPL,0,0,0,-17,-100,-400,-1,-100,-500,-105,-63,0,0,-0.04357857,-0.256344527,-1.025378108,-0.002563445,-0.256344527,-1.281722635,-0.269161753,-0.161497052,0.36036689,0
2024-10-21T12:31:18.660460803Z,AAPL,0,0,0,200,0,0,0,0,0,0,0,0,0,0.512689054,0,0,0,0,0,0,0,-0.053800546,0
2024-10-21T12:31:18.669906311Z,AAPL,0,0,0,-200,-505,-10,-100,-15,-110,-10,-110,0,0,-0.526177322,-1.328597737,-0.026308866,-0.263088661,-0.039463299,-0.289397527,-0.026308866,-0.289397527,0.402186443,0
2024-10-21T12:31:18.669917997Z,AAPL,0,0,0,400,505,10,100,15,110,10,110,0,0,0.975371861,1.231406974,0.024384297,0.243842965,0.036576445,0.268227262,0.024384297,0.268227262,-0.423942112,0
2024-10-21T12:31:19.089550857Z,AAPL,-10,-10,0,0,0,0,0,0,0,0,0,-0.024324982,0,0,0,0,0,0,0,0,0,0.00048428,0
2024-10-21T12:31:20.603309467Z,AAPL,0,0,400,17,100,400,1,100,500,105,63,0,0.959923206,0.040796736,0.239980802,0.959923206,0.002399808,0.239980802,1.199904008,0.251979842,0.151187905,-0.398556343,0
2024-10-21T12:31:22.606580635Z,AAPL,0,0,0,-17,-100,-400,-1,-100,-500,-105,-63,0,0,-0.041352469,-0.243249818,-0.97299927,-0.002432498,-0.243249818,-1.216249088,-0.255412308,-0.153247385,0.341958462,0
2024-10-21T12:31:27.506013569Z,AAPL,0,0,-400,0,0,0,0,0,0,0,0,0,-1.022756328,0,0,0,0,0,0,0,0,0.065198938,0
2024-10-21T12:31:31.003647553Z,AAPL,-20,-20,-200,-7,-17,-100,-400,-1,-100,-500,-105,-0.052479664,-0.524796641,-0.018367882,-0.044607715,-0.262398321,-1.049593283,-0.002623983,-0.262398321,-1.311991603,-0.275518237,0.357266984,0
2024-10-21T12:31:31.007751363Z,AAPL,20,20,200,7,17,100,400,1,100,500,105,0.051137816,0.511378164,0.017898236,0.043467144,0.255689082,1.022756328,0.002556891,0.255689082,1.27844541,0.268473536,-0.348132057,0
2024-10-21T12:31:33.219286515Z,AAPL,0,0,7,17,100,400,1,100,500,105,63,0,0.01854796,0.045045045,0.264970853,1.059883413,0.002649709,0.264970853,1.324854266,0.278219396,0.166931638,-0.373676103,0
2024-10-21T12:31:33.219299014Z,AAPL,0,0,-7,-17,-100,-400,-1,-100,-500,-105,-63,0,-0.017898236,-0.043467144,-0.255689082,-1.022756328,-0.002556891,-0.255689082,-1.27844541,-0.268473536,-0.161084122,0.360586452,0
2024-10-21T12:31:33.219384692Z,AAPL,0,0,7,17,100,400,1,100,500,105,63,0,0.01854796,0.045045045,0.264970853,1.059883413,0.002649709,0.264970853,1.324854266,0.278219396,0.166931638,-0.373676103,0
2024-10-21T12:31:33.219396602Z,AAPL,0,0,-7,-17,-100,-400,-1,-100,-500,-105,-63,0,-0.017027487,-0.041352469,-0.243249818,-0.97299927,-0.002432498,-0.243249818,-1.216249088,-0.255412308,-0.153247385,0.343043934,0
2024-10-21T12:31:33.283679402Z,AAPL,0,0,-400,0,0,0,0,0,0,0,0,0,-1.022756328,0,0,0,0,0,0,0,0,0.065198938,0
2024-10-21T12:31:36.129038634Z,AAPL,0,0,0,17,100,400,1,100,500,105,63,0,0,0.042853542,0.252079657,1.008318629,0.002520797,0.252079657,1.260398286,0.26468364,0.158810184,-0.354371373,0
2024-10-21T12:31:38.015553779Z,AAPL,0,0,0,-200,0,0,0,0,0,0,0,0,0,-0.530926467,0,0,0,0,0,0,0,0.055714343,0
2024-10-21T12:31:38.131960021Z,AAPL,0,0,0,-17,-100,-400,-1,-100,-500,-105,-63,0,0,-0.045809755,-0.269469146,-1.077876583,-0.002694691,-0.269469146,-1.347345729,-0.282942603,-0.169765562,0.378817364,0
2024-10-21T12:31:39.147851742Z,AAPL,0,0,0,200,0,0,0,0,0,0,0,0,0,0.511378164,0,0,0,0,0,0,0,-0.053662984,0
2024-10-21T12:31:39.834158320Z,AAPL,0,0,0,-200,0,0,0,0,0,0,0,0,0,-0.538938292,0,0,0,0,0,0,0,0.056555088,0
2024-10-21T12:31:39.834169303Z,AAPL,0,0,0,-200,-505,-10,-100,-15,-110,-10,-110,0,0,-0.553863196,-1.398504569,-0.02769316,-0.276931598,-0.04153974,-0.304624758,-0.02769316,-0.304624758,0.423348288,0
2024-10-21T12:31:39.834181341Z,AAPL,0,0,0,200,505,10,100,15,110,10,110,0,0,0.538938292,1.360819186,0.026946915,0.269469146,0.040420372,0.29641606,0.026946915,0.29641606,-0.411940358,0
2024-10-21T12:31:40.907996076Z,AAPL,0,0,0,200,0,0,0,0,0,0,0,0,0,0.511378164,0,0,0,0,0,0,0,-0.053662984,0
2024-10-21T12:31:40.962639115Z,AAPL,0,0,0,-200,0,0,0,0,0,0,0,0,0,-0.538938292,0,0,0,0,0,0,0,0.056555088,0
2024-10-21T12:31:40.962651822Z,AAPL,0,0,0,400,0,0,0,0,0,0,0,0,0,1.022756328,0,0,0,0,0,0,0,-0.107325968,0
2024-10-21T12:31:41.070734248Z,AAPL,0,0,0,200,0,0,0,0,0,0,0,0,0,0.538938292,0,0,0,0,0,0,0,-0.056555088,0
2024-10-21T12:31:45.869832455Z,AAPL,15,15,1200,1,200,505,10,100,15,110,10,0.041482301,3.318584071,0.002765487,0.553097345,1.396570796,0.027654867,0.276548673,0.041482301,0.30420354,0.027654867,-0.556331068,0
2024-10-21T12:31:45.873939488Z,AAPL,-15,-15,-1200,-1,-200,-505,-10,-100,-15,-110,-10,-0.040420372,-3.233629749,-0.002694691,-0.538938292,-1.360819186,-0.026946915,-0.269469146,-0.040420372,-0.29641606,-0.026946915,0.542089232,0
2024-10-21T12:31:45.941769646Z,AAPL,0,0,0,-200,-505,-10,-100,-15,-110,-10,-110,0,0,-0.553863196,-1.398504569,-0.02769316,-0.276931598,-0.04153974,-0.304624758,-0.02769316,-0.304624758,0.423348288,0
2024-10-21T12:31:45.941781796Z,AAPL,0,0,0,400,505,10,100,15,110,10,110,0,0,1.022756328,1.291229864,0.025568908,0.255689082,0.038353362,0.28125799,0.025568908,0.28125799,-0.444537612,0
2024-10-21T12:31:48.996666200Z,AAPL,200,200,0,-400,-505,-10,-100,-15,-110,-10,-110,0.524796641,0,-1.049593283,-1.325111519,-0.026239832,-0.262398321,-0.039359748,-0.288638153,-0.026239832,-0.288638153,0.445754167,0
2024-10-21T12:31:49.143737320Z,AAPL,0,0,0,17,100,400,1,100,500,105,63,0,0,0.043961727,0.258598397,1.034393587,0.002585984,0.258598397,1.292991983,0.271528317,0.16291699,-0.36353536,0
2024-10-21T12:31:51.146504844Z,AAPL,0,0,0,-17,-100,-400,-1,-100,-500,-105,-63,0,0,-0.044607715,-0.262398321,-1.049593283,-0.002623983,-0.262398321,-1.311991603,-0.275518237,-0.165310942,0.36887726,0
2024-10-21T12:31:52.622166042Z,AAPL,0,0,-200,0,0,0,0,0,0,0,0,0,-0.524796641,0,0,0,0,0,0,0,0,0.033454873,0
2024-10-21T12:31:55.540346724Z,AAPL,7,7,0,0,0,0,0,0,0,0,0,0.018334206,0,0,0,0,0,0,0,0,0,-0.000365011,0
2024-10-21T12:32:04.030002963Z,AAPL,0,0,0,17,100,400,1,100,500,105,63,0,0,0.043882292,0.258131131,1.032524522,0.002581311,0.258131131,1.290655653,0.271037687,0.162622612,-0.362878481,0
2024-10-21T12:32:05.348083000Z,AAPL,-200,-200,0,0,0,0,0,0,0,0,0,-0.544365814,0,0,0,0,0,0,0,0,0,0.010837634,0
2024-10-21T12:32:05.348095069Z,AAPL,0,0,0,400,505,10,100,15,110,10,110,0,0,1.006542526,1.27075994,0.025163563,0.251635632,0.037745345,0.276799195,0.025163563,0.276799195,-0.437490337,0
2024-10-21T12:32:05.979188085Z,AAPL,40,40,1207,1,400,505,10,100,15,110,10,0.102459016,3.09170082,0.002561475,1.024590164,1.293545082,0.025614754,0.256147541,0.038422131,0.281762295,0.025614754,-0.615413039,0
2024-10-21T12:32:06.032805816Z,AAPL,0,0,0,0,0,0,0,0,-500,-105,-63,0,0,0,0,0,0,0,-1.299376299,-0.272869023,-0.163721414,0.151315374,0
2024-10-21T12:32:07.542071110Z,AAPL,0,0,17,100,400,1,100,7,500,105,63,0,0.045809755,0.269469146,1.077876583,0.002694691,0.269469146,0.01886284,1.347345729,0.282942603,0.169765562,-0.430508077,0
2024-10-21T12:32:07.542083244Z,AAPL,0,0,-17,-100,-400,-1,-100,-7,-500,-105,-63,0,-0.044178794,-0.25987526,-1.03950104,-0.002598753,-0.25987526,-0.018191268,-1.299376299,-0.272869023,-0.163721414,0.415180737,0
2024-10-21T12:32:07.598649034Z,AAPL,0,0,0,0,400,0,0,0,0,0,0,0,0,0,1.03950104,0,0,0,0,0,0,-0.198253536,0
2024-10-21T12:32:07.665482103Z,AAPL,0,0,-200,0,0,0,0,0,0,0,0,0,-0.51975052,0,0,0,0,0,0,0,0,0.033133192,0
2024-10-21T12:32:08.403235695Z,AAPL,0,0,0,200,-400,-505,-10,-100,-15,-110,-10,0,0,0.532197978,-1.064395955,-1.343799894,-0.026609899,-0.266098989,-0.039914848,-0.292708888,-0.026609899,0.376328416,0
2024-10-21T12:32:11.088924820Z,AAPL,10,10,0,0,0,0,0,0,0,0,0,0.026680896,0,0,0,0,0,0,0,0,0,-0.000531183,0
2024-10-21T12:32:11.127329051Z,AAPL,0,0,0,200,1,505,10,100,15,110,10,0,0,0.549752611,0.002748763,1.388125344,0.027487631,0.274876306,0.041231446,0.302363936,0.027487631,-0.294948225,0
2024-10-21T12:32:11.560345813Z,AAPL,0,0,0,200,0,0,0,0,0,0,0,0,0,0.521104742,0,0,0,0,0,0,0,-0.054683671,0
2024-10-21T12:32:11.562209891Z,AAPL,0,0,17,100,400,1,100,7,500,105,63,0,0.045933531,0.270197244,1.080788976,0.002701972,0.270197244,0.018913807,1.35098622,0.283707106,0.170224264,-0.431671298,0
2024-10-21T12:32:11.562224326Z,AAPL,0,0,-17,-100,-400,-1,-100,-7,-500,-105,-63,0,-0.04210005,-0.24764735,-0.990589401,-0.002476474,-0.24764735,-0.017335315,-1.238236751,-0.260029718,-0.156017831,0.395645239,0
2024-10-21T12:32:11.610968597Z,AAPL,0,0,0,-200,0,0,0,0,0,0,0,0,0,-0.521104742,0,0,0,0,0,0,0,0.054683671,0
2024-10-21T12:32:11.610981426Z,AAPL,0,0,200,1207,0,0,0,0,0,0,0,0,0.521104742,3.144867118,0,0,0,0,0,0,0,-0.363235478,0
2024-10-21T12:32:11.648070870Z,AAPL,0,0,-400,0,0,0,0,0,0,0,0,0,-1.099505223,0,0,0,0,0,0,0,0,0.070091546,0
2024-10-21T12:32:14.797225568Z,AAPL,200,200,17,100,400,1,100,7,500,105,63,0.541858575,0.046057979,0.270929287,1.08371715,0.002709293,0.270929287,0.01896505,1.354646437,0.284475752,0.170685451,-0.44362854,0
2024-10-21T12:32:14.798092831Z,AAPL,-200,-200,-17,-100,-400,-1,-100,-7,-500,-105,-63,-0.549752611,-0.046728972,-0.274876306,-1.099505223,-0.002748763,-0.274876306,-0.019241341,-1.374381528,-0.288620121,-0.173172073,0.450091518,0
2024-10-21T12:32:18.141468975Z,AAPL,0,0,0,0,0,0,0,0,0,0,0,0,0,0,0,0,0,0,0,0,0,0,-40
2024-10-21T12:32:18.141468975Z,AAPL,-40,-40,-200,-1207,-1,-505,-10,-100,-15,-110,-10,-0.107874865,-0.539374326,-3.255124056,-0.002696872,-1.361920173,-0.026968716,-0.269687163,-0.040453074,-0.296655879,-0.026968716,0.610897242,0
2024-10-21T12:32:18.141491360Z,AAPL,-10,-10,-200,-17,-100,-400,-1,-100,-7,-500,-105,-0.027005131,-0.540102619,-0.045908723,-0.27005131,-1.080205239,-0.002700513,-0.27005131,-0.018903592,-1.350256549,-0.283553875,0.385458767,0
2024-10-21T12:32:18.141532732Z,AAPL,10,10,200,17,100,400,1,100,7,500,105,0.026968716,0.539374326,0.045846818,0.269687163,1.078748652,0.002696872,0.269687163,0.018878101,1.348435814,0.283171521,-0.384939001,0
2024-10-21T12:32:18.141539068Z,AAPL,-200,-200,-1207,-1,-505,-10,-100,-15,-110,-10,-110,-0.554323725,-3.345343681,-0.002771619,-1.399667406,-0.027716186,-0.277161863,-0.041574279,-0.304878049,-0.027716186,-0.304878049,0.590117267,0
2024-10-21T12:32:18.152822419Z,AAPL,-10,-10,-200,-17,-100,-400,-1,-100,-7,-500,-105,-0.02853067,-0.570613409,-0.04850214,-0.285306705,-1.141226819,-0.002853067,-0.285306705,-0.019971469,-1.426533524,-0.29957204,0.407233613,0
2024-10-21T12:32:18.152831190Z,AAPL,-2,-2,-10,-200,-17,-100,-400,-1,-100,-7,-500,-0.006441224,-0.032206119,-0.644122383,-0.054750403,-0.322061192,-1.288244767,-0.003220612,-0.322061192,-0.022544283,-1.610305958,0.4487042,0
2024-10-21T12:32:18.153255214Z,AAPL,2,2,10,200,17,100,400,1,100,7,500,0.005706134,0.02853067,0.570613409,0.04850214,0.285306705,1.141226819,0.002853067,0.285306705,0.019971469,1.426533524,-0.397496873,0
2024-10-21T12:32:18.153370459Z,AAPL,10,10,200,17,100,400,1,100,7,500,105,0.027716186,0.554323725,0.047117517,0.277161863,1.10864745,0.002771619,0.277161863,0.01940133,1.385809313,0.291019956,-0.395608042,0
2024-10-21T12:32:18.161685578Z,AAPL,0,0,0,0,0,0,0,0,500,105,63,0,0,0,0,0,0,0,1.364628821,0.286572052,0.171943231,-0.158914181,0
2024-10-21T12:32:18.224017456Z,AAPL,0,0,0,400,505,10,100,15,110,10,110,0,0,1.009081736,1.273965691,0.025227043,0.252270434,0.037840565,0.277497477,0.025227043,0.277497477,-0.438593996,0
2024-10-21T12:32:18.224122852Z,AAPL,0,0,-200,0,0,0,0,0,0,0,0,0,-0.480307397,0,0,0,0,0,0,0,0,0.030618761,0
2024-10-21T12:32:18.276169768Z,AAPL,0,0,200,0,0,0,0,0,0,0,0,0,0.504540868,0,0,0,0,0,0,0,0,-0.032163603,0
2024-10-21T12:32:18.276183899Z,AAPL,0,0,-200,0,0,0,0,0,0,0,0,0,-0.504540868,0,0,0,0,0,0,0,0,0.032163603,0
2024-10-21T12:32:20.168408031Z,AAPL,0,0,0,0,0,0,0,0,-500,-105,-63,0,0,0,0,0,0,0,-1.279426817,-0.268679632,-0.161207779,0.14899221,0
2024-10-21T12:32:23.901384194Z,AAPL,0,0,-200,0,0,0,0,0,0,0,0,0,-0.486854917,0,0,0,0,0,0,0,0,0.031036154,0
2024-10-21T12:32:27.277441455Z,AAPL,35,35,1207,1,400,505,10,100,15,110,10,0.086784032,2.992809323,0.002479544,0.991817506,1.252169601,0.024795438,0.247954376,0.037193156,0.272749814,0.024795438,-0.595481544,0
2024-10-21T12:32:27.281535445Z,AAPL,-35,-35,-1207,-1,-400,-505,-10,-100,-15,-110,-10,-0.085199611,-2.938169426,-0.002434275,-0.973709834,-1.229308666,-0.024342746,-0.243427459,-0.036514119,-0.267770204,-0.024342746,0.584609802,0
2024-10-21T12:32:27.945642504Z,AAPL,0,0,0,-200,0,0,0,0,0,0,0,0,0,-0.511770727,0,0,0,0,0,0,0,0.053704179,0
2024-10-21T12:32:35.504980540Z,AAPL,106,106,1207,1,200,505,10,100,15,110,10,0.271516393,3.09170082,0.002561475,0.512295082,1.293545082,0.025614754,0.256147541,0.038422131,0.281762295,0.025614754,-0.52107389,0
2024-10-21T12:32:35.505060728Z,AAPL,0,0,0,0,0,0,0,0,0,0,0,0,0,0,0,0,0,0,0,0,0,0,400
2024-10-21T12:32:35.505060728Z,AAPL,400,400,17,100,400,1,100,7,500,105,63,1.010866818,0.04296184,0.252716705,1.010866818,0.002527167,0.252716705,0.017690169,1.263583523,0.26535254,0.159211524,-0.423869197,0
2024-10-21T12:32:35.505082570Z,AAPL,100,100,106,1207,1,200,505,10,100,15,110,0.247096615,0.261922412,2.98245614,0.002470966,0.49419323,1.247837905,0.024709661,0.247096615,0.037064492,0.271806276,-0.605061695,0
2024-10-21T12:32:35.505087722Z,AAPL,5,5,100,106,1207,1,200,505,10,100,15,0.012683917,0.253678336,0.268899036,3.061897514,0.002536783,0.507356672,1.281075596,0.025367834,0.253678336,0.03805175,-0.873334232,0
2024-10-21T12:32:35.505097774Z,AAPL,0,0,100,0,0,0,0,0,0,0,0,0,0.247402276,0,0,0,0,0,0,0,0,-0.015771465,0
2024-10-21T12:32:35.505110083Z,AAPL,0,0,0,97,106,1207,1,200,505,10,100,0,0,0.235208535,0.257032008,2.926770126,0.00242483,0.484966052,1.224539282,0.024248303,0.242483026,-0.625376717,0
2024-10-21T12:32:35.505118236Z,AAPL,200,200,0,0,0,0,0,0,0,0,0,0.509683996,0,0,0,0,0,0,0,0,0,-0.010147163,0
2024-10-21T12:32:35.505132160Z,AAPL,0,0,-100,0,0,0,0,0,0,0,0,0,-0.261506276,0,0,0,0,0,0,0,0,0.01667057,0
2024-10-21T12:32:35.505139710Z,AAPL,0,0,-100,-97,-106,-1207,-1,-200,-505,-10,-100,0,-0.26745119,-0.259427654,-0.283498262,-3.228135865,-0.002674512,-0.53490238,-1.35062851,-0.026745119,-0.26745119,0.706820498,0
2024-10-21T12:32:35.509073618Z,AAPL,0,0,0,-106,-1207,-1,-200,-505,-10,-100,-15,0,0,-0.283195298,-3.224686081,-0.002671654,-0.534330751,-1.349185146,-0.026716538,-0.267165375,-0.040074806,0.902468566,0
2024-10-21T12:32:35.605165948Z,AAPL,-5,-5,-97,-1207,-1,-200,-505,-10,-100,-15,-110,-0.013340448,-0.258804696,-3.220384205,-0.00266809,-0.53361793,-1.347385272,-0.026680896,-0.266808965,-0.040021345,-0.293489861,0.646754012,0
2024-10-21T12:32:35.605194517Z,AAPL,-97,-97,-1207,-1,-200,-505,-10,-100,-15,-110,-10,-0.25791013,-3.209252858,-0.002658867,-0.531773465,-1.342727998,-0.026588673,-0.265886732,-0.03988301,-0.292475405,-0.026588673,0.540409647,0
2024-10-21T12:32:37.670347240Z,AAPL,0,0,0,200,0,0,0,0,0,0,0,0,0,0.504922999,0,0,0,0,0,0,0,-0.052985592,0
2024-10-21T12:32:38.041341719Z,AAPL,-200,-200,0,0,0,0,0,0,0,0,0,-0.480653689,0,0,0,0,0,0,0,0,0,0.009569207,0
2024-10-21T12:32:38.100855625Z,AAPL,200,200,0,0,0,0,0,0,0,0,0,0.504922999,0,0,0,0,0,0,0,0,0,-0.010052378,0
2024-10-21T12:32:38.100868142Z,AAPL,-200,-200,0,0,0,0,0,0,0,0,0,-0.480653689,0,0,0,0,0,0,0,0,0,0.009569207,0
2024-10-21T12:32:48.253052117Z,AAPL,0,0,0,-200,0,0,0,0,0,0,0,0,0,-0.504922999,0,0,0,0,0,0,0,0.052985592,0
2024-10-21T12:32:48.253063227Z,AAPL,0,0,0,-200,-505,-10,-100,-15,-110,-10,-110,0,0,-0.518000518,-1.307951308,-0.025900026,-0.259000259,-0.038850039,-0.284900285,-0.025900026,-0.284900285,0.395936459,0
2024-10-21T12:32:48.253074967Z,AAPL,0,0,0,400,505,10,100,15,110,10,110,0,0,0.961307378,1.213650565,0.024032684,0.240326845,0.036049027,0.264359529,0.024032684,0.264359529,-0.417829031,0
2024-10-21T12:32:48.306721177Z,AAPL,-400,-400,0,0,0,0,0,0,0,0,0,-0.961307378,0,0,0,0,0,0,0,0,0,0.019138413,0
2024-10-21T12:32:55.953734385Z,AAPL,0,0,0,200,0,0,0,0,0,0,0,0,0,0.504922999,0,0,0,0,0,0,0,-0.052985592,0
2024-10-21T12:33:01.303215240Z,AAPL,-400,-400,-17,-100,-400,-1,-100,-7,-500,-105,-63,-1.024852677,-0.043556239,-0.256213169,-1.024852677,-0.002562132,-0.256213169,-0.017934922,-1.281065847,-0.269023828,-0.161414297,0.429733644,0
2024-10-21T12:33:05.793522393Z,AAPL,-24,-24,0,0,0,0,0,0,0,0,0,-0.061115355,0,0,0,0,0,0,0,0,0,0.001216729,0
2024-10-21T12:33:05.794507041Z,AAPL,0,0,0,0,0,0,0,0,500,105,63,0,0,0,0,0,0,0,1.255335174,0.263620387,0.158172232,-0.146186683,0
2024-10-21T12:33:06.321056918Z,AAPL,14,14,1207,1,200,505,10,100,15,110,10,0.036017494,3.105222537,0.002572678,0.514535632,1.29920247,0.025726782,0.257267816,0.038590172,0.282994597,0.025726782,-0.518640708,0
2024-10-21T12:33:06.321081410Z,AAPL,36,36,14,1207,1,200,505,10,100,15,110,0.092001022,0.035778175,3.084589829,0.002555584,0.51111679,1.290569895,0.02555584,0.255558395,0.038333759,0.281114235,-0.607537615,0
2024-10-21T12:33:06.321117671Z,AAPL,0,0,0,0,0,0,0,0,0,0,0,0,0,0,0,0,0,0,0,0,0,0,0
2024-10-21T12:33:06.325151716Z,AAPL,0,0,-14,-1207,-1,-200,-505,-10,-100,-15,-110,0,-0.035814786,-3.087746227,-0.002558199,-0.511639806,-1.291890509,-0.02558199,-0.255819903,-0.038372985,-0.281401893,0.606325798,0
2024-10-21T12:33:06.325187400Z,AAPL,-36,-36,-1207,-1,-200,-505,-10,-100,-15,-110,-10,-0.090384133,-3.030379111,-0.00251067,-0.50213407,-1.267888526,-0.025106703,-0.251067035,-0.037660055,-0.276173738,-0.025106703,0.507239858,0
2024-10-21T12:33:07.427626768Z,AAPL,24,24,0,0,0,0,0,0,0,0,0,0.060621369,0,0,0,0,0,0,0,0,0,-0.001206895,0
2024-10-21T12:33:07.801879861Z,AAPL,0,0,0,0,0,0,0,0,-500,-105,-63,0,0,0,0,0,0,0,-1.281065847,-0.269023828,-0.161414297,0.149183079,0
2024-10-21T12:33:09.053244732Z,AAPL,-5,-5,-400,-17,-100,-400,-1,-100,-7,-500,-105,-0.013082156,-1.046572475,-0.04447933,-0.261643119,-1.046572475,-0.002616431,-0.261643119,-0.018315018,-1.308215594,-0.274725275,0.406555442,0
2024-10-21T12:33:09.156252110Z,AAPL,0,0,0,0,0,0,0,0,0,0,0,0,0,0,0,0,0,0,0,0,0,0,1
2024-10-21T12:33:09.156252110Z,AAPL,1,1,0,0,0,0,0,0,0,0,0,0.002617116,0,0,0,0,0,0,0,0,0,-5.21E-05,0
2024-10-21T12:33:12.169745303Z,AAPL,0,0,0,0,0,0,0,0,0,500,105,0,0,0,0,0,0,0,0,1.275835672,0.267925491,-0.119428107,0
2024-10-21T12:33:14.175223557Z,AAPL,0,0,0,0,0,0,0,0,0,-500,-105,0,0,0,0,0,0,0,0,-1.308557969,-0.274797174,0.122491167,0
2024-10-21T12:33:14.283552259Z,AAPL,0,0,400,17,100,400,1,100,7,500,105,0,1.020147921,0.043356287,0.25503698,1.020147921,0.00255037,0.25503698,0.017852589,1.275184902,0.267788829,-0.396036589,0
2024-10-21T12:33:15.381509806Z,AAPL,0,0,200,0,0,0,0,0,0,0,0,0,0.537489922,0,0,0,0,0,0,0,0,-0.034264048,0
2024-10-21T12:33:15.434611774Z,AAPL,0,0,0,200,0,0,0,0,0,0,0,0,0,0.537489922,0,0,0,0,0,0,0,-0.056403099,0
2024-10-21T12:33:21.206576211Z,AAPL,0,0,-200,-17,-100,-400,-1,-100,-7,-500,-105,0,-0.548245614,-0.046600877,-0.274122807,-1.096491228,-0.002741228,-0.274122807,-0.019188596,-1.370614035,-0.287828947,0.39072449,0
2024-10-21T12:33:21.206611882Z,AAPL,0,0,0,-200,-505,-10,-100,-15,-110,-10,-110,0,0,-0.563697858,-1.423337091,-0.028184893,-0.281848929,-0.042277339,-0.310033822,-0.028184893,-0.310033822,0.430865465,0
2024-10-21T12:33:21.210681542Z,AAPL,0,0,200,17,100,400,1,100,7,500,105,0,0.55233361,0.046948357,0.276166805,1.104667219,0.002761668,0.276166805,0.019331676,1.380834024,0.289975145,-0.393637929,0
2024-10-21T12:33:21.285249933Z,AAPL,0,0,0,400,505,10,100,15,110,10,110,0,0,1.020147921,1.287936751,0.025503698,0.25503698,0.038255547,0.280540678,0.025503698,0.280540678,-0.443403876,0
2024-10-21T12:33:22.875006113Z,AAPL,0,0,0,0,0,0,0,0,500,105,63,0,0,0,0,0,0,0,1.257229067,0.264018104,0.158410862,-0.146407231,0
2024-10-21T12:33:24.340747933Z,AAPL,0,0,0,200,0,0,0,0,0,0,0,0,0,0.529520784,0,0,0,0,0,0,0,-0.055566834,0
2024-10-21T12:33:24.880805430Z,AAPL,0,0,0,-17,-100,-400,-1,-100,-500,-105,-63,0,0,-0.045686643,-0.268744961,-1.074979844,-0.00268745,-0.268744961,-1.343724805,-0.282182209,-0.169309325,0.377799311,0
2024-10-21T12:33:26.285422898Z,AAPL,0,0,0,-200,-505,-10,-100,-15,-110,-10,-110,0,0,-0.55233361,-1.394642364,-0.02761668,-0.276166805,-0.041425021,-0.303783485,-0.02761668,-0.303783485,0.422179141,0
2024-10-21T12:33:26.285434922Z,AAPL,0,0,0,400,505,10,100,15,110,10,110,0,0,1.020147921,1.287936751,0.025503698,0.25503698,0.038255547,0.280540678,0.025503698,0.280540678,-0.443403876,0
2024-10-21T12:33:26.288517312Z,AAPL,0,0,-200,0,0,0,0,0,0,0,0,0,-0.485319097,0,0,0,0,0,0,0,0,0.030938249,0
2024-10-21T12:33:28.839620575Z,AAPL,0,0,200,0,0,0,0,0,0,0,0,0,0.510073961,0,0,0,0,0,0,0,0,-0.032516328,0
2024-10-21T12:33:28.839633521Z,AAPL,0,0,-200,0,0,0,0,0,0,0,0,0,-0.485319097,0,0,0,0,0,0,0,0,0.030938249,0
2024-10-21T12:33:29.340151844Z,AAPL,0,0,0,200,0,0,0,0,0,0,0,0,0,0.510073961,0,0,0,0,0,0,0,-0.053526124,0
2024-10-21T12:33:36.906518675Z,AAPL,0,0,200,0,0,0,0,0,0,0,0,0,0.537489922,0,0,0,0,0,0,0,0,-0.034264048,0
2024-10-21T12:33:39.988033229Z,AAPL,5,5,1207,1,200,505,10,100,15,110,10,0.013827434,3.337942478,0.002765487,0.553097345,1.396570796,0.027654867,0.276548673,0.041482301,0.30420354,0.027654867,-0.557014559,0
2024-10-21T12:33:41.899233441Z,AAPL,0,0,0,0,200,0,0,0,0,0,0,0,0,0,0.553097345,0,0,0,0,0,0,-0.105486671,0
2024-10-21T12:33:48.686584626Z,AAPL,100,100,5,1207,1,200,505,10,100,15,110,0.269832704,0.013491635,3.256880734,0.002698327,0.539665407,1.362655154,0.02698327,0.269832704,0.040474906,0.296815974,-0.643361828,0
2024-10-21T12:33:48.686646314Z,AAPL,15,15,0,0,0,0,0,0,0,0,0,0.040311744,0,0,0,0,0,0,0,0,0,-0.000802556,0
2024-10-21T12:33:48.687003945Z,AAPL,-100,-100,0,0,0,0,0,0,0,0,0,-0.276166805,0,0,0,0,0,0,0,0,0,0.005498132,0
2024-10-21T12:33:48.690751022Z,AAPL,-15,-15,-5,-1207,-1,-200,-505,-10,-100,-15,-110,-0.041482301,-0.013827434,-3.337942478,-0.002765487,-0.553097345,-1.396570796,-0.027654867,-0.276548673,-0.041482301,-0.30420354,0.654694831,0
2024-10-21T12:33:49.477179785Z,AAPL,0,0,0,0,0,0,0,0,0,0,0,0,0,0,0,0,0,0,0,0,0,0,2
2024-10-21T12:33:49.477179785Z,AAPL,2,2,0,0,0,0,0,0,0,0,0,0.005534034,0,0,0,0,0,0,0,0,0,-0.000110176,0
2024-10-21T12:33:49.544831228Z,AAPL,0,0,0,0,200,0,0,0,0,0,0,0,0,0,0.524383849,0,0,0,0,0,0,-0.100010436,0
2024-10-21T12:33:49.544930382Z,AAPL,0,0,7,17,100,400,1,100,500,105,63,0,0.019037259,0.046233342,0.271960838,1.087843351,0.002719608,0.271960838,1.359804188,0.28555888,0.171335328,-0.383533754,0
2024-10-21T12:33:49.544942069Z,AAPL,0,0,-7,-17,-100,-400,-1,-100,-500,-105,-63,0,-0.017438964,-0.042351769,-0.249128052,-0.996512207,-0.002491281,-0.249128052,-1.245640259,-0.261584454,-0.156950673,0.351333736,0
2024-10-21T12:33:49.602010461Z,AAPL,0,0,0,0,-200,0,0,0,0,0,0,0,0,0,-0.524383849,0,0,0,0,0,0,0.100010436,0
2024-10-21T12:33:49.602023386Z,AAPL,0,0,0,200,1,0,0,0,0,0,0,0,0,0.524383849,0.002621919,0,0,0,0,0,0,-0.055527826,0
2024-10-21T12:33:50.024262364Z,AAPL,0,0,-400,0,0,0,0,0,0,0,0,0,-1.048767698,0,0,0,0,0,0,0,0,0.066857117,0
2024-10-21T12:33:51.861072481Z,AAPL,0,0,0,200,0,0,0,0,0,0,0,0,0,0.524383849,0,0,0,0,0,0,0,-0.055027774,0
2024-10-21T12:33:52.769482629Z,AAPL,0,0,0,-200,-1,-505,-10,-100,-15,-110,-10,0,0,-0.537056928,-0.002685285,-1.356068743,-0.026852846,-0.268528464,-0.04027927,-0.29538131,-0.026852846,0.288136854,0
2024-10-21T12:33:52.769493295Z,AAPL,0,0,0,400,1,505,10,100,15,110,10,0,0,0.996512207,0.002491281,1.258096662,0.024912805,0.249128052,0.037369208,0.274040857,0.024912805,-0.319605773,0
2024-10-21T12:33:52.993927871Z,AAPL,-5,-5,-1207,-400,-1,-505,-10,-100,-15,-110,-10,-0.012138869,-2.930322894,-0.971109493,-0.002427774,-1.226025734,-0.024277737,-0.242777373,-0.036416606,-0.26705511,-0.024277737,0.498503162,0
2024-10-21T12:33:53.065065422Z,AAPL,0,0,-200,0,0,0,0,0,0,0,0,0,-0.510334269,0,0,0,0,0,0,0,0,0.032532922,0
2024-10-21T12:33:56.944168416Z,AAPL,0,0,0,0,0,0,0,0,-10,0,0,0,0,0,0,0,0,0,-0.02558199,0,0,0.002301645,0
2024-10-21T12:33:59.088811005Z,AAPL,0,0,-200,-1,-505,-10,-100,-15,-100,-10,-110,0,-0.525072197,-0.002625361,-1.325807299,-0.02625361,-0.262536099,-0.039380415,-0.262536099,-0.02625361,-0.288789709,0.377627595,0
2024-10-21T12:33:59.088823750Z,AAPL,0,0,0,200,505,10,100,15,100,10,110,0,0,0.511639806,1.291890509,0.02558199,0.255819903,0.038372985,0.255819903,0.02558199,0.281401893,-0.38877297,0
2024-10-21T12:34:02.149897491Z,AAPL,100,100,1207,1,200,505,10,100,15,100,10,0.256476019,3.095665555,0.00256476,0.512952039,1.295203898,0.025647602,0.256476019,0.038471403,0.256476019,0.025647602,-0.519483651,0
2024-10-21T12:34:02.149928619Z,AAPL,0,0,0,0,0,0,0,0,0,0,0,0,0,0,0,0,0,0,0,0,0,0,400
2024-10-21T12:34:02.149928619Z,AAPL,400,400,7,17,100,400,1,100,500,105,63,1.01497082,0.017761989,0.04313626,0.253742705,1.01497082,0.002537427,0.253742705,1.268713524,0.26642984,0.159857904,-0.378048351,0
2024-10-21T12:34:02.149950355Z,AAPL,100,100,100,1207,1,200,505,10,100,15,100,0.2480774,0.2480774,2.99429422,0.002480774,0.4961548,1.252790871,0.02480774,0.2480774,0.03721161,0.2480774,-0.604447637,0
2024-10-21T12:34:02.149954232Z,AAPL,1,1,100,100,1207,1,200,505,10,100,15,0.002543235,0.254323499,0.254323499,3.069684639,0.002543235,0.508646999,1.284333672,0.02543235,0.254323499,0.038148525,-0.873751504,0
2024-10-21T12:34:02.149963811Z,AAPL,0,0,100,0,0,0,0,0,0,0,0,0,0.248015873,0,0,0,0,0,0,0,0,-0.015810581,0
2024-10-21T12:34:02.149968531Z,AAPL,0,0,-100,0,0,0,0,0,0,0,0,0,-0.254323499,0,0,0,0,0,0,0,0,0.016212681,0
2024-10-21T12:34:02.149995072Z,AAPL,0,0,-100,-100,-1207,-1,-200,-505,-10,-100,-15,0,-0.254323499,-0.254323499,-3.069684639,-0.002543235,-0.508646999,-1.284333672,-0.02543235,-0.254323499,-0.038148525,0.873700871,0
2024-10-21T12:34:02.150289648Z,AAPL,0,0,-100,-1207,-1,-200,-505,-10,-100,-15,-100,0,-0.260281104,-3.14159292,-0.002602811,-0.520562207,-1.314419573,-0.02602811,-0.260281104,-0.039042166,-0.260281104,0.62900044,0
2024-10-21T12:34:02.224326757Z,AAPL,200,200,0,0,0,0,0,0,0,0,0,0.549148819,0,0,0,0,0,0,0,0,0,-0.010932858,0
2024-10-21T12:34:02.250035378Z,AAPL,-1,-1,-1207,-1,-200,-505,-10,-100,-15,-100,-10,-0.002665956,-3.217808584,-0.002665956,-0.533191149,-1.346307651,-0.026659557,-0.266595575,-0.039989336,-0.266595575,-0.026659557,0.534725968,0
2024-10-21T12:34:02.433938165Z,AAPL,0,0,200,-200,-505,-10,-100,-15,-100,-10,-110,0,0.519345625,-0.519345625,-1.311347702,-0.025967281,-0.259672812,-0.038950922,-0.259672812,-0.025967281,-0.285640093,0.361520908,0
2024-10-21T12:34:04.221298672Z,AAPL,7,7,17,100,400,1,100,500,105,63,60,0.01886284,0.045809755,0.269469146,1.077876583,0.002694691,0.269469146,1.347345729,0.282942603,0.169765562,0.161681487,-0.486802159,0
2024-10-21T12:34:04.221593520Z,AAPL,100,100,1207,201,505,10,100,15,100,10,110,0.269469146,3.25249259,0.541632983,1.360819186,0.026946915,0.269469146,0.040420372,0.269469146,0.026946915,0.29641606,-0.622504222,0
2024-10-21T12:34:04.221921450Z,AAPL,-100,-100,-1207,-201,-505,-10,-100,-15,-100,-10,-110,-0.269469146,-3.25249259,-0.541632983,-1.360819186,-0.026946915,-0.269469146,-0.040420372,-0.269469146,-0.026946915,-0.29641606,0.622504222,0
2024-10-21T12:34:04.223075802Z,AAPL,17,17,100,400,1,100,500,105,63,60,1,0.045883941,0.269905533,1.079622132,0.002699055,0.269905533,1.349527665,0.28340081,0.170040486,0.16194332,0.002699055,-0.39872188,0
2024-10-21T12:34:04.325592369Z,AAPL,-17,-17,-100,-400,-1,-100,-500,-105,-63,-60,-1,-0.043545082,-0.256147541,-1.024590164,-0.002561475,-0.256147541,-1.280737705,-0.268954918,-0.161372951,-0.153688525,-0.002561475,0.378397686,0
2024-10-21T12:34:06.238355905Z,AAPL,0,0,-17,-100,-400,-1,-100,-500,-105,-63,-60,0,-0.044144378,-0.259672812,-1.038691249,-0.002596728,-0.259672812,-1.298364061,-0.272656453,-0.163593872,-0.155803687,0.468742976,0
2024-10-21T12:34:11.389652181Z,AAPL,0,0,17,100,400,1,100,500,105,63,60,0,0.043545082,0.256147541,1.024590164,0.002561475,0.256147541,1.280737705,0.268954918,0.161372951,0.153688525,-0.462379406,0
2024-10-21T12:34:13.393399417Z,AAPL,0,0,-17,-100,-400,-1,-100,-500,-105,-63,-60,0,-0.044144378,-0.259672812,-1.038691249,-0.002596728,-0.259672812,-1.298364061,-0.272656453,-0.163593872,-0.155803687,0.468742976,0
2024-10-21T12:34:13.740065207Z,AAPL,-200,-200,0,0,0,0,0,0,0,0,0,-0.519345625,0,0,0,0,0,0,0,0,0,0.010339514,0
2024-10-21T12:34:14.476131192Z,AAPL,0,0,-200,0,0,0,0,0,0,0,0,0,-0.547795125,0,0,0,0,0,0,0,0,0.034920987,0
2024-10-21T12:34:14.476143802Z,AAPL,0,0,0,200,505,10,100,15,100,10,110,0,0,0.533191149,1.346307651,0.026659557,0.266595575,0.039989336,0.266595575,0.026659557,0.293255132,-0.405148904,0
2024-10-21T12:34:18.143679631Z,AAPL,-200,-200,0,0,0,0,0,0,0,0,0,-0.533191149,0,0,0,0,0,0,0,0,0,0.010615161,0
2024-10-21T12:34:21.570266497Z,AAPL,0,0,0,-200,-505,-10,-100,-15,-100,-10,-110,0,0,-0.547795125,-1.38318269,-0.027389756,-0.273897562,-0.041084634,-0.273897562,-0.027389756,-0.301287319,0.416245834,0
2024-10-21T12:34:21.570278537Z,AAPL,0,0,0,200,505,10,100,15,100,10,110,0,0,0.533191149,1.346307651,0.026659557,0.266595575,0.039989336,0.266595575,0.026659557,0.293255132,-0.405148904,0
2024-10-21T12:34:24.634338724Z,AAPL,7,7,17,100,400,1,100,500,105,63,60,0.019385212,0.047078372,0.276931598,1.107726392,0.002769316,0.276931598,1.384657989,0.290778178,0.174466907,0.166158959,-0.500283249,0
2024-10-21T12:34:24.734729841Z,AAPL,-7,-7,-17,-100,-400,-1,-100,-500,-105,-63,-60,-0.01866169,-0.045321248,-0.266595575,-1.066382298,-0.002665956,-0.266595575,-1.332977873,-0.279925353,-0.167955212,-0.159957345,0.481610987,0
2024-10-21T12:34:26.051200518Z,AAPL,0,0,17,100,400,1,100,500,105,63,60,0,0.0446898,0.262881178,1.051524711,0.002628812,0.262881178,1.314405889,0.276025237,0.165615142,0.157728707,-0.47453449,0
2024-10-21T12:34:28.056511802Z,AAPL,0,0,-17,-100,-400,-1,-100,-500,-105,-63,-60,0,-0.045321248,-0.266595575,-1.066382298,-0.002665956,-0.266595575,-1.332977873,-0.279925353,-0.167955212,-0.159957345,0.481239456,0
2024-10-21T12:34:31.566351603Z,AAPL,0,0,17,100,400,1,100,500,105,63,60,0,0.0446898,0.262881178,1.051524711,0.002628812,0.262881178,1.314405889,0.276025237,0.165615142,0.157728707,-0.47453449,0
2024-10-21T12:34:33.571362114Z,AAPL,0,0,-17,-100,-400,-1,-100,-500,-105,-63,-60,0,-0.045321248,-0.266595575,-1.066382298,-0.002665956,-0.266595575,-1.332977873,-0.279925353,-0.167955212,-0.159957345,0.481239456,0
2024-10-21T12:34:33.720440799Z,AAPL,-200,-200,0,0,0,0,0,0,0,0,0,-0.533191149,0,0,0,0,0,0,0,0,0,0.010615161,0
2024-10-21T12:34:33.730448933Z,AAPL,-200,-200,0,0,0,0,0,0,0,0,0,-0.533191149,0,0,0,0,0,0,0,0,0,0.010615161,0
2024-10-21T12:34:33.745274141Z,AAPL,7,7,17,100,400,1,100,500,105,63,60,0.019385212,0.047078372,0.276931598,1.107726392,0.002769316,0.276931598,1.384657989,0.290778178,0.174466907,0.166158959,-0.500283249,0
2024-10-21T12:34:33.745287278Z,AAPL,0,0,-17,-100,-400,-1,-100,-500,-105,-63,-60,0,-0.043027082,-0.253100481,-1.012401924,-0.002531005,-0.253100481,-1.265502404,-0.265755505,-0.159453303,-0.151860289,0.456879068,0
2024-10-21T12:34:33.747590481Z,AAPL,0,0,200,0,0,0,0,0,0,0,0,0,0.533191149,0,0,0,0,0,0,0,0,-0.033990009,0
2024-10-21T12:34:33.751727739Z,AAPL,0,0,-200,0,0,0,0,0,0,0,0,0,-0.506200962,0,0,0,0,0,0,0,0,0.032269431,0
2024-10-21T12:34:35.757406077Z,AAPL,400,400,17,100,400,1,100,500,105,63,60,0.999000999,0.042457542,0.24975025,0.999000999,0.002497502,0.24975025,1.248751249,0.262237762,0.157342657,0.14985015,-0.470720314,0
2024-10-21T12:34:37.761184677Z,AAPL,-400,-400,-17,-100,-400,-1,-100,-500,-105,-63,-60,-1.012401924,-0.043027082,-0.253100481,-1.012401924,-0.002531005,-0.253100481,-1.265502404,-0.265755505,-0.159453303,-0.151860289,0.477034709,0
2024-10-21T12:34:37.968027551Z,AAPL,0,0,200,0,0,0,0,0,0,0,0,0,0.533191149,0,0,0,0,0,0,0,0,-0.033990009,0
2024-10-21T12:34:37.968040798Z,AAPL,-7,-7,-200,0,0,0,0,0,0,0,0,-0.01866169,-0.533191149,0,0,0,0,0,0,0,0,0.034361539,0
2024-10-21T12:34:38.475738499Z,AAPL,7,7,17,100,400,1,100,500,105,63,60,0.019385212,0.047078372,0.276931598,1.107726392,0.002769316,0.276931598,1.384657989,0.290778178,0.174466907,0.166158959,-0.500283249,0
2024-10-21T12:34:38.475751280Z,AAPL,0,0,-17,-100,-400,-1,-100,-500,-105,-63,-60,0,-0.043027082,-0.253100481,-1.012401924,-0.002531005,-0.253100481,-1.265502404,-0.265755505,-0.159453303,-0.151860289,0.456879068,0
2024-10-21T12:34:38.943836159Z,AAPL,-7,-7,-400,0,0,0,0,0,0,0,0,-0.01866169,-1.066382298,0,0,0,0,0,0,0,0,0.068351548,0
2024-10-21T12:34:38.961431383Z,AAPL,7,7,17,100,400,1,100,500,105,63,60,0.019385212,0.047078372,0.276931598,1.107726392,0.002769316,0.276931598,1.384657989,0.290778178,0.174466907,0.166158959,-0.500283249,0
2024-10-21T12:34:38.961442941Z,AAPL,0,0,-17,-100,-400,-1,-100,-500,-105,-63,-60,0,-0.043027082,-0.253100481,-1.012401924,-0.002531005,-0.253100481,-1.265502404,-0.265755505,-0.159453303,-0.151860289,0.456879068,0
2024-10-21T12:34:39.359232731Z,AAPL,-7,-7,-400,0,0,0,0,0,0,0,0,-0.01866169,-1.066382298,0,0,0,0,0,0,0,0,0.068351548,0
2024-10-21T12:34:39.445076887Z,AAPL,7,7,17,100,400,1,100,500,105,63,60,0.019385212,0.047078372,0.276931598,1.107726392,0.002769316,0.276931598,1.384657989,0.290778178,0.174466907,0.166158959,-0.500283249,0
2024-10-21T12:34:39.445089261Z,AAPL,0,0,-17,-100,-400,-1,-100,-500,-105,-63,-60,0,-0.043027082,-0.253100481,-1.012401924,-0.002531005,-0.253100481,-1.265502404,-0.265755505,-0.159453303,-0.151860289,0.456879068,0
2024-10-21T12:34:39.534348093Z,AAPL,-7,-7,-400,0,0,0,0,0,0,0,0,-0.01866169,-1.066382298,0,0,0,0,0,0,0,0,0.068351548,0
2024-10-21T12:34:39.805848072Z,AAPL,7,7,17,100,400,1,100,500,105,63,60,0.019385212,0.047078372,0.276931598,1.107726392,0.002769316,0.276931598,1.384657989,0.290778178,0.174466907,0.166158959,-0.500283249,0
2024-10-21T12:34:39.805861078Z,AAPL,0,0,-17,-100,-400,-1,-100,-500,-105,-63,-60,0,-0.043027082,-0.253100481,-1.012401924,-0.002531005,-0.253100481,-1.265502404,-0.265755505,-0.159453303,-0.151860289,0.456879068,0
2024-10-21T12:34:40.424950427Z,AAPL,5,5,1207,1,200,505,10,100,15,100,10,0.01300052,3.138325533,0.002600104,0.520020801,1.313052522,0.02600104,0.2600104,0.03900156,0.2600104,0.02600104,-0.521724768,0
2024-10-21T12:34:40.429056129Z,AAPL,-5,-5,-1207,-1,-200,-505,-10,-100,-15,-100,-10,-0.012655024,-3.054922804,-0.002531005,-0.506200962,-1.278157428,-0.025310048,-0.253100481,-0.037965072,-0.253100481,-0.025310048,0.507859645,0
2024-10-21T12:34:42.760362354Z,AAPL,400,400,17,100,400,1,100,500,105,63,60,0.999000999,0.042457542,0.24975025,0.999000999,0.002497502,0.24975025,1.248751249,0.262237762,0.157342657,0.14985015,-0.470720314,0
2024-10-21T12:34:44.765845817Z,AAPL,-400,-400,-17,-100,-400,-1,-100,-500,-105,-63,-60,-1.012401924,-0.043027082,-0.253100481,-1.012401924,-0.002531005,-0.253100481,-1.265502404,-0.265755505,-0.159453303,-0.151860289,0.477034709,0
2024-10-21T12:34:46.916797916Z,AAPL,0,0,0,0,0,0,0,0,0,0,0,0,0,0,0,0,0,0,0,0,0,0,0
2024-10-21T12:34:51.436613204Z,AAPL,35,35,1207,1,200,505,10,100,15,100,10,0.090299278,3.114035088,0.002579979,0.515995872,1.302889577,0.025799794,0.257997936,0.03869969,0.257997936,0.025799794,-0.519227574,0
2024-10-21T12:34:51.440710504Z,AAPL,-35,-35,-1207,-1,-200,-505,-10,-100,-15,-100,-10,-0.088585168,-3.054922804,-0.002531005,-0.506200962,-1.278157428,-0.025310048,-0.253100481,-0.037965072,-0.253100481,-0.025310048,0.509371318,0
2024-10-21T12:34:54.821268272Z,AAPL,400,400,17,100,400,1,100,500,105,63,60,0.999000999,0.042457542,0.24975025,0.999000999,0.002497502,0.24975025,1.248751249,0.262237762,0.157342657,0.14985015,-0.470720314,0
2024-10-21T12:34:56.823934089Z,AAPL,-400,-400,-17,-100,-400,-1,-100,-500,-105,-63,-60,-1.012401924,-0.043027082,-0.253100481,-1.012401924,-0.002531005,-0.253100481,-1.265502404,-0.265755505,-0.159453303,-0.151860289,0.477034709,0
2024-10-21T12:34:56.914006729Z,AAPL,0,0,17,100,400,1,100,500,105,63,60,0,0.047078372,0.276931598,1.107726392,0.002769316,0.276931598,1.384657989,0.290778178,0.174466907,0.166158959,-0.499897314,0
2024-10-21T12:34:56.914018909Z,AAPL,0,0,-17,-100,-400,-1,-100,-500,-105,-63,-60,0,-0.043027082,-0.253100481,-1.012401924,-0.002531005,-0.253100481,-1.265502404,-0.265755505,-0.159453303,-0.151860289,0.456879068,0
2024-10-21T12:34:56.970301620Z,AAPL,0,0,0,200,0,0,0,0,0,0,0,0,0,0.506200962,0,0,0,0,0,0,0,-0.053119699,0
2024-10-21T12:35:01.086704786Z,AAPL,0,0,-400,0,0,0,0,0,0,0,0,0,-1.012401924,0,0,0,0,0,0,0,0,0.064538862,0
2024-10-21T12:35:04.824035688Z,AAPL,400,400,17,100,400,1,100,500,105,63,60,0.999000999,0.042457542,0.24975025,0.999000999,0.002497502,0.24975025,1.248751249,0.262237762,0.157342657,0.14985015,-0.470720314,0
2024-10-21T12:35:06.832364220Z,AAPL,-400,-400,-17,-100,-400,-1,-100,-500,-105,-63,-60,-1.012401924,-0.043027082,-0.253100481,-1.012401924,-0.002531005,-0.253100481,-1.265502404,-0.265755505,-0.159453303,-0.151860289,0.477034709,0
2024-10-21T12:35:10.273312188Z,AAPL,80,80,1207,1,200,505,10,100,15,100,10,0.204029584,3.078296353,0.00255037,0.510073961,1.287936751,0.025503698,0.25503698,0.038255547,0.25503698,0.025503698,-0.515553432,0
2024-10-21T12:35:11.596759827Z,AAPL,0,0,0,0,200,0,0,0,0,0,0,0,0,0,0.510073961,0,0,0,0,0,0,-0.097281255,0
2024-10-21T12:35:11.866382042Z,AAPL,400,400,17,100,400,1,100,500,105,63,60,1.006542526,0.042778057,0.251635632,1.006542526,0.002516356,0.251635632,1.258178158,0.264217413,0.158530448,0.150981379,-0.474273814,0
2024-10-21T12:35:12.594795091Z,AAPL,0,0,0,0,200,0,0,0,0,0,0,0,0,0,0.479156684,0,0,0,0,0,0,-0.091384715,0
2024-10-21T12:35:12.649791928Z,AAPL,0,0,0,0,-200,0,0,0,0,0,0,0,0,0,-0.503271263,0,0,0,0,0,0,0.095983846,0
2024-10-21T12:35:12.649804588Z,AAPL,0,0,0,400,-200,-505,-10,-100,-15,-100,-10,0,0,0.933706816,-0.466853408,-1.178804855,-0.02334267,-0.233426704,-0.035014006,-0.233426704,-0.02334267,0.190316355,0
2024-10-21T12:35:13.882085380Z,AAPL,-400,-400,-17,-100,-400,-1,-100,-500,-105,-63,-60,-0.945402978,-0.040179627,-0.236350745,-0.945402978,-0.002363507,-0.236350745,-1.181753723,-0.248168282,-0.148900969,-0.141810447,0.445465407,0
2024-10-21T12:35:18.869298325Z,AAPL,400,400,17,100,400,1,100,500,105,63,60,0.933706816,0.03968254,0.233426704,0.933706816,0.002334267,0.233426704,1.16713352,0.245098039,0.147058824,0.140056022,-0.43995428,0
2024-10-21T12:35:20.880663008Z,AAPL,-400,-400,-17,-100,-400,-1,-100,-500,-105,-63,-60,-0.945402978,-0.040179627,-0.236350745,-0.945402978,-0.002363507,-0.236350745,-1.181753723,-0.248168282,-0.148900969,-0.141810447,0.445465407,0
2024-10-21T12:35:22.590424361Z,AAPL,0,0,17,100,400,1,100,500,105,63,60,0,0.043690568,0.257003341,1.028013364,0.002570033,0.257003341,1.285016705,0.269853508,0.161912105,0.154202005,-0.463924235,0
2024-10-21T12:35:22.590436801Z,AAPL,0,0,-17,-100,-400,-1,-100,-500,-105,-63,-60,0,-0.040179627,-0.236350745,-0.945402978,-0.002363507,-0.236350745,-1.181753723,-0.248168282,-0.148900969,-0.141810447,0.42664363,0
2024-10-21T12:35:22.645812212Z,AAPL,0,0,0,400,1,505,10,100,15,100,10,0,0,0.970638195,0.002426595,1.225430721,0.024265955,0.242659549,0.036398932,0.242659549,0.024265955,-0.309460419,0
2024-10-21T12:35:23.823304028Z,AAPL,0,0,-400,0,0,0,0,0,0,0,0,0,-0.970638195,0,0,0,0,0,0,0,0,0.061876497,0
2024-10-21T12:35:23.988201548Z,AAPL,0,0,0,0,0,0,0,0,0,0,0,0,0,0,0,0,0,0,0,0,0,0,0
2024-10-21T12:35:24.238426890Z,AAPL,0,0,0,0,0,0,0,0,0,0,0,0,0,0,0,0,0,0,0,0,0,0,400
2024-10-21T12:35:24.238426890Z,AAPL,400,400,17,100,400,1,100,500,105,63,60,0.958313368,0.040728318,0.239578342,0.958313368,0.002395783,0.239578342,1.197891711,0.251557259,0.150934356,0.143747005,-0.451548667,0
2024-10-21T12:35:24.238452385Z,AAPL,34,34,100,80,1207,400,1,505,10,100,15,0.080990948,0.238208671,0.190566937,2.875178657,0.952834683,0.002382087,1.202953788,0.023820867,0.238208671,0.035731301,-0.871789091,0
2024-10-21T12:35:24.238461987Z,AAPL,0,0,100,0,0,0,0,0,0,0,0,0,0.232666356,0,0,0,0,0,0,0,0,-0.014832076,0
2024-10-21T12:35:24.238465281Z,AAPL,0,0,-100,0,0,0,0,0,0,0,0,0,-0.238208671,0,0,0,0,0,0,0,0,0.015185389,0
2024-10-21T12:35:24.238471795Z,AAPL,100,100,0,0,0,0,0,0,0,0,0,0.232666356,0,0,0,0,0,0,0,0,0,-0.004632093,0
2024-10-21T12:35:24.238485568Z,AAPL,0,0,0,100,80,1207,400,1,505,10,100,0,0,0.228154232,0.182523386,2.753821583,0.912616929,0.002281542,1.152178873,0.022815423,0.228154232,-0.638412197,0
2024-10-21T12:35:24.238506128Z,AAPL,0,0,-100,-100,-80,-1207,-400,-1,-505,-10,-100,0,-0.232666356,-0.232666356,-0.186133085,-2.808282922,-0.930665426,-0.002326664,-1.1749651,-0.023266636,-0.232666356,0.665869921,0
2024-10-21T12:35:24.238844974Z,AAPL,17,17,100,400,1,100,500,105,63,60,1,0.043600923,0.256476019,1.025904078,0.00256476,0.256476019,1.282380097,0.26929982,0.161579892,0.153885612,0.00256476,-0.378882936,0
2024-10-21T12:35:24.325803839Z,AAPL,-17,-17,-100,-400,-1,-100,-500,-105,-63,-60,-1,-0.041483651,-0.244021474,-0.976085896,-0.002440215,-0.244021474,-1.220107369,-0.256222548,-0.153733529,-0.146412884,-0.002440215,0.360484277,0
2024-10-21T12:35:24.325823716Z,AAPL,-34,-34,0,0,0,0,0,0,0,0,0,-0.083661417,0,0,0,0,0,0,0,0,0,0.001665593,0
2024-10-21T12:35:24.343765036Z,AAPL,0,0,-100,-80,-1207,-400,-1,-505,-10,-100,-15,0,-0.246062992,-0.196850394,-2.969980315,-0.984251969,-0.00246063,-1.24261811,-0.024606299,-0.246062992,-0.036909449,0.898868512,0
2024-10-21T12:35:24.343821064Z,AAPL,-200,-200,0,0,0,0,0,0,0,0,0,-0.469043152,0,0,0,0,0,0,0,0,0,0.009338056,0
2024-10-21T12:35:24.493765488Z,AAPL,-100,-100,-80,-1207,-400,-1,-505,-10,-100,-15,-100,-0.239578342,-0.191662674,-2.891710589,-0.958313368,-0.002395783,-1.209870628,-0.023957834,-0.239578342,-0.035936751,-0.239578342,0.704292558,0
2024-10-21T12:35:39.266829390Z,AAPL,100,100,80,1207,400,1,505,10,100,15,100,0.234521576,0.187617261,2.830675422,0.938086304,0.002345216,1.184333959,0.023452158,0.234521576,0.035178236,0.234521576,-0.689427096,0
2024-10-21T12:35:39.267322775Z,AAPL,-100,-100,-80,-1207,-400,-1,-505,-10,-100,-15,-100,-0.239578342,-0.191662674,-2.891710589,-0.958313368,-0.002395783,-1.209870628,-0.023957834,-0.239578342,-0.035936751,-0.239578342,0.704292558,0
2024-10-21T12:35:46.324153630Z,AAPL,0,0,0,-400,-1,-505,-10,-100,-15,-100,-10,0,0,-1.029866117,-0.002574665,-1.300205973,-0.025746653,-0.257466529,-0.038619979,-0.257466529,-0.025746653,0.328343559,0
2024-10-21T12:35:46.324167263Z,AAPL,0,0,0,0,200,505,10,100,15,100,10,0,0,0,0.503271263,1.27075994,0.025163563,0.251635632,0.037745345,0.251635632,0.025163563,-0.310786896,0
2024-10-21T12:35:46.381553985Z,AAPL,200,200,0,0,0,0,0,0,0,0,0,0.529941706,0,0,0,0,0,0,0,0,0,-0.010550469,0
2024-10-21T12:35:46.464926027Z,AAPL,-200,-200,0,0,0,0,0,0,0,0,0,-0.503271263,0,0,0,0,0,0,0,0,0,0.010019494,0
2024-10-21T12:35:48.967546449Z,AAPL,0,0,0,0,-200,-505,-10,-100,-15,-100,-10,0,0,0,-0.514933059,-1.300205973,-0.025746653,-0.257466529,-0.038619979,-0.257466529,-0.025746653,0.317988446,0
2024-10-21T12:35:48.967567635Z,AAPL,0,0,0,0,400,505,10,100,15,100,10,0,0,0,0.958313368,1.209870628,0.023957834,0.239578342,0.035936751,0.239578342,0.023957834,-0.38728005,0
2024-10-21T12:35:50.412145028Z,AAPL,0,0,0,400,-400,-505,-10,-100,-15,-100,-10,0,0,0.933706816,-0.933706816,-1.178804855,-0.02334267,-0.233426704,-0.035014006,-0.233426704,-0.02334267,0.279354591,0
2024-10-21T12:35:54.451388501Z,AAPL,200,200,0,0,0,0,0,0,0,0,0,0.489715965,0,0,0,0,0,0,0,0,0,-0.009749625,0
2024-10-21T12:35:54.451399487Z,AAPL,17,17,100,400,1,100,500,105,63,60,1,0.043758044,0.257400257,1.02960103,0.002574003,0.257400257,1.287001287,0.27027027,0.162162162,0.154440154,0.002574003,-0.38024828,0
2024-10-21T12:35:54.451579862Z,AAPL,4,4,80,1207,401,505,10,100,15,100,10,0.010584811,0.211696216,3.193966658,1.061127282,1.336332363,0.026462027,0.26462027,0.03969304,0.26462027,0.026462027,-0.777139542,0
2024-10-21T12:35:54.451584967Z,AAPL,0,0,100,80,1207,401,505,10,100,15,100,0,0.25846472,0.206771776,3.119669165,1.036443525,1.305246834,0.025846472,0.25846472,0.038769708,0.25846472,-0.977396619,0
2024-10-21T12:35:54.451914911Z,AAPL,0,0,-100,-80,-1207,-401,-505,-10,-100,-15,-100,0,-0.26462027,-0.211696216,-3.193966658,-1.061127282,-1.336332363,-0.026462027,-0.26462027,-0.03969304,-0.26462027,1.000674125,0
2024-10-21T12:35:54.490013783Z,AAPL,-4,-4,-80,-1207,-401,-505,-10,-100,-15,-100,-10,-0.01029601,-0.205920206,-3.106821107,-1.032175032,-1.2998713,-0.025740026,-0.257400257,-0.038610039,-0.257400257,-0.025740026,0.755935735,0
2024-10-21T12:35:54.565074677Z,AAPL,-17,-17,-100,-400,-1,-100,-500,-105,-63,-60,-1,-0.041625857,-0.244857982,-0.979431929,-0.00244858,-0.244857982,-1.224289912,-0.257100881,-0.154260529,-0.146914789,-0.00244858,0.361720021,0
2024-10-21T12:35:56.157378125Z,AAPL,17,17,100,400,1,100,500,105,63,60,1,0.043758044,0.257400257,1.02960103,0.002574003,0.257400257,1.287001287,0.27027027,0.162162162,0.154440154,0.002574003,-0.38024828,0
2024-10-21T12:35:56.203098030Z,AAPL,-17,-17,-100,-400,-1,-100,-500,-105,-63,-60,-1,-0.041625857,-0.244857982,-0.979431929,-0.00244858,-0.244857982,-1.224289912,-0.257100881,-0.154260529,-0.146914789,-0.00244858,0.361720021,0
2024-10-21T12:35:59.076399251Z,AAPL,17,17,100,400,1,100,500,105,63,60,1,0.043758044,0.257400257,1.02960103,0.002574003,0.257400257,1.287001287,0.27027027,0.162162162,0.154440154,0.002574003,-0.38024828,0
2024-10-21T12:35:59.076412669Z,AAPL,-17,-17,-100,-400,-1,-100,-500,-105,-63,-60,-1,-0.041625857,-0.244857982,-0.979431929,-0.00244858,-0.244857982,-1.224289912,-0.257100881,-0.154260529,-0.146914789,-0.00244858,0.361720021,0
2024-10-21T12:35:59.437757339Z,AAPL,0,0,0,200,1,505,10,100,15,100,10,0,0,0.529941706,0.002649709,1.338102809,0.026497085,0.264970853,0.039745628,0.264970853,0.026497085,-0.282302717,0
2024-10-21T12:35:59.494791441Z,AAPL,0,0,200,-200,-1,-505,-10,-100,-15,-100,-10,0,0.514933059,-0.514933059,-0.002574665,-1.300205973,-0.025746653,-0.257466529,-0.038619979,-0.257466529,-0.025746653,0.241481445,0
2024-10-21T12:36:00.843631726Z,AAPL,0,0,200,1207,1,505,10,100,15,100,10,0,0.529941706,3.198198198,0.002649709,1.338102809,0.026497085,0.264970853,0.039745628,0.264970853,0.026497085,-0.596086987,0
2024-10-21T12:36:02.353651432Z,AAPL,0,0,-200,-1207,-1,-505,-10,-100,-15,-100,-10,0,-0.542888165,-3.276330076,-0.002714441,-1.370792617,-0.027144408,-0.271444083,-0.040716612,-0.271444083,-0.027144408,0.610649373,0
2024-10-21T12:36:02.353665960Z,AAPL,0,0,0,200,1,505,10,100,15,100,10,0,0,0.529941706,0.002649709,1.338102809,0.026497085,0.264970853,0.039745628,0.264970853,0.026497085,-0.282302717,0
2024-10-21T12:36:07.530496723Z,AAPL,17,17,100,400,1,100,500,105,63,60,1,0.047552448,0.27972028,1.118881119,0.002797203,0.27972028,1.398601399,0.293706294,0.176223776,0.167832168,0.002797203,-0.413220858,0
2024-10-21T12:36:07.530508969Z,AAPL,0,0,-100,-400,-1,-100,-500,-105,-63,-60,-1,0,-0.251635632,-1.006542526,-0.002516356,-0.251635632,-1.258178158,-0.264217413,-0.158530448,-0.150981379,-0.002516356,0.370880745,0
2024-10-21T12:36:07.585080931Z,AAPL,0,0,0,200,0,0,0,0,0,0,0,0,0,0.503271263,0,0,0,0,0,0,0,-0.052812262,0
2024-10-21T12:36:09.508691863Z,AAPL,-400,-400,100,400,1,100,500,105,63,60,1,-1.006289308,0.251572327,1.006289308,0.002515723,0.251572327,1.257861635,0.264150943,0.158490566,0.150943396,0.002515723,-0.350753495,0
2024-10-21T12:36:10.549225606Z,AAPL,-417,-417,-100,-400,-1,-100,-500,-105,-63,-60,-1,-1.04826546,-0.251382604,-1.005530417,-0.002513826,-0.251382604,-1.256913022,-0.263951735,-0.158371041,-0.150829563,-0.002513826,0.391377452,0
2024-10-21T12:36:43.158440811Z,AAPL,0,0,200,1207,0,0,0,0,0,0,0,0,0.502765209,3.034188034,0,0,0,0,0,0,0,-0.350451927,0
2024-10-21T12:36:43.375021837Z,AAPL,0,0,-200,-1207,-1,-505,-10,-100,-15,-100,-10,0,-0.514403292,-3.104423868,-0.002572016,-1.298868313,-0.025720165,-0.257201646,-0.038580247,-0.257201646,-0.025720165,0.578609128,0
2024-10-21T12:36:43.375035050Z,AAPL,0,0,0,200,1,505,10,100,15,100,10,0,0,0.502765209,0.002513826,1.269482152,0.02513826,0.251382604,0.037707391,0.251382604,0.02513826,-0.267825655,0
2024-10-21T12:36:50.819889336Z,AAPL,0,0,0,200,0,0,0,0,0,0,0,0,0,0.502765209,0,0,0,0,0,0,0,-0.052759158,0
2024-10-21T12:36:53.683336201Z,AAPL,100,100,80,1207,200,1,505,10,100,15,100,0.245821042,0.196656834,2.96705998,0.491642085,0.00245821,1.241396264,0.024582104,0.245821042,0.036873156,0.245821042,-0.628878401,0
2024-10-21T12:36:54.097617679Z,AAPL,0,0,0,0,-200,-1,-505,-10,-100,-15,-100,0,0,0,-0.515729758,-0.002578649,-1.302217638,-0.025786488,-0.257864879,-0.038679732,-0.257864879,0.314793385,0
2024-10-21T12:36:54.097630082Z,AAPL,0,0,0,0,400,1,505,10,100,15,100,0,0,0,0.937207123,0.002343018,1.183223993,0.023430178,0.234301781,0.035145267,0.234301781,-0.375400316,0
2024-10-21T12:36:54.153856242Z,AAPL,0,0,-417,-100,-400,-1,-100,-500,-105,-63,-60,0,-1.040419162,-0.249500998,-0.998003992,-0.00249501,-0.249500998,-1.24750499,-0.261976048,-0.157185629,-0.149700599,0.514002556,0
2024-10-21T12:36:56.765119762Z,AAPL,0,0,17,100,400,1,100,500,105,63,60,0,0.043950362,0.258531541,1.034126163,0.002585315,0.258531541,1.292657704,0.271458118,0.162874871,0.155118925,-0.466682833,0
2024-10-21T12:36:56.765132861Z,AAPL,0,0,-17,-100,-400,-1,-100,-500,-105,-63,-60,0,-0.04241517,-0.249500998,-0.998003992,-0.00249501,-0.249500998,-1.24750499,-0.261976048,-0.157185629,-0.149700599,0.450381537,0
2024-10-21T12:36:56.819654707Z,AAPL,0,0,200,0,-400,-1,-505,-10,-100,-15,-100,0,0.523834468,0,-1.047668937,-0.002619172,-1.322682032,-0.026191723,-0.261917234,-0.039287585,-0.261917234,0.386252495,0
2024-10-21T12:36:57.476523790Z,AAPL,0,0,-200,0,0,0,0,0,0,0,0,0,-0.523834468,0,0,0,0,0,0,0,0,0.033393537,0
2024-10-21T12:36:58.378164795Z,AAPL,0,0,1,280,1207,1,505,10,100,15,100,0,0.002625361,0.735101076,3.168810711,0.002625361,1.325807299,0.02625361,0.262536099,0.039380415,0.262536099,-0.902016786,0
2024-10-21T12:36:58.406534723Z,AAPL,0,0,0,-200,0,0,0,0,0,0,0,0,0,-0.55417013,0,0,0,0,0,0,0,0.058153486,0
2024-10-21T12:36:58.406546557Z,AAPL,0,0,0,0,0,400,0,0,0,0,0,0,0,0,0,0.997755051,0,0,0,0,0,-0.122856257,0
2024-10-21T12:36:58.464922853Z,AAPL,0,0,-200,0,0,0,0,0,0,0,0,0,-0.498877526,0,0,0,0,0,0,0,0,0.031802575,0
2024-10-21T12:37:00.372093470Z,AAPL,0,0,-200,0,0,0,0,0,0,0,0,0,-0.498877526,0,0,0,0,0,0,0,0,0.031802575,0
2024-10-21T12:37:00.454146766Z,AAPL,0,0,0,0,0,200,1,505,10,100,15,0,0,0,0,0.539228903,0.002696145,1.361552979,0.026961445,0.269614451,0.040442168,-0.258034086,0
2024-10-21T12:37:00.536164034Z,AAPL,0,0,0,0,200,-200,-1,-505,-10,-100,-15,0,0,0,0.525072197,-0.525072197,-0.002625361,-1.325807299,-0.02625361,-0.262536099,-0.039380415,0.151118042,0
2024-10-21T12:37:01.064935080Z,AAPL,0,0,0,0,0,0,0,0,0,0,0,0,0,0,0,0,0,0,0,0,0,0,-50
2024-10-21T12:37:01.064935080Z,AAPL,-50,-50,0,0,0,0,0,0,0,0,0,-0.133014099,0,0,0,0,0,0,0,0,0,0.002648142,0
2024-10-21T12:37:01.064997491Z,AAPL,0,0,0,0,-200,0,0,0,0,0,0,0,0,0,-0.561955606,0,0,0,0,0,0,0.107176118,0
2024-10-21T12:37:01.065010830Z,AAPL,0,0,0,0,0,0,0,0,0,0,0,0,0,0,0,0,0,0,0,0,0,0,-50
2024-10-21T12:37:01.065010830Z,AAPL,-50,-50,-1,-80,-1207,-1,-505,-10,-100,-15,-100,-0.14208582,-0.002841716,-0.227337312,-3.429951691,-0.002841716,-1.43506678,-0.028417164,-0.28417164,-0.042625746,-0.28417164,0.919539748,0
2024-10-21T12:37:01.065032811Z,AAPL,-4,-4,-200,-17,-100,-400,-1,-100,-500,-105,-63,-0.011248594,-0.562429696,-0.047806524,-0.281214848,-1.124859393,-0.002812148,-0.281214848,-1.406074241,-0.295275591,-0.177165354,0.431407229,0
2024-10-21T12:37:01.065044515Z,AAPL,4,4,200,17,100,400,1,100,500,105,63,0.011366866,0.568343279,0.048309179,0.28417164,1.136686559,0.002841716,0.28417164,1.420858198,0.298380222,0.179028133,-0.435943196,0
2024-10-21T12:37:01.065398746Z,AAPL,-4,-4,-200,-17,-100,-400,-1,-100,-500,-105,-63,-0.011160714,-0.558035714,-0.047433036,-0.279017857,-1.116071429,-0.002790179,-0.279017857,-1.395089286,-0.29296875,-0.17578125,0.42803686,0
2024-10-21T12:37:01.134392616Z,AAPL,0,0,0,0,400,0,0,0,0,0,0,0,0,0,1.004016064,0,0,0,0,0,0,-0.191485845,0
2024-10-21T12:37:01.201495261Z,AAPL,0,0,0,0,-400,0,0,0,0,0,0,0,0,0,-1.116071429,0,0,0,0,0,0,0.212857033,0
2024-10-21T12:37:01.201507987Z,AAPL,0,0,0,0,0,200,505,10,100,15,100,0,0,0,0,0.529941706,1.338102809,0.026497085,0.264970853,0.039745628,0.264970853,-0.287324585,0
2024-10-21T12:37:01.461864865Z,AAPL,0,0,0,0,200,-200,-505,-10,-100,-15,-100,0,0,0,0.528541226,-0.528541226,-1.334566596,-0.026427061,-0.264270613,-0.039640592,-0.264270613,0.18576194,0
2024-10-21T12:37:01.498580512Z,AAPL,-128,-128,-4,-200,-17,-100,-400,-1,-100,-500,-105,-0.347731595,-0.010866612,-0.543330617,-0.046183102,-0.271665308,-1.086661233,-0.002716653,-0.271665308,-1.358326542,-0.285248574,0.396802388,0
2024-10-21T12:37:02.076277129Z,AAPL,0,0,0,0,200,0,0,0,0,0,0,0,0,0,0.5153311,0,0,0,0,0,0,-0.098283897,0
2024-10-21T12:37:02.131181816Z,AAPL,0,0,0,0,-200,0,0,0,0,0,0,0,0,0,-0.543330617,0,0,0,0,0,0,0.103623962,0
2024-10-21T12:37:02.131194998Z,AAPL,0,0,0,400,1207,1,505,10,100,15,100,0,0,1.033324722,3.11805735,0.002583312,1.304572462,0.025833118,0.258331181,0.038749677,0.258331181,-0.919935421,0
2024-10-21T12:37:05.074380125Z,AAPL,-2,-2,-128,-4,-200,-17,-100,-400,-1,-100,-500,-0.00592944,-0.379484139,-0.011858879,-0.592943967,-0.050400237,-0.296471983,-1.185887934,-0.00296472,-0.296471983,-1.482359917,0.47252009,0
2024-10-21T12:37:09.471991076Z,AAPL,0,0,-14,0,0,0,0,0,0,0,0,0,-0.041334514,0,0,0,0,0,0,0,0,0.002635003,0
2024-10-21T12:37:09.476084016Z,AAPL,0,0,14,0,0,0,0,0,0,0,0,0,0.041506078,0,0,0,0,0,0,0,0,-0.00264594,0
2024-10-21T12:37:09.756862909Z,AAPL,0,0,0,-400,-1207,-1,-505,-10,-100,-15,-100,0,0,-1.340931948,-4.046262152,-0.00335233,-1.692926584,-0.033523299,-0.335232987,-0.050284948,-0.335232987,1.193788137,0
2024-10-21T12:37:09.756876626Z,AAPL,0,0,0,0,400,0,0,0,0,0,0,0,0,0,1.182382501,0,0,0,0,0,0,-0.225503874,0
2024-10-21T12:37:10.616114227Z,AAPL,0,0,0,400,1207,1,505,10,100,15,100,0,0,1.185887934,3.57841684,0.00296472,1.497183516,0.029647198,0.296471983,0.044470798,0.296471983,-1.05575749,0
2024-10-21T12:37:17.205123764Z,AAPL,0,0,0,-400,-1207,-1,-505,-10,-100,-15,-100,0,0,-1.340931948,-4.046262152,-0.00335233,-1.692926584,-0.033523299,-0.335232987,-0.050284948,-0.335232987,1.193788137,0
2024-10-21T12:37:17.205136424Z,AAPL,0,0,0,0,400,0,0,0,0,0,0,0,0,0,1.182382501,0,0,0,0,0,0,-0.225503874,0
2024-10-21T12:37:19.163732276Z,AAPL,0,0,0,0,0,17,100,400,1,100,500,0,0,0,0,0.046158023,0.271517784,1.086071138,0.002715178,0.271517784,1.357588922,-0.305777082,0
2024-10-21T12:37:19.163745804Z,AAPL,0,0,0,0,0,-17,-100,-400,-1,-100,-500,0,0,0,0,-0.050251256,-0.295595625,-1.182382501,-0.002955956,-0.295595625,-1.477978126,0.332892993,0
2024-10-21T12:37:19.224217636Z,AAPL,0,0,0,0,0,-200,0,0,0,0,0,0,0,0,0,-0.59119125,0,0,0,0,0,0.072794965,0
2024-10-21T12:37:24.436550463Z,AAPL,0,0,0,400,1207,1,505,10,100,15,100,0,0,1.185887934,3.57841684,0.00296472,1.497183516,0.029647198,0.296471983,0.044470798,0.296471983,-1.05575749,0
2024-10-21T12:37:25.366548710Z,AAPL,0,0,0,-400,-1207,-1,-505,-10,-100,-15,-100,0,0,-1.340931948,-4.046262152,-0.00335233,-1.692926584,-0.033523299,-0.335232987,-0.050284948,-0.335232987,1.193788137,0
2024-10-21T12:37:25.366561737Z,AAPL,0,0,0,0,400,0,0,0,0,0,0,0,0,0,1.182382501,0,0,0,0,0,0,-0.225503874,0
2024-10-21T12:37:27.922279446Z,AAPL,0,0,0,400,1207,1,505,10,100,15,100,0,0,1.185887934,3.57841684,0.00296472,1.497183516,0.029647198,0.296471983,0.044470798,0.296471983,-1.05575749,0
2024-10-21T12:37:36.585363105Z,AAPL,0,0,0,-400,-1207,-1,-505,-10,-100,-15,-100,0,0,-1.340931948,-4.046262152,-0.00335233,-1.692926584,-0.033523299,-0.335232987,-0.050284948,-0.335232987,1.193788137,0
2024-10-21T12:37:36.585375675Z,AAPL,0,0,0,0,400,0,0,0,0,0,0,0,0,0,1.182382501,0,0,0,0,0,0,-0.225503874,0
2024-10-21T12:37:36.952501284Z,AAPL,0,0,0,400,1207,1,505,10,100,15,100,0,0,1.185887934,3.57841684,0.00296472,1.497183516,0.029647198,0.296471983,0.044470798,0.296471983,-1.05575749,0
2024-10-21T12:37:38.907567221Z,AAPL,0,0,0,0,0,-200,0,0,0,0,0,0,0,0,0,-0.592943967,0,0,0,0,0,0.073010782,0
2024-10-21T12:37:39.163653557Z,AAPL,0,0,0,200,0,0,0,0,0,0,0,0,0,0.630318311,0,0,0,0,0,0,0,-0.066144321,0
2024-10-21T12:37:39.594538033Z,AAPL,0,0,0,0,0,-200,0,0,0,0,0,0,0,0,0,-0.630318311,0,0,0,0,0,0.077612785,0
2024-10-21T12:37:42.591822605Z,AAPL,0,0,0,-200,-1207,-1,-505,-10,-100,-15,-100,0,0,-0.670465974,-4.046262152,-0.00335233,-1.692926584,-0.033523299,-0.335232987,-0.050284948,-0.335232987,1.123430802,0
2024-10-21T12:37:42.591835289Z,AAPL,0,0,0,400,0,0,0,0,0,0,0,0,0,1.182382501,0,0,0,0,0,0,0,-0.124076814,0
2024-10-21T12:37:47.411231127Z,AAPL,1,1,1,80,1607,1,505,10,100,15,100,0.002963841,0.002963841,0.237107291,4.762892709,0.002963841,1.496739775,0.029638411,0.296384114,0.044457617,0.296384114,-1.182271695,0
2024-10-21T12:37:48.676986240Z,AAPL,-2,-2,-2,-128,-4,-200,-17,-100,-400,-1,-100,-0.006064281,-0.006064281,-0.388114008,-0.012128563,-0.606428138,-0.051546392,-0.303214069,-1.212856277,-0.003032141,-0.303214069,0.296120423,0
2024-10-21T12:37:48.750455978Z,AAPL,0,0,0,0,0,0,17,100,400,1,100,0,0,0,0,0,0.053158224,0.312695435,1.250781739,0.003126954,0.312695435,-0.183463807,0
2024-10-21T12:37:48.750469059Z,AAPL,0,0,0,0,0,0,-17,-100,-400,-1,-100,0,0,0,0,0,-0.051546392,-0.303214069,-1.212856277,-0.003032141,-0.303214069,0.177900926,0
2024-10-21T12:37:48.859269056Z,AAPL,0,0,0,0,0,0,-200,0,0,0,0,0,0,0,0,0,-0.606428138,0,0,0,0,0.077007843,0
2024-10-21T12:37:49.104334459Z,AAPL,0,0,0,0,0,0,17,100,400,1,100,0,0,0,0,0,0.053158224,0.312695435,1.250781739,0.003126954,0.312695435,-0.183463807,0
2024-10-21T12:37:49.104346675Z,AAPL,0,0,0,0,0,0,-17,-100,-400,-1,-100,0,0,0,0,0,-0.051546392,-0.303214069,-1.212856277,-0.003032141,-0.303214069,0.177900926,0
2024-10-21T12:37:49.160516949Z,AAPL,0,0,0,400,-400,0,0,0,0,0,0,0,0,1.212856277,-1.212856277,0,0,0,0,0,0,0.104041159,0
2024-10-21T12:37:50.467783433Z,AAPL,0,0,0,-400,0,0,0,0,0,0,0,0,0,-1.38026225,0,0,0,0,0,0,0,0.144841912,0
2024-10-21T12:37:50.467796686Z,AAPL,0,0,0,0,400,0,0,0,0,0,0,0,0,0,1.212856277,0,0,0,0,0,0,-0.231315829,0
2024-10-21T12:37:50.525418175Z,AAPL,0,0,0,0,0,0,-200,0,0,0,0,0,0,0,0,0,-0.606428138,0,0,0,0,0.077007843,0
2024-10-21T12:37:51.258156258Z,AAPL,0,0,0,0,0,0,17,100,400,1,100,0,0,0,0,0,0.053158224,0.312695435,1.250781739,0.003126954,0.312695435,-0.183463807,0
2024-10-21T12:37:51.258169160Z,AAPL,0,0,0,0,0,0,-17,-100,-400,-1,-100,0,0,0,0,0,-0.051546392,-0.303214069,-1.212856277,-0.003032141,-0.303214069,0.177900926,0
2024-10-21T12:37:51.310797013Z,AAPL,0,0,0,400,-400,0,0,0,0,0,0,0,0,1.212856277,-1.212856277,0,0,0,0,0,0,0.104041159,0
2024-10-21T12:37:54.120490249Z,AAPL,0,0,0,400,80,1207,1,505,10,100,15,0,0,1.250781739,0.250156348,3.774233896,0.003126954,1.579111945,0.031269543,0.312695435,0.046904315,-0.86595445,0
2024-10-21T12:37:54.459888299Z,AAPL,0,0,0,0,0,0,-200,0,0,0,0,0,0,0,0,0,-0.625390869,0,0,0,0,0.079415843,0
2024-10-21T12:37:57.227102986Z,AAPL,0,0,0,0,0,0,-200,0,0,0,0,0,0,0,0,0,-0.625390869,0,0,0,0,0.079415843,0
2024-10-21T12:38:00.262765699Z,AAPL,0,0,0,-400,-80,-1207,-1,-505,-10,-100,-15,0,0,-1.38026225,-0.27605245,-4.164941339,-0.003450656,-1.74258109,-0.034506556,-0.345065562,-0.051759834,0.955597767,0
2024-10-21T12:38:00.262778489Z,AAPL,0,0,0,0,400,1207,1,505,10,100,15,0,0,0,1.250781739,3.774233896,0.003126954,1.579111945,0.031269543,0.312695435,0.046904315,-0.925539134,0
2024-10-21T12:38:00.316954864Z,AAPL,0,0,0,400,-400,-1207,-1,-505,-10,-100,-15,0,0,1.212856277,-1.212856277,-3.659793814,-0.003032141,-1.531231049,-0.030321407,-0.303214069,-0.04548211,0.770200815,0
2024-10-21T12:38:00.336429148Z,AAPL,0,0,0,0,0,0,17,100,400,1,100,0,0,0,0,0,0.053158224,0.312695435,1.250781739,0.003126954,0.312695435,-0.183463807,0
2024-10-21T12:38:00.336442519Z,AAPL,0,0,0,0,0,0,-17,-100,-400,-1,-100,0,0,0,0,0,-0.051546392,-0.303214069,-1.212856277,-0.003032141,-0.303214069,0.177900926,0
2024-10-21T12:38:00.442444353Z,AAPL,0,0,0,0,0,0,-200,0,0,0,0,0,0,0,0,0,-0.606428138,0,0,0,0,0.077007843,0
2024-10-21T12:38:00.603243988Z,AAPL,0,0,0,0,0,0,-200,0,0,0,0,0,0,0,0,0,-0.606428138,0,0,0,0,0.077007843,0
2024-10-21T12:38:01.201736475Z,AAPL,0,0,0,0,0,0,0,0,0,0,0,0,0,0,0,0,0,0,0,0,0,0,-1
2024-10-21T12:38:01.201736475Z,AAPL,-1,-1,-1,-480,-1207,-1,-505,-10,-100,-15,-100,-0.003023889,-0.003023889,-1.451466586,-3.649833686,-0.003023889,-1.527063804,-0.030238887,-0.302388872,-0.045358331,-0.302388872,1.102466573,0
2024-10-21T12:38:01.269398755Z,AAPL,0,0,-400,0,0,0,0,0,0,0,0,0,-1.375988992,0,0,0,0,0,0,0,0,0.087716906,0
2024-10-21T12:38:01.269411943Z,AAPL,0,0,0,0,400,1,505,10,100,15,100,0,0,0,1.213224143,0.00303306,1.531695481,0.030330604,0.303306036,0.045495905,0.303306036,-0.485959524,0
2024-10-21T12:38:01.547036937Z,AAPL,0,0,-80,-1207,-400,-1,-505,-10,-100,-15,-100,0,-0.247908274,-3.740316083,-1.23954137,-0.003098853,-1.564920979,-0.030988534,-0.309885342,-0.046482801,-0.309885342,0.904805827,0
2024-10-21T12:38:02.096094950Z,AAPL,0,0,0,-200,0,0,0,0,0,0,0,0,0,-0.660720185,0,0,0,0,0,0,0,0.069334632,0
2024-10-21T12:38:02.402017086Z,AAPL,0,0,0,200,0,0,0,0,0,0,0,0,0,0.619770685,0,0,0,0,0,0,0,-0.065037475,0
2024-10-21T12:38:02.465417465Z,AAPL,0,0,0,-200,0,0,0,0,0,0,0,0,0,-0.660720185,0,0,0,0,0,0,0,0.069334632,0
2024-10-21T12:38:02.465429218Z,AAPL,0,0,400,-200,-1,-505,-10,-100,-15,-100,-10,0,1.19868145,-0.599340725,-0.002996704,-1.513335331,-0.029967036,-0.299670363,-0.044950554,-0.299670363,-0.029967036,0.242858079,0
2024-10-21T12:38:13.050394683Z,AAPL,-24,-24,-2,-2,-128,-4,-200,-17,-100,-400,-1,-0.071856287,-0.005988024,-0.005988024,-0.383233533,-0.011976048,-0.598802395,-0.050898204,-0.299401198,-1.19760479,-0.002994012,0.277551299,0
2024-10-21T12:38:13.124071363Z,AAPL,0,0,0,0,0,0,0,17,100,400,1,0,0,0,0,0,0,0.054122891,0.318369946,1.273479784,0.003183699,-0.132394419,0
2024-10-21T12:38:13.124084446Z,AAPL,0,0,0,0,0,0,0,-17,-100,-400,-1,0,0,0,0,0,0,-0.050898204,-0.299401198,-1.19760479,-0.002994012,0.124506248,0
2024-10-21T12:38:18.490902611Z,AAPL,0,0,-400,0,0,0,0,0,0,0,0,0,-1.360544218,0,0,0,0,0,0,0,0,0.086732328,0
2024-10-21T12:38:18.490913936Z,AAPL,0,0,0,200,1,505,10,100,15,100,10,0,0,0.660066007,0.00330033,1.666666667,0.0330033,0.330033003,0.04950495,0.330033003,0.0330033,-0.351620612,0
2024-10-21T12:38:20.985998839Z,AAPL,0,0,0,0,0,0,0,0,0,0,0,0,0,0,0,0,0,0,0,0,0,0,-1
2024-10-21T12:38:20.985998839Z,AAPL,-1,-1,-1207,-200,-1,-505,-10,-100,-15,-100,-10,-0.003185728,-3.845173622,-0.637145588,-0.003185728,-1.608792609,-0.031857279,-0.318572794,-0.047785919,-0.318572794,-0.031857279,0.584597341,0
2024-10-21T12:38:20.986025309Z,AAPL,-4,-4,-24,-2,-2,-128,-4,-200,-17,-100,-400,-0.01459854,-0.087591241,-0.00729927,-0.00729927,-0.467153285,-0.01459854,-0.729927007,-0.062043796,-0.364963504,-1.459854015,0.310839131,0
2024-10-21T12:38:20.986183368Z,AAPL,0,0,-200,-1,-505,-10,-100,-15,-100,-10,-110,0,-0.757575758,-0.003787879,-1.912878788,-0.037878788,-0.378787879,-0.056818182,-0.378787879,-0.037878788,-0.416666667,0.544842239,0
2024-10-21T12:38:20.986209570Z,AAPL,0,0,-4,-24,-2,-2,-128,-4,-200,-17,-100,0,-0.015151515,-0.090909091,-0.007575758,-0.007575758,-0.484848485,-0.015151515,-0.757575758,-0.064393939,-0.378787879,0.180907613,0
2024-10-21T12:38:20.986221127Z,AAPL,0,0,-2,0,0,0,0,0,0,0,0,0,-0.007570023,0,0,0,0,0,0,0,0,0.000482576,0
2024-10-21T12:38:20.986359911Z,AAPL,0,0,-128,0,0,0,0,0,0,0,0,0,-0.462093863,0,0,0,0,0,0,0,0,0.02945768,0
2024-10-21T12:38:20.986378447Z,AAPL,0,0,0,0,0,0,0,0,200,17,100,0,0,0,0,0,0,0,0.697836706,0.05931612,0.348918353,-0.096369581,0
2024-10-21T12:38:20.986396044Z,AAPL,-4,-4,0,0,0,0,0,0,0,0,0,-0.013937282,0,0,0,0,0,0,0,0,0,0.000277474,0
2024-10-21T12:38:20.986433209Z,AAPL,0,0,0,0,0,0,0,200,17,100,400,0,0,0,0,0,0,0.636537237,0.054105665,0.318268619,1.273074475,-0.212285442,0
2024-10-21T12:38:20.986615985Z,AAPL,0,0,100,0,0,0,0,0,0,0,0,0,0.328731098,0,0,0,0,0,0,0,0,-0.020956036,0
2024-10-21T12:38:20.986887376Z,AAPL,-5,-5,-130,-4,-24,-2,-2,-200,-17,-100,-400,-0.018050542,-0.469314079,-0.014440433,-0.086642599,-0.007220217,-0.007220217,-0.722021661,-0.061371841,-0.36101083,-1.444043321,0.290917582,0
2024-10-21T12:38:20.986924542Z,AAPL,0,0,0,0,0,0,0,200,17,100,400,0,0,0,0,0,0,0.631313131,0.053661616,0.315656566,1.262626263,-0.2105432,0
2024-10-21T12:38:20.990315989Z,AAPL,0,0,0,2,0,0,0,0,0,0,0,0,0,0.006317119,0,0,0,0,0,0,0,-0.000662906,0
2024-10-21T12:38:21.053639879Z,AAPL,0,0,400,1,505,10,100,15,100,10,110,0,1.15406809,0.00288517,1.457010964,0.028851702,0.288517023,0.043277553,0.288517023,0.028851702,0.317368725,-0.451783045,0
2024-10-21T12:38:21.057112403Z,AAPL,0,0,-400,-1,-505,-10,-100,-15,-100,-10,-110,0,-1.263423879,-0.00315856,-1.595072647,-0.031585597,-0.31585597,-0.047378395,-0.31585597,-0.031585597,-0.347441567,0.494592556,0
2024-10-21T12:38:21.064804647Z,AAPL,0,0,0,400,0,0,0,0,0,0,0,0,0,1.121704992,0,0,0,0,0,0,0,-0.11770944,0
2024-10-21T12:38:21.064830997Z,AAPL,0,0,0,0,0,0,0,-200,0,0,0,0,0,0,0,0,0,-0.531067446,0,0,0,0.064349299,0
2024-10-21T12:38:21.086105964Z,AAPL,0,0,1,0,0,0,0,0,0,0,0,0,0.002656042,0,0,0,0,0,0,0,0,-0.000169318,0
2024-10-21T12:38:21.116614965Z,AAPL,0,0,0,0,0,0,0,200,0,0,0,0,0,0,0,0,0,0.561009818,0,0,0,-0.067977408,0
2024-10-21T12:38:21.116627916Z,AAPL,0,0,0,0,0,0,0,-200,0,0,0,0,0,0,0,0,0,-0.531208499,0,0,0,0.06436639,0
2024-10-21T12:38:21.127620498Z,AAPL,0,0,0,0,0,0,0,-400,0,0,0,0,0,0,0,0,0,-1.062416999,0,0,0,0.12873278,0
2024-10-21T12:38:21.712864469Z,AAPL,0,0,0,-200,0,0,0,0,0,0,0,0,0,-0.561009818,0,0,0,0,0,0,0,0.058871229,0
2024-10-21T12:38:21.828276411Z,AAPL,0,0,0,200,0,0,0,0,0,0,0,0,0,0.531208499,0,0,0,0,0,0,0,-0.055743939,0
2024-10-21T12:38:22.256456628Z,AAPL,0,0,0,-200,0,0,0,0,0,0,0,0,0,-0.561009818,0,0,0,0,0,0,0,0.058871229,0
2024-10-21T12:38:22.256482691Z,AAPL,0,0,0,200,505,10,100,15,100,10,110,0,0,0.577200577,1.457431457,0.028860029,0.288600289,0.043290043,0.288600289,0.028860029,0.317460317,-0.438589766,0
2024-10-21T12:38:23.254687557Z,AAPL,0,0,0,0,0,0,0,0,0,0,0,0,0,0,0,0,0,0,0,0,0,0,0
2024-10-21T12:38:24.119784545Z,AAPL,0,0,0,200,0,0,0,0,0,0,0,0,0,0.577200577,0,0,0,0,0,0,0,-0.060570254,0
2024-10-21T12:38:24.411319477Z,AAPL,0,0,0,-200,-505,-10,-100,-15,-100,-10,-110,0,0,-0.59435364,-1.500742942,-0.029717682,-0.29717682,-0.044576523,-0.29717682,-0.029717682,-0.326894502,0.451623637,0
2024-10-21T12:38:24.411330476Z,AAPL,0,0,0,200,505,10,100,15,100,10,110,0,0,0.577200577,1.457431457,0.028860029,0.288600289,0.043290043,0.288600289,0.028860029,0.317460317,-0.438589766,0
2024-10-21T12:38:27.465707438Z,AAPL,0,0,0,200,0,0,0,0,0,0,0,0,0,0.577200577,0,0,0,0,0,0,0,-0.060570254,0
2024-10-21T12:38:27.556753199Z,AAPL,0,0,0,-200,-505,-10,-100,-15,-100,-10,-110,0,0,-0.59435364,-1.500742942,-0.029717682,-0.29717682,-0.044576523,-0.29717682,-0.029717682,-0.326894502,0.451623637,0
2024-10-21T12:38:27.556765455Z,AAPL,0,0,0,200,505,10,100,15,100,10,110,0,0,0.577200577,1.457431457,0.028860029,0.288600289,0.043290043,0.288600289,0.028860029,0.317460317,-0.438589766,0
2024-10-21T12:38:27.614000492Z,AAPL,0,0,0,-200,-505,-10,-100,-15,-100,-10,-110,0,0,-0.59435364,-1.500742942,-0.029717682,-0.29717682,-0.044576523,-0.29717682,-0.029717682,-0.326894502,0.451623637,0
2024-10-21T12:38:27.614012681Z,AAPL,0,0,0,200,505,10,100,15,100,10,110,0,0,0.577200577,1.457431457,0.028860029,0.288600289,0.043290043,0.288600289,0.028860029,0.317460317,-0.438589766,0
2024-10-21T12:38:27.623739112Z,AAPL,0,0,0,0,0,0,-400,17,100,400,1,0,0,0,0,0,-1.15406809,0.049047894,0.288517023,1.15406809,0.00288517,0.026570359,0
2024-10-21T12:38:28.193154770Z,AAPL,0,0,0,0,0,-400,400,0,0,0,0,0,0,0,0,-1.15406809,1.15406809,0,0,0,0,-0.004446913,0
2024-10-21T12:38:28.732222683Z,AAPL,-128,-128,-4,-128,-4,-424,-2,-17,-100,-400,-1,-0.365192582,-0.011412268,-0.365192582,-0.011412268,-1.209700428,-0.005706134,-0.04850214,-0.285306705,-1.141226819,-0.002853067,0.316820448,0
2024-10-21T12:38:28.732261256Z,AAPL,0,0,0,0,0,0,0,17,100,400,1,0,0,0,0,0,0,0.048515982,0.285388128,1.141552511,0.002853881,-0.118678901,0
2024-10-21T12:38:30.670563949Z,AAPL,0,0,200,1,0,0,0,0,0,0,0,0,0.570776256,0.002853881,0,0,0,0,0,0,0,-0.036685474,0
2024-10-21T12:38:30.672097186Z,AAPL,0,0,0,0,0,0,400,0,0,0,0,0,0,0,0,0,1.288659794,0,0,0,0,-0.163641667,0
2024-10-21T12:38:30.672110180Z,AAPL,0,0,0,0,0,0,0,-17,-100,-400,-1,0,0,0,0,0,0,-0.051468362,-0.302755071,-1.211020285,-0.003027551,0.12590096,0
2024-10-21T12:38:30.672237085Z,AAPL,0,0,0,0,0,0,0,17,100,400,1,0,0,0,0,0,0,0.054768041,0.322164948,1.288659794,0.003221649,-0.133972574,0
2024-10-21T12:38:30.672248660Z,AAPL,0,0,0,0,0,0,0,-17,-100,-400,-1,0,0,0,0,0,0,-0.048529832,-0.285469597,-1.14187839,-0.002854696,0.11871278,0
2024-10-21T12:38:31.614004753Z,AAPL,0,0,0,0,0,0,0,-400,0,0,0,0,0,0,0,0,0,-1.14187839,0,0,0,0.138361096,0
2024-10-21T12:38:32.037724092Z,AAPL,0,0,200,0,0,0,0,0,0,0,0,0,0.570939195,0,0,0,0,0,0,0,0,-0.036396381,0
2024-10-21T12:38:33.019264575Z,AAPL,0,0,-200,-1,-505,-10,-100,-15,-100,-10,-110,0,-0.587716721,-0.002938584,-1.483984719,-0.029385836,-0.29385836,-0.044078754,-0.29385836,-0.029385836,-0.323244196,0.42268102,0
2024-10-21T12:38:33.019275921Z,AAPL,0,0,0,200,505,10,100,15,100,10,110,0,0,0.570939195,1.441621467,0.02854696,0.285469597,0.04282044,0.285469597,0.02854696,0.314016557,-0.433832012,0
2024-10-21T12:38:33.943719177Z,AAPL,0,0,0,0,0,0,0,0,0,0,0,0,0,0,0,0,0,0,0,0,0,0,20
2024-10-21T12:38:33.943719177Z,AAPL,20,20,0,0,0,0,0,0,0,0,0,0.057421763,0,0,0,0,0,0,0,0,0,-0.001143195,0
2024-10-21T12:38:33.943747947Z,AAPL,0,0,0,0,0,0,0,0,0,0,0,0,0,0,0,0,0,0,0,0,0,0,128
2024-10-21T12:38:33.943747947Z,AAPL,128,128,4,128,4,24,400,17,100,400,1,0.369515012,0.011547344,0.369515012,0.011547344,0.069284065,1.154734411,0.049076212,0.288683603,1.154734411,0.002886836,-0.324286649,0
2024-10-21T12:38:33.943769475Z,AAPL,100,100,1207,1,200,505,10,100,15,100,10,0.289519398,3.494499131,0.002895194,0.579038796,1.462072959,0.02895194,0.289519398,0.04342791,0.289519398,0.02895194,-0.586411915,0
2024-10-21T12:38:33.943773105Z,AAPL,22,22,100,1207,1,200,505,10,100,15,100,0.063473745,0.288517023,3.482400462,0.00288517,0.577034045,1.457010964,0.028851702,0.288517023,0.043277553,0.288517023,-0.698499599,0
2024-10-21T12:38:33.943783290Z,AAPL,0,0,100,0,0,0,0,0,0,0,0,0,0.280426248,0,0,0,0,0,0,0,0,-0.017876686,0
2024-10-21T12:38:33.943793216Z,AAPL,33,33,0,0,0,0,0,0,0,0,0,0.091692137,0,0,0,0,0,0,0,0,0,-0.001825474,0
2024-10-21T12:38:33.943807790Z,AAPL,0,0,33,0,0,0,0,0,0,0,0,0,0.090859031,0,0,0,0,0,0,0,0,-0.005792105,0
2024-10-21T12:38:33.943810905Z,AAPL,0,0,-100,0,0,0,17,100,400,1,100,0,-0.309405941,0,0,0,0.05259901,0.309405941,1.237623762,0.003094059,0.309405941,-0.161809714,0
2024-10-21T12:38:33.943823630Z,AAPL,0,0,-100,0,0,0,0,0,0,0,0,0,-0.319284802,0,0,0,0,0,0,0,0,0.020353851,0
2024-10-21T12:38:33.944141857Z,AAPL,0,0,0,0,0,0,-17,-100,-400,-1,-100,0,0,0,0,0,-0.05259901,-0.309405941,-1.237623762,-0.003094059,-0.309405941,0.181533804,0
2024-10-21T12:38:33.944247536Z,AAPL,100,100,55,33,1207,1,200,505,10,100,15,0.309405941,0.170173267,0.10210396,3.734529703,0.003094059,0.618811881,1.5625,0.030940594,0.309405941,0.046410891,-1.038460831,0
2024-10-21T12:38:33.944267088Z,AAPL,0,0,0,0,0,0,17,100,400,1,100,0,0,0,0,0,0.054278416,0.319284802,1.277139208,0.003192848,0.319284802,-0.187329903,0
2024-10-21T12:38:33.952228694Z,AAPL,-100,-100,-55,-33,-1207,-1,-200,-505,-10,-100,-15,-0.319284802,-0.175606641,-0.105363985,-3.853767561,-0.003192848,-0.638569604,-1.61238825,-0.03192848,-0.319284802,-0.04789272,1.071617307,0
2024-10-21T12:38:33.952250005Z,AAPL,-22,-22,0,0,0,0,0,0,0,0,0,-0.07073955,0,0,0,0,0,0,0,0,0,0.001408335,0
2024-10-21T12:38:33.989609591Z,AAPL,0,0,0,0,0,0,-17,-100,-400,-1,-100,0,0,0,0,0,-0.052959502,-0.31152648,-1.246105919,-0.003115265,-0.31152648,0.182777961,0
2024-10-21T12:38:34.050783040Z,AAPL,0,0,0,0,0,0,-200,0,0,0,0,0,0,0,0,0,-0.586510264,0,0,0,0,0.074478553,0
2024-10-21T12:38:34.050814299Z,AAPL,0,0,-33,-1207,-1,-200,-505,-10,-100,-15,-100,0,-0.097431355,-3.563625627,-0.002952465,-0.590493062,-1.490994981,-0.029524653,-0.295246531,-0.04428698,-0.295246531,0.700888206,0
2024-10-21T12:38:34.203768072Z,AAPL,-33,-33,-1207,-1,-200,-505,-10,-100,-15,-100,-10,-0.095265589,-3.484411085,-0.002886836,-0.577367206,-1.457852194,-0.02886836,-0.288683603,-0.04330254,-0.288683603,-0.02886836,0.580868332,0
2024-10-21T12:38:34.505296009Z,AAPL,-128,-128,-4,-128,-4,-24,-400,-17,-100,-400,-1,-0.367499282,-0.011484353,-0.367499282,-0.011484353,-0.068906115,-1.148435257,-0.048808498,-0.287108814,-1.148435257,-0.002871088,0.322517643,0
2024-10-21T12:38:36.080592393Z,AAPL,0,0,200,1,0,0,0,0,0,0,0,0,0.574217628,0.002871088,0,0,0,0,0,0,0,-0.036906662,0
2024-10-21T12:38:36.293829552Z,AAPL,0,0,200,0,0,0,0,0,0,0,0,0,0.574217628,0,0,0,0,0,0,0,0,-0.036605375,0
2024-10-21T12:38:36.493352133Z,AAPL,0,0,0,0,0,0,0,200,0,0,0,0,0,0,0,0,0,0.609198903,0,0,0,-0.073816466,0
2024-10-21T12:38:36.493362781Z,AAPL,0,0,0,0,0,0,0,17,100,400,1,0,0,0,0,0,0,0.055123217,0.324254215,1.297016861,0.003242542,-0.134841398,0
2024-10-21T12:38:36.493424304Z,AAPL,2,2,1207,200,1,505,10,100,15,100,10,0.00672043,4.05577957,0.672043011,0.003360215,1.696908602,0.033602151,0.336021505,0.050403226,0.336021505,0.033602151,-0.616683515,0
2024-10-21T12:38:36.493836095Z,AAPL,0,0,0,0,0,0,0,-17,-100,-400,-1,0,0,0,0,0,0,-0.053543307,-0.31496063,-1.25984252,-0.003149606,0.130976652,0
2024-10-21T12:38:36.497532688Z,AAPL,-2,-2,-1207,-200,-1,-505,-10,-100,-15,-100,-10,-0.006091989,-3.676515382,-0.609198903,-0.003045995,-1.538227231,-0.030459945,-0.304599452,-0.045689918,-0.304599452,-0.030459945,0.559016187,0
2024-10-21T12:38:36.552185914Z,AAPL,0,0,0,0,0,0,0,-200,0,0,0,0,0,0,0,0,0,-0.574217628,0,0,0,0.069577795,0
2024-10-21T12:38:38.241994623Z,AAPL,0,0,-200,-1,-505,-10,-100,-15,-100,-10,-110,0,-0.59119125,-0.002955956,-1.492757907,-0.029559563,-0.295595625,-0.044339344,-0.295595625,-0.029559563,-0.325155188,0.425179873,0
2024-10-21T12:38:38.242007311Z,AAPL,0,0,0,200,505,10,100,15,100,10,110,0,0,0.574217628,1.449899512,0.028710881,0.287108814,0.043066322,0.287108814,0.028710881,0.315819696,-0.436323152,0
2024-10-21T12:38:41.493738059Z,AAPL,0,0,0,200,0,0,0,0,0,0,0,0,0,0.574217628,0,0,0,0,0,0,0,-0.06025723,0
2024-10-21T12:38:41.521748296Z,AAPL,0,0,200,1,0,0,0,0,0,0,0,0,0.574217628,0.002871088,0,0,0,0,0,0,0,-0.036906662,0
2024-10-21T12:38:41.531759226Z,AAPL,0,0,0,0,0,0,0,200,0,0,0,0,0,0,0,0,0,0.609198903,0,0,0,-0.073816466,0
2024-10-21T12:38:41.531773720Z,AAPL,0,0,0,0,0,0,0,-200,0,0,0,0,0,0,0,0,0,-0.574217628,0,0,0,0.069577795,0
2024-10-21T12:38:53.685919391Z,AAPL,-20,-20,-128,-4,-128,-4,-24,-400,-17,-100,-400,-0.064620355,-0.413570275,-0.012924071,-0.413570275,-0.012924071,-0.077544426,-1.292407108,-0.054927302,-0.323101777,-1.292407108,0.413131102,0
2024-10-21T12:38:53.685955694Z,AAPL,0,0,0,0,0,0,0,400,17,100,400,0,0,0,0,0,0,1.152405647,0.04897724,0.288101412,1.152405647,-0.261982229,0
2024-10-21T12:38:54.308447960Z,AAPL,0,0,-200,-1,-505,-10,-100,-15,-100,-10,-110,0,-0.593295758,-0.002966479,-1.498071789,-0.029664788,-0.296647879,-0.044497182,-0.296647879,-0.029664788,-0.326312667,0.426693417,0
2024-10-21T12:38:54.308461200Z,AAPL,0,0,0,200,505,10,100,15,100,10,110,0,0,0.576202823,1.454912129,0.028810141,0.288101412,0.043215212,0.288101412,0.028810141,0.316911553,-0.437831616,0
2024-10-21T12:38:54.572377396Z,AAPL,0,0,0,200,0,0,0,0,0,0,0,0,0,0.576202823,0,0,0,0,0,0,0,-0.060465552,0
2024-10-21T12:38:57.365590499Z,AAPL,0,0,0,200,0,0,0,0,0,0,0,0,0,0.576202823,0,0,0,0,0,0,0,-0.060465552,0
2024-10-21T12:39:00.408882228Z,AAPL,0,0,0,0,0,0,0,0,0,-100,-400,0,0,0,0,0,0,0,0,-0.325414904,-1.301659616,0.133213888,0
2024-10-21T12:39:05.885844391Z,AAPL,0,0,0,0,0,0,0,0,0,0,0,0,0,0,0,0,0,0,0,0,0,0,8
2024-10-21T12:39:05.885844391Z,AAPL,8,8,0,0,0,0,0,0,0,0,0,0.026101142,0,0,0,0,0,0,0,0,0,-0.000519641,0
2024-10-21T12:39:05.885875693Z,AAPL,0,0,0,0,0,0,0,0,0,0,0,0,0,0,0,0,0,0,0,0,0,0,20
2024-10-21T12:39:05.885875693Z,AAPL,20,20,128,4,128,4,400,17,2,100,400,0.057786767,0.369835308,0.011557353,0.369835308,0.011557353,1.155735337,0.049118752,0.005778677,0.288933834,1.155735337,-0.369411185,0
2024-10-21T12:39:05.885899748Z,AAPL,22,22,100,1207,1,200,505,10,100,15,100,0.063528732,0.288766965,3.485417268,0.00288767,0.57753393,1.458273174,0.028876697,0.288766965,0.043315045,0.288766965,-0.69910471,0
2024-10-21T12:39:05.885911152Z,AAPL,0,0,100,0,0,0,0,0,0,0,0,0,0.280662363,0,0,0,0,0,0,0,0,-0.017891738,0
2024-10-21T12:39:05.885912895Z,AAPL,0,0,-100,0,0,0,0,0,0,0,0,0,-0.288766965,0,0,0,0,0,0,0,0,0.018408392,0
2024-10-21T12:39:05.885925030Z,AAPL,0,0,-100,-1207,-1,-200,-505,-10,-100,-15,-100,0,-0.296471983,-3.57841684,-0.00296472,-0.592943967,-1.497183516,-0.029647198,-0.296471983,-0.044470798,-0.296471983,0.716460032,0
2024-10-21T12:39:05.885938282Z,AAPL,69,69,0,0,0,0,0,0,0,0,0,0.200464846,0,0,0,0,0,0,0,0,0,-0.003991001,0
2024-10-21T12:39:05.885953008Z,AAPL,0,0,69,1207,1,200,505,10,100,15,100,0,0.197086547,3.447586404,0.002856327,0.571265353,1.442445016,0.028563268,0.285632676,0.042844901,0.285632676,-0.684620888,0
2024-10-21T12:39:05.886355387Z,AAPL,100,100,91,69,1207,1,200,505,10,100,15,0.285632676,0.259925736,0.197086547,3.447586404,0.002856327,0.571265353,1.442445016,0.028563268,0.285632676,0.042844901,-0.976016123,0
2024-10-21T12:39:05.886369948Z,AAPL,0,0,0,0,0,0,17,2,100,400,1,0,0,0,0,0,0.054803353,0.006447453,0.322372663,1.289490651,0.003223727,-0.135158936,0
2024-10-21T12:39:05.886738012Z,AAPL,-100,-100,-91,-69,-1207,-1,-200,-505,-10,-100,-15,-0.322372663,-0.293359123,-0.222437137,-3.89103804,-0.003223727,-0.644745326,-1.627981947,-0.032237266,-0.322372663,-0.048355899,1.101557849,0
2024-10-21T12:39:05.886757600Z,AAPL,-22,-22,0,0,0,0,0,0,0,0,0,-0.071428571,0,0,0,0,0,0,0,0,0,0.001422052,0
2024-10-21T12:39:05.886783783Z,AAPL,0,0,0,0,0,0,-17,-2,-100,-400,-1,0,0,0,0,0,-0.051845075,-0.006099421,-0.304971028,-1.219884111,-0.00304971,0.127863074,0
2024-10-21T12:39:05.981525319Z,AAPL,0,0,0,0,0,0,-200,0,0,0,0,0,0,0,0,0,-0.574877838,0,0,0,0,0.073001399,0
2024-10-21T12:39:05.993765456Z,AAPL,0,0,-69,-1207,-1,-200,-505,-10,-100,-15,-100,0,-0.201754386,-3.529239766,-0.002923977,-0.584795322,-1.476608187,-0.029239766,-0.292397661,-0.043859649,-0.292397661,0.700835593,0
2024-10-21T12:39:06.136295194Z,AAPL,-69,-69,-1207,-1,-200,-505,-10,-100,-15,-100,-10,-0.199364346,-3.487431378,-0.002889338,-0.577867668,-1.459115862,-0.028893383,-0.288933834,-0.043340075,-0.288933834,-0.028893383,0.58344266,0
2024-10-21T12:39:13.360887776Z,AAPL,0,0,0,0,0,0,200,0,0,0,0,0,0,0,0,0,0.613308801,0,0,0,0,-0.077881591,0
2024-10-21T12:39:13.360899450Z,AAPL,0,0,0,0,0,0,-200,0,0,0,0,0,0,0,0,0,-0.577867668,0,0,0,0,0.073381065,0
2024-10-21T12:39:17.310474885Z,AAPL,0,0,0,-200,-505,-10,-100,-15,-100,-10,-110,0,0,-0.595060994,-1.502529009,-0.02975305,-0.297530497,-0.044629575,-0.297530497,-0.02975305,-0.327283547,0.452161124,0
2024-10-21T12:39:17.310488922Z,AAPL,0,0,0,200,505,10,100,15,100,10,110,0,0,0.577867668,1.459115862,0.028893383,0.288933834,0.043340075,0.288933834,0.028893383,0.317827218,-0.43909666,0
2024-10-21T12:39:18.976780060Z,AAPL,0,0,0,200,0,0,0,0,0,0,0,0,0,0.577867668,0,0,0,0,0,0,0,-0.060640257,0
2024-10-21T12:39:20.364855444Z,AAPL,0,0,200,1,0,0,0,0,0,0,0,0,0.577867668,0.002889338,0,0,0,0,0,0,0,-0.03714126,0
2024-10-21T12:39:30.110092903Z,AAPL,0,0,-200,-1,-505,-10,-100,-15,-100,-10,-110,0,-0.595060994,-0.002975305,-1.502529009,-0.02975305,-0.297530497,-0.044629575,-0.297530497,-0.02975305,-0.327283547,0.42796296,0
2024-10-21T12:39:30.110469895Z,AAPL,-20,-20,-128,-4,-128,-4,-400,-17,-2,-100,-400,-0.067499156,-0.4319946,-0.013499831,-0.4319946,-0.013499831,-1.349983125,-0.057374283,-0.006749916,-0.337495781,-1.349983125,0.431499194,0
2024-10-21T12:39:30.217424858Z,AAPL,0,0,0,200,505,10,100,15,100,10,110,0,0,0.65295462,1.648710415,0.032647731,0.32647731,0.048971596,0.32647731,0.032647731,0.359125041,-0.496151988,0
2024-10-21T12:39:33.244552009Z,AAPL,0,0,0,200,0,0,0,0,0,0,0,0,0,0.65295462,0,0,0,0,0,0,0,-0.068519729,0
2024-10-21T12:39:34.610960601Z,AAPL,0,0,0,200,0,0,0,0,0,0,0,0,0,0.65295462,0,0,0,0,0,0,0,-0.068519729,0
2024-10-21T12:39:39.685061973Z,AAPL,0,0,0,-200,-505,-10,-100,-15,-100,-10,-110,0,0,-0.674991563,-1.704353696,-0.033749578,-0.337495781,-0.050624367,-0.337495781,-0.033749578,-0.371245359,0.512896908,0
2024-10-21T12:39:39.685074623Z,AAPL,0,0,0,200,505,10,100,15,100,10,110,0,0,0.65295462,1.648710415,0.032647731,0.32647731,0.048971596,0.32647731,0.032647731,0.359125041,-0.496151988,0
2024-10-21T12:39:42.739238162Z,AAPL,0,0,200,1,0,0,0,0,0,0,0,0,0.65295462,0.003264773,0,0,0,0,0,0,0,-0.04196732,0
2024-10-21T12:40:00.394502718Z,AAPL,0,0,0,0,0,0,0,0,0,100,400,0,0,0,0,0,0,0,0,0.288933834,1.155735337,-0.118279768,0
2024-10-21T12:40:02.173786055Z,AAPL,0,0,0,0,0,0,0,17,100,400,1,0,0,0,0,0,0,0.055519268,0.326583932,1.306335728,0.003265839,-0.135810212,0
2024-10-21T12:40:02.173798644Z,AAPL,0,0,0,0,0,0,0,-17,-100,-400,-1,0,0,0,0,0,0,-0.049118752,-0.288933834,-1.155735337,-0.002889338,0.120153386,0
2024-10-21T12:40:02.229591880Z,AAPL,200,200,-200,-1,-505,-10,-100,-15,-100,-10,-110,0.561639989,-0.561639989,-0.0028082,-1.418140972,-0.028081999,-0.280819994,-0.042122999,-0.280819994,-0.028081999,-0.308901994,0.392745308,0
2024-10-21T12:40:06.958241000Z,AAPL,0,0,-6,0,0,0,0,0,0,0,0,0,-0.016820858,0,0,0,0,0,0,0,0,0.0010723,0
2024-10-21T12:40:16.999383849Z,AAPL,200,200,1207,1,505,10,100,15,100,10,110,0.576867609,3.48139602,0.002884338,1.456590712,0.02884338,0.288433804,0.043265071,0.288433804,0.02884338,0.317277185,-0.611521768,0
2024-10-21T12:40:17.380243796Z,AAPL,-2,-2,-26,-128,-4,-128,-4,-400,-17,-100,-400,-0.006516781,-0.084718149,-0.417073965,-0.013033561,-0.417073965,-0.013033561,-1.303356142,-0.055392636,-0.325839036,-1.303356142,0.401092116,0
2024-10-21T12:40:17.380284749Z,AAPL,0,0,0,0,0,0,0,400,17,100,400,0,0,0,0,0,0,1.154401154,0.049062049,0.288600289,1.154401154,-0.262435878,0
2024-10-21T12:40:17.380598808Z,AAPL,0,0,0,0,0,0,400,17,100,400,1,0,0,0,0,0,1.198322349,0.0509287,0.299580587,1.198322349,0.002995806,-0.27675093,0
2024-10-21T12:40:17.408097402Z,AAPL,0,0,0,0,0,0,-400,0,0,0,0,0,0,0,0,0,-1.274697259,0,0,0,0,0.161868622,0
2024-10-21T12:40:21.749588745Z,AAPL,-200,-200,-1207,-1,-505,-10,-100,-15,-100,-10,-110,-0.658327847,-3.973008558,-0.003291639,-1.662277814,-0.032916392,-0.329163924,-0.049374589,-0.329163924,-0.032916392,-0.362080316,0.697875566,0
2024-10-21T12:40:21.749600737Z,AAPL,0,0,200,1,505,10,100,15,100,10,110,0,0.63734863,0.003186743,1.60930529,0.031867431,0.318674315,0.047801147,0.318674315,0.031867431,0.350541746,-0.458375879,0
2024-10-21T12:40:21.804263239Z,AAPL,0,0,0,0,0,0,-200,0,0,0,0,0,0,0,0,0,-0.63734863,0,0,0,0,0.080934311,0
2024-10-21T12:40:21.819271776Z,AAPL,0,0,0,0,0,0,17,100,400,1,100,0,0,0,0,0,0.055957867,0.329163924,1.316655695,0.003291639,0.329163924,-0.193126154,0
2024-10-21T12:40:21.819284628Z,AAPL,0,0,0,0,0,0,-17,-100,-400,-1,-100,0,0,0,0,0,-0.054174634,-0.318674315,-1.274697259,-0.003186743,-0.318674315,0.186971719,0
2024-10-21T12:40:21.827634639Z,AAPL,0,0,0,0,0,0,17,100,400,1,100,0,0,0,0,0,0.055957867,0.329163924,1.316655695,0.003291639,0.329163924,-0.193126154,0
2024-10-21T12:40:21.827646959Z,AAPL,0,0,0,0,0,0,-17,-100,-400,-1,-100,0,0,0,0,0,-0.0509287,-0.299580587,-1.198322349,-0.002995806,-0.299580587,0.1757691,0
2024-10-21T12:40:23.563340523Z,AAPL,0,0,0,0,0,0,0,0,0,0,0,0,0,0,0,0,0,0,0,0,0,0,2
2024-10-21T12:40:23.563340523Z,AAPL,2,2,26,128,4,400,17,100,400,1,100,0.005820722,0.075669383,0.372526193,0.011641444,1.164144354,0.049476135,0.291036088,1.164144354,0.002910361,0.291036088,-0.360352184,0
2024-10-21T12:40:23.563363852Z,AAPL,100,100,1207,200,1,505,10,100,15,100,10,0.291885581,3.523058961,0.583771162,0.002918856,1.474022183,0.029188558,0.291885581,0.043782837,0.291885581,0.029188558,-0.541377905,0
2024-10-21T12:40:23.563369579Z,AAPL,12,12,100,1207,200,1,505,10,100,15,100,0.035005834,0.291715286,3.521003501,0.583430572,0.002917153,1.473162194,0.029171529,0.291715286,0.043757293,0.291715286,-0.744897112,0
2024-10-21T12:40:23.563375890Z,AAPL,0,0,100,0,0,0,0,0,0,0,0,0,0.283446712,0,0,0,0,0,0,0,0,-0.018069235,0
2024-10-21T12:40:23.563390255Z,AAPL,0,0,0,100,1207,200,1,505,10,100,15,0,0,0.283446712,3.421201814,0.566893424,0.002834467,1.431405896,0.028344671,0.283446712,0.042517007,-0.953507822,0
2024-10-21T12:40:23.563405657Z,AAPL,0,0,-100,0,0,0,0,0,0,0,0,0,-0.291715286,0,0,0,0,0,0,0,0,0.018596342,0
2024-10-21T12:40:23.563407672Z,AAPL,0,0,-100,-100,-1207,-200,-1,-505,-10,-100,-15,0,-0.291715286,-0.291715286,-3.521003501,-0.583430572,-0.002917153,-1.473162194,-0.029171529,-0.291715286,-0.043757293,0.999919445,0
2024-10-21T12:40:23.663450037Z,AAPL,-12,-12,-100,-1207,-200,-1,-505,-10,-100,-15,-100,-0.03502627,-0.291885581,-3.523058961,-0.583771162,-0.002918856,-1.474022183,-0.029188558,-0.291885581,-0.043782837,-0.291885581,0.745331962,0
2024-10-21T12:40:23.663480945Z,AAPL,-100,-100,-1207,-200,-1,-505,-10,-100,-15,-100,-10,-0.291036088,-3.512805588,-0.582072177,-0.002910361,-1.469732247,-0.029103609,-0.291036088,-0.043655413,-0.291036088,-0.029103609,0.5398023,0
2024-10-21T12:40:26.244122626Z,AAPL,200,200,-200,-1,-505,-10,-100,-15,-100,-10,-110,0.56561086,-0.56561086,-0.002828054,-1.428167421,-0.028280543,-0.28280543,-0.042420814,-0.28280543,-0.028280543,-0.311085973,0.39552207,0
2024-10-21T12:40:29.022903358Z,AAPL,0,0,0,0,0,0,0,0,0,0,0,0,0,0,0,0,0,0,0,0,0,0,26
2024-10-21T12:40:29.022903358Z,AAPL,26,26,128,4,400,17,100,400,1,100,500,0.064452157,0.317302925,0.009915716,0.991571641,0.042141795,0.24789291,0.991571641,0.002478929,0.24789291,1.239464551,-0.490834944,0
2024-10-21T12:40:29.022924599Z,AAPL,100,100,1407,1,505,10,100,15,100,10,110,0.24789291,3.487853247,0.002478929,1.251859197,0.024789291,0.24789291,0.037183937,0.24789291,0.024789291,0.272682201,-0.552239404,0
2024-10-21T12:40:29.022930395Z,AAPL,22,22,100,1407,1,505,10,100,15,100,10,0.055752661,0.253421186,3.565636087,0.002534212,1.279776989,0.025342119,0.253421186,0.038013178,0.253421186,0.025342119,-0.608246295,0
2024-10-21T12:40:29.022945958Z,AAPL,100,100,0,0,0,0,0,0,0,0,0,0.247157687,0,0,0,0,0,0,0,0,0,-0.004920597,0
2024-10-21T12:40:29.022960110Z,AAPL,0,0,0,100,1407,1,505,10,100,15,100,0,0,0.241779497,3.401837524,0.002417795,1.22098646,0.02417795,0.241779497,0.036266925,0.241779497,-0.877102495,0
2024-10-21T12:40:29.022972653Z,AAPL,0,0,-100,-100,-1407,-1,-505,-10,-100,-15,-100,0,-0.247157687,-0.247157687,-3.477508651,-0.002471577,-1.248146317,-0.024715769,-0.247157687,-0.037073653,-0.247157687,0.912368804,0
2024-10-21T12:40:29.123013019Z,AAPL,-22,-22,0,0,0,0,0,0,0,0,0,-0.054671968,0,0,0,0,0,0,0,0,0,0.00108845,0
2024-10-21T12:40:29.123043558Z,AAPL,0,0,-100,-1407,-1,-505,-10,-100,-15,-100,-10,0,-0.24789291,-3.487853247,-0.002478929,-1.251859197,-0.024789291,-0.24789291,-0.037183937,-0.24789291,-0.024789291,0.593891908,0
2024-10-21T12:40:29.273765083Z,AAPL,-100,-100,-1407,-1,-505,-10,-100,-15,-100,-10,-110,-0.24789291,-3.487853247,-0.002478929,-1.251859197,-0.024789291,-0.24789291,-0.037183937,-0.24789291,-0.024789291,-0.272682201,0.552239404,0
2024-10-21T12:40:30.031246441Z,AAPL,6,6,0,0,0,0,0,0,0,0,0,0.01489573,0,0,0,0,0,0,0,0,0,-0.000296555,0
2024-10-21T12:40:37.175837697Z,AAPL,-20,-20,-128,-4,-400,-17,-100,-400,-1,-100,-500,-0.056625142,-0.362400906,-0.011325028,-1.132502831,-0.04813137,-0.283125708,-1.132502831,-0.002831257,-0.283125708,-1.415628539,0.560258675,0
2024-10-21T12:40:40.431312990Z,AAPL,5,5,1407,1,505,10,100,15,100,10,110,0.014547571,4.093686354,0.002909514,1.469304626,0.029095141,0.290951411,0.043642712,0.290951411,0.029095141,0.320046552,-0.64265943,0
2024-10-21T12:40:41.079843018Z,AAPL,0,0,-5,0,0,0,0,0,0,0,0,0,-0.014526438,0,0,0,0,0,0,0,0,0.000926035,0
2024-10-21T12:40:43.053712683Z,AAPL,0,0,0,0,0,17,100,400,1,100,500,0,0,0,0,0.047995483,0.282326369,1.129305477,0.002823264,0.282326369,1.411631846,-0.317949462,0
2024-10-21T12:40:43.053725029Z,AAPL,0,0,0,0,0,-17,-100,-400,-1,-100,-500,0,0,0,0,-0.04938989,-0.290528762,-1.162115049,-0.002905288,-0.290528762,-1.452643812,0.327186808,0
2024-10-21T12:40:43.108858295Z,AAPL,0,0,200,1207,1,505,10,100,15,100,10,0,0.600240096,3.62244898,0.0030012,1.515606242,0.030012005,0.300120048,0.045018007,0.300120048,0.030012005,-0.675159751,0
2024-10-21T12:40:43.193105037Z,AAPL,0,0,-200,-1207,-1,-505,-10,-100,-15,-100,-10,0,-0.616903146,-3.723010487,-0.003084516,-1.557680444,-0.030845157,-0.308451573,-0.046267736,-0.308451573,-0.030845157,0.693902618,0
2024-10-21T12:40:43.193118012Z,AAPL,0,0,0,0,200,505,10,100,15,100,10,0,0,0,0.600240096,1.515606242,0.030012005,0.300120048,0.045018007,0.300120048,0.030012005,-0.370668405,0
2024-10-21T12:40:45.077306659Z,AAPL,0,0,0,0,0,-400,0,0,0,0,0,0,0,0,0,-1.200480192,0,0,0,0,0,0.147818347,0
2024-10-21T12:40:46.195504516Z,AAPL,0,0,0,0,200,0,0,0,0,0,0,0,0,0,0.566251416,0,0,0,0,0,0,-0.107995414,0
2024-10-21T12:40:46.250031571Z,AAPL,0,0,0,0,-200,0,0,0,0,0,0,0,0,0,-0.600240096,0,0,0,0,0,0,0.114477732,0
2024-10-21T12:40:46.250043946Z,AAPL,0,0,0,200,-200,-505,-10,-100,-15,-100,-10,0,0,0.581057525,-0.581057525,-1.46717025,-0.029052876,-0.290528762,-0.043579314,-0.290528762,-0.029052876,0.297847529,0
2024-10-21T12:40:48.678914166Z,AAPL,0,0,0,-200,0,0,0,0,0,0,0,0,0,-0.616903146,0,0,0,0,0,0,0,0.064736561,0
2024-10-21T12:40:48.678925835Z,AAPL,0,0,0,0,400,505,10,100,15,100,10,0,0,0,1.132502831,1.429784824,0.028312571,0.283125708,0.042468856,0.283125708,0.028312571,-0.457674668,0
2024-10-21T12:40:49.116948486Z,AAPL,0,0,0,0,-200,0,0,0,0,0,0,0,0,0,-0.600240096,0,0,0,0,0,0,0.114477732,0
2024-10-21T12:40:51.221298867Z,AAPL,0,0,0,0,200,0,0,0,0,0,0,0,0,0,0.600240096,0,0,0,0,0,0,-0.114477732,0
2024-10-21T12:40:51.681330922Z,AAPL,0,0,0,0,200,0,0,0,0,0,0,0,0,0,0.566251416,0,0,0,0,0,0,-0.107995414,0
2024-10-21T12:40:51.735734347Z,AAPL,0,0,0,0,-200,0,0,0,0,0,0,0,0,0,-0.600240096,0,0,0,0,0,0,0.114477732,0
2024-10-21T12:40:51.735746270Z,AAPL,0,0,0,200,-200,-505,-10,-100,-15,-100,-10,0,0,0.581057525,-0.581057525,-1.46717025,-0.029052876,-0.290528762,-0.043579314,-0.290528762,-0.029052876,0.297847529,0
2024-10-21T12:40:53.780616919Z,AAPL,0,0,0,-200,0,0,0,0,0,0,0,0,0,-0.616903146,0,0,0,0,0,0,0,0.064736561,0
2024-10-21T12:40:53.780629438Z,AAPL,0,0,0,0,200,505,10,100,15,100,10,0,0,0,0.600240096,1.515606242,0.030012005,0.300120048,0.045018007,0.300120048,0.030012005,-0.370668405,0
2024-10-21T12:40:54.935490253Z,AAPL,0,0,0,0,200,0,0,0,0,0,0,0,0,0,0.566251416,0,0,0,0,0,0,-0.107995414,0
2024-10-21T12:40:56.836324617Z,AAPL,0,0,0,0,-200,0,0,0,0,0,0,0,0,0,-0.600240096,0,0,0,0,0,0,0.114477732,0
2024-10-21T12:40:56.836337009Z,AAPL,0,0,200,0,-200,-505,-10,-100,-15,-100,-10,0,0.581057525,0,-0.581057525,-1.46717025,-0.029052876,-0.290528762,-0.043579314,-0.290528762,-0.029052876,0.321781117,0
2024-10-21T12:41:00.787986040Z,AAPL,0,0,0,0,0,0,0,-100,-400,-1,-100,0,0,0,0,0,0,-0.299043062,-1.196172249,-0.002990431,-0.299043062,0.1689981,0
2024-10-21T12:41:02.958639135Z,AAPL,0,0,0,0,0,0,0,0,0,0,0,0,0,0,0,0,0,0,0,0,0,0,25
2024-10-21T12:41:02.958639135Z,AAPL,25,25,128,4,400,17,2,100,400,1,100,0.072674419,0.372093023,0.011627907,1.162790698,0.049418605,0.005813953,0.290697674,1.162790698,0.002906977,0.290697674,-0.419259885,0
2024-10-21T12:41:02.958662045Z,AAPL,100,100,5,1407,1,505,10,100,15,100,10,0.29154519,0.014577259,4.102040816,0.002915452,1.472303207,0.029154519,0.29154519,0.043731778,0.29154519,0.029154519,-0.686620363,0
2024-10-21T12:41:02.958679653Z,AAPL,-100,-100,-5,-1407,-1,-505,-10,-100,-15,-100,-10,-0.290697674,-0.014534884,-4.090116279,-0.002906977,-1.468023256,-0.029069767,-0.290697674,-0.043604651,-0.290697674,-0.029069767,0.684624373,0
2024-10-21T12:41:02.959797070Z,AAPL,100,100,0,0,0,0,0,0,0,0,0,0.282485876,0,0,0,0,0,0,0,0,0,-0.005623936,0
2024-10-21T12:41:07.396314590Z,AAPL,0,0,0,0,-400,0,0,0,0,0,0,0,0,0,-1.129943503,0,0,0,0,0,0,0.215502713,0
2024-10-21T12:41:24.040771450Z,AAPL,0,0,-200,0,0,0,0,0,0,0,0,0,-0.598802395,0,0,0,0,0,0,0,0,0.038172612,0
2024-10-21T12:41:24.040783567Z,AAPL,0,0,0,200,1,505,10,100,15,100,10,0,0,0.583090379,0.002915452,1.472303207,0.029154519,0.29154519,0.043731778,0.29154519,0.029154519,-0.310615293,0
2024-10-21T12:41:24.096538706Z,AAPL,0,0,0,0,-400,0,0,0,0,0,0,0,0,0,-1.166180758,0,0,0,0,0,0,0.222413879,0
2024-10-21T12:41:33.732685313Z,AAPL,0,0,0,0,-400,0,0,0,0,0,0,0,0,0,-1.166180758,0,0,0,0,0,0,0.222413879,0
2024-10-21T12:41:36.846722252Z,AAPL,0,0,0,200,0,0,0,0,0,0,0,0,0,0.583090379,0,0,0,0,0,0,0,-0.061188318,0
2024-10-21T12:41:37.867616118Z,AAPL,0,0,0,0,0,0,0,0,0,0,0,0,0,0,0,0,0,0,0,0,0,0,-105
2024-10-21T12:41:37.867616118Z,AAPL,-5,-5,0,0,0,0,0,0,0,0,0,-0.01459854,0,0,0,0,0,0,0,0,0,0.000290638,-100
2024-10-21T12:41:37.867616118Z,AAPL,-100,-100,-1207,-200,-1,-505,-10,-100,-15,-100,-10,-0.291120815,-3.513828239,-0.58224163,-0.002911208,-1.470160116,-0.029112082,-0.291120815,-0.043668122,-0.291120815,-0.029112082,0.539959447,-5
2024-10-21T12:41:37.867639685Z,AAPL,-25,-25,-128,-4,-400,-17,-2,-100,-400,-1,-100,-0.072780204,-0.372634643,-0.011644833,-1.164483261,-0.049490539,-0.005822416,-0.291120815,-1.164483261,-0.002911208,-0.291120815,0.419870161,0
2024-10-21T12:41:37.867644597Z,AAPL,-104,-104,0,0,0,0,0,0,0,0,0,-0.293868324,0,0,0,0,0,0,0,0,0,0.005850546,0
2024-10-21T12:41:37.867652188Z,AAPL,-100,-100,0,0,0,0,0,0,0,0,0,-0.274800769,0,0,0,0,0,0,0,0,0,0.005470936,0
2024-10-21T12:41:37.867653690Z,AAPL,-100,-100,0,0,0,0,0,0,0,0,0,-0.26745119,0,0,0,0,0,0,0,0,0,0.005324615,0
2024-10-21T12:41:37.867677809Z,AAPL,0,0,-200,-1,-505,-10,-100,-15,-100,-10,-110,0,-0.549601539,-0.002748008,-1.387743886,-0.027480077,-0.274800769,-0.041220115,-0.274800769,-0.027480077,-0.302280846,0.395268895,0
2024-10-21T12:41:37.867682285Z,AAPL,100,100,0,0,0,0,0,0,0,0,0,0.282565697,0,0,0,0,0,0,0,0,0,-0.005625525,0
2024-10-21T12:41:37.867702926Z,AAPL,100,100,0,0,0,0,0,0,0,0,0,0.290782204,0,0,0,0,0,0,0,0,0,-0.005789106,0
2024-10-21T12:41:37.867737436Z,AAPL,100,100,0,0,0,0,0,0,0,0,0,0.299490866,0,0,0,0,0,0,0,0,0,-0.005962484,0
2024-10-21T12:41:37.867893701Z,AAPL,100,100,0,0,0,0,0,0,0,0,0,0.308737265,0,0,0,0,0,0,0,0,0,-0.006146568,0
2024-10-21T12:41:37.868002083Z,AAPL,-128,-128,0,0,0,0,0,0,0,0,0,-0.38016038,0,0,0,0,0,0,0,0,0,0.007568512,0
2024-10-21T12:41:37.870051229Z,AAPL,-132,-132,-25,-128,-4,-400,-17,-2,-100,-400,-1,-0.377790498,-0.071551231,-0.366342301,-0.011448197,-1.144819691,-0.048654837,-0.005724098,-0.286204923,-1.144819691,-0.002862049,0.313669073,0
2024-10-21T12:41:37.872277341Z,AAPL,0,0,0,0,0,0,17,2,100,400,1,0,0,0,0,0,0.054927302,0.006462036,0.323101777,1.292407108,0.003231018,-0.135464627,0
2024-10-21T12:41:37.872417981Z,AAPL,0,0,0,0,0,0,0,0,0,0,0,0,0,0,0,0,0,0,0,0,0,0,132
2024-10-21T12:41:37.872417981Z,AAPL,132,132,25,128,4,17,2,100,400,1,100,0.430388001,0.081512879,0.417345941,0.013042061,0.055428758,0.00652103,0.326051516,1.304206065,0.003260515,0.326051516,-0.251962148,0
2024-10-21T12:41:37.872438670Z,AAPL,100,100,1207,1,505,10,100,15,100,10,110,0.326051516,3.9354418,0.003260515,1.646560157,0.032605152,0.326051516,0.048907727,0.326051516,0.032605152,0.358656668,-0.684785535,0
2024-10-21T12:41:37.872439572Z,AAPL,4,4,0,0,0,0,0,0,0,0,0,0.013059092,0,0,0,0,0,0,0,0,0,-0.00025999,0
2024-10-21T12:41:37.872443112Z,AAPL,0,0,100,1207,1,505,10,100,15,100,10,0,0.327546675,3.953488372,0.003275467,1.654110711,0.032754668,0.327546675,0.049132001,0.327546675,0.032754668,-0.715979046,0
2024-10-21T12:41:37.872449092Z,AAPL,0,0,0,48,1207,1,505,10,100,15,100,0,0,0.15528955,3.90488515,0.003235199,1.633775477,0.03235199,0.323519896,0.048527984,0.323519896,-1.032574693,0
2024-10-21T12:41:37.872453115Z,AAPL,-100,-100,-100,-48,-1207,-1,-505,-10,-100,-15,-100,-0.32247662,-0.32247662,-0.154788778,-3.892292809,-0.003224766,-1.628506933,-0.032247662,-0.32247662,-0.048371493,-0.32247662,1.056222306,0
2024-10-21T12:41:37.872464745Z,AAPL,-100,-100,0,0,0,0,0,0,0,0,0,-0.333222259,0,0,0,0,0,0,0,0,0,0.006634033,0
2024-10-21T12:41:37.872736622Z,AAPL,-100,-100,-48,-1207,-1,-505,-10,-100,-15,-100,-10,-0.332115576,-0.159415477,-4.008635005,-0.003321156,-1.67718366,-0.033211558,-0.332115576,-0.049817336,-0.332115576,-0.033211558,0.721568803,0
2024-10-21T12:41:37.948619585Z,AAPL,0,0,0,0,200,505,10,100,15,100,10,0,0,0,0.644953241,1.628506933,0.032247662,0.32247662,0.048371493,0.32247662,0.032247662,-0.398280273,0
2024-10-21T12:41:37.957880869Z,AAPL,0,0,0,0,200,0,0,0,0,0,0,0,0,0,0.605877007,0,0,0,0,0,0,-0.115552803,0
2024-10-21T12:41:37.973766387Z,AAPL,-48,-48,-1207,-1,-400,-505,-10,-100,-15,-100,-10,-0.142729706,-3.589057389,-0.002973536,-1.189414213,-1.501635445,-0.029735355,-0.297353553,-0.044603033,-0.297353553,-0.029735355,0.712623852,0
2024-10-21T12:41:37.973822964Z,AAPL,0,0,0,0,0,-17,-2,-100,-400,-1,-100,0,0,0,0,-0.046410046,-0.005460005,-0.273000273,-1.092001092,-0.002730003,-0.273000273,0.160688485,0
2024-10-21T12:41:39.067873779Z,AAPL,0,0,0,-200,0,0,0,0,0,0,0,0,0,-0.57753393,0,0,0,0,0,0,0,0.060605236,0
2024-10-21T12:41:39.067885587Z,AAPL,0,0,0,-200,-505,-10,-100,-15,-100,-10,-110,0,0,-0.594707107,-1.501635445,-0.029735355,-0.297353553,-0.044603033,-0.297353553,-0.029735355,-0.327088909,0.451892221,0
2024-10-21T12:41:39.067896733Z,AAPL,0,0,0,400,505,10,100,15,100,10,110,0,0,1.092001092,1.378651379,0.027300027,0.273000273,0.040950041,0.273000273,0.027300027,0.3003003,-0.472178397,0
2024-10-21T12:41:40.032433370Z,AAPL,0,0,0,0,0,-400,0,0,0,0,0,0,0,0,0,-1.15506786,0,0,0,0,0,0.142226605,0
2024-10-21T12:41:44.073298694Z,AAPL,0,0,0,-400,-505,-10,-100,-15,-100,-10,-110,0,0,-1.264622194,-1.59658552,-0.031615555,-0.316155549,-0.047423332,-0.316155549,-0.031615555,-0.347771103,0.546819307,0
2024-10-21T12:41:44.073310878Z,AAPL,0,0,0,0,400,10,100,15,100,10,110,0,0,0,1.15506786,0.028876697,0.288766965,0.043315045,0.288766965,0.028876697,0.317643662,-0.320410543,0
2024-10-21T12:41:47.949975113Z,AAPL,0,0,0,0,0,17,2,100,400,1,100,0,0,0,0,0.050550104,0.005947071,0.297353553,1.189414213,0.002973536,0.297353553,-0.175022873,0
2024-10-21T12:41:47.949987830Z,AAPL,0,0,0,0,0,-17,-2,-100,-400,-1,-100,0,0,0,0,-0.046410046,-0.005460005,-0.273000273,-1.092001092,-0.002730003,-0.273000273,0.160688485,0
2024-10-21T12:41:49.849454965Z,AAPL,0,0,0,0,0,0,0,0,0,0,0,0,0,0,0,0,0,0,0,0,0,0,70
2024-10-21T12:41:49.849454965Z,AAPL,70,70,0,0,0,0,0,0,0,0,0,0.194823267,0,0,0,0,0,0,0,0,0,-0.003878685,0
2024-10-21T12:41:49.849491539Z,AAPL,0,0,0,0,0,0,0,0,0,0,0,0,0,0,0,0,0,0,0,0,0,0,25
2024-10-21T12:41:49.849491539Z,AAPL,25,25,128,4,400,17,2,100,400,1,100,0.068775791,0.35213205,0.011004127,1.100412655,0.046767538,0.005502063,0.275103164,1.100412655,0.002751032,0.275103164,-0.396768639,0
2024-10-21T12:41:49.849513942Z,AAPL,100,100,1207,1,505,400,10,100,15,100,10,0.275862069,3.329655172,0.002758621,1.393103448,1.103448276,0.027586207,0.275862069,0.04137931,0.275862069,0.027586207,-0.68355121,0
2024-10-21T12:41:49.849516947Z,AAPL,0,0,22,1207,1,505,400,10,100,15,100,0,0.060489414,3.318669233,0.002749519,1.388507011,1.099807534,0.027495188,0.274951883,0.041242783,0.274951883,-0.717381221,0
2024-10-21T12:41:49.849522698Z,AAPL,0,0,0,0,200,0,0,0,0,0,0,0,0,0,0.581902822,0,0,0,0,0,0,-0.110980449,0
2024-10-21T12:41:49.849526401Z,AAPL,0,0,64,100,1207,1,505,400,10,100,15,0,0.182804913,0.285632676,3.447586404,0.002856327,1.442445016,1.142530706,0.028563268,0.285632676,0.042844901,-1.048992098,0
2024-10-21T12:41:49.849539343Z,AAPL,0,0,0,-100,0,0,0,0,0,0,0,0,0,-0.288600289,0,0,0,0,0,0,0,0.030285127,0
2024-10-21T12:41:49.849546854Z,AAPL,0,0,0,100,64,1207,1,505,400,10,100,0,0,0.281690141,0.18028169,3.4,0.002816901,1.422535211,1.126760563,0.028169014,0.281690141,-0.782309063,0
2024-10-21T12:41:49.849557265Z,AAPL,-100,-100,-86,-100,-64,-1207,-1,-505,-400,-10,-100,-0.288600289,-0.248196248,-0.288600289,-0.184704185,-3.483405483,-0.002886003,-1.457431457,-1.154401154,-0.028860029,-0.288600289,0.823067651,0
2024-10-21T12:41:49.849565635Z,AAPL,0,0,-100,-64,-1207,-1,-505,-400,-10,-100,-15,0,-0.288600289,-0.184704185,-3.483405483,-0.002886003,-1.457431457,-1.154401154,-0.028860029,-0.288600289,-0.043290043,1.055611267,0
2024-10-21T12:41:49.849576958Z,AAPL,-22,-22,0,0,0,0,0,0,0,0,0,-0.063897764,0,0,0,0,0,0,0,0,0,0.001272124,0
2024-10-21T12:41:49.849586071Z,AAPL,0,0,0,0,17,2,100,400,1,100,500,0,0,0,0.045418114,0.005343308,0.267165375,1.068661501,0.002671654,0.267165375,1.335826877,-0.304603119,0
2024-10-21T12:41:49.849970156Z,AAPL,100,100,64,64,1207,1,505,400,10,100,15,0.267165375,0.17098584,0.17098584,3.224686081,0.002671654,1.349185146,1.068661501,0.026716538,0.267165375,0.040074806,-0.97639658,0
2024-10-21T12:41:49.850361832Z,AAPL,-100,-100,-64,-64,-1207,-1,-505,-400,-10,-100,-15,-0.267165375,-0.17098584,-0.17098584,-3.224686081,-0.002671654,-1.349185146,-1.068661501,-0.026716538,-0.267165375,-0.040074806,0.97639658,0
2024-10-21T12:41:49.938320730Z,AAPL,0,0,0,0,-17,-2,-100,-400,-1,-100,-500,0,0,0,-0.049375545,-0.005808888,-0.29044438,-1.16177752,-0.002904444,-0.29044438,-1.4522219,0.331144198,0
2024-10-21T12:41:49.953764722Z,AAPL,0,0,-64,-1207,-1,-505,-400,-10,-100,-15,-100,0,-0.188846267,-3.561522573,-0.002950723,-1.490115078,-1.180289171,-0.029507229,-0.295072293,-0.044260844,-0.295072293,0.777778037,0
2024-10-21T12:41:49.953824187Z,AAPL,0,0,0,0,-200,0,0,0,0,0,0,0,0,0,-0.557258289,0,0,0,0,0,0,0.106280246,0
2024-10-21T12:41:50.099656448Z,AAPL,-64,-64,-1207,-1,-505,-400,-10,-100,-15,-100,-10,-0.176066025,-3.320495186,-0.002751032,-1.389270977,-1.100412655,-0.027510316,-0.275103164,-0.041265475,-0.275103164,-0.027510316,0.679699034,0
2024-10-21T12:41:54.605026768Z,AAPL,0,0,0,0,200,0,0,0,0,0,0,0,0,0,0.58224163,0,0,0,0,0,0,-0.111045066,0
2024-10-21T12:41:54.605038914Z,AAPL,0,0,0,0,-200,0,0,0,0,0,0,0,0,0,-0.550206327,0,0,0,0,0,0,0.104935296,0
2024-10-21T12:42:00.451273152Z,AAPL,0,0,0,0,0,0,100,400,1,100,500,0,0,0,0,0,0.241954996,0.967819985,0.00241955,0.241954996,1.209774982,-0.267419414,0
2024-10-21T12:42:01.205791497Z,AAPL,0,0,0,0,0,-17,-100,-400,-1,-100,-500,0,0,0,0,-0.046780407,-0.275178866,-1.100715465,-0.002751789,-0.275178866,-1.375894331,0.309900108,0
2024-10-21T12:42:01.410378914Z,AAPL,0,0,0,-200,1,17,100,400,1,100,500,0,0,-0.508388409,0.002541942,0.043213015,0.254194204,1.016776817,0.002541942,0.254194204,1.270971022,-0.233403219,0
2024-10-21T12:42:01.558207688Z,AAPL,0,0,0,200,0,0,0,0,0,0,0,0,0,0.53561864,0,0,0,0,0,0,0,-0.05620673,0
2024-10-21T12:42:01.558220271Z,AAPL,0,0,0,0,-1,-17,-100,-400,-1,-100,-500,0,0,0,-0.002751789,-0.046780407,-0.275178866,-1.100715465,-0.002751789,-0.275178866,-1.375894331,0.310424929,0
2024-10-21T12:42:06.188932979Z,AAPL,0,0,0,400,-400,-10,-100,-15,-100,-10,-110,0,0,1.071237279,-1.071237279,-0.026780932,-0.26780932,-0.040171398,-0.26780932,-0.026780932,-0.294590252,0.184742863,0
2024-10-21T12:42:06.243954716Z,AAPL,0,0,0,400,505,10,100,15,100,10,110,0,0,1.100715465,1.389653275,0.027517887,0.275178866,0.04127683,0.275178866,0.027517887,0.302696753,-0.475946469,0
2024-10-21T12:42:10.521164045Z,AAPL,0,0,0,-400,-505,-10,-100,-15,-100,-10,-110,0,0,-1.199760048,-1.514697061,-0.029994001,-0.299940012,-0.044991002,-0.299940012,-0.029994001,-0.329934013,0.518773086,0
2024-10-21T12:42:10.521177517Z,AAPL,0,0,0,400,0,0,0,0,0,0,0,0,0,1.071237279,0,0,0,0,0,0,0,-0.112413461,0
2024-10-21T12:42:11.086778743Z,AAPL,0,0,-200,0,1,17,100,400,1,100,500,0,-0.495785821,0,0.002478929,0.042141795,0.24789291,0.991571641,0.002478929,0.24789291,1.239464551,-0.24803859,0
2024-10-21T12:42:11.425996730Z,AAPL,0,0,0,400,505,10,100,15,100,10,110,0,0,1.016776817,1.283680732,0.02541942,0.254194204,0.038129131,0.254194204,0.02541942,0.279613625,-0.439651619,0
2024-10-21T12:42:11.745252868Z,AAPL,200,200,1207,1,400,505,10,100,15,100,10,0.497017893,2.999502982,0.002485089,0.994035785,1.254970179,0.024850895,0.248508946,0.037276342,0.248508946,0.024850895,-0.603085311,0
2024-10-21T12:42:11.816393127Z,AAPL,0,0,0,0,-400,-505,-10,-100,-15,-100,-10,0,0,0,-1.071237279,-1.352437065,-0.026780932,-0.26780932,-0.040171398,-0.26780932,-0.026780932,0.432915621,0
2024-10-21T12:42:11.816406103Z,AAPL,0,0,0,0,400,0,0,0,0,0,0,0,0,0,0.967585873,0,0,0,0,0,0,-0.184537882,0
2024-10-21T12:42:14.032586828Z,AAPL,0,0,-200,0,0,0,0,0,0,0,0,0,-0.461467467,0,0,0,0,0,0,0,0,0.029417749,0
2024-10-21T12:42:16.054252982Z,AAPL,0,0,200,0,0,0,0,0,0,0,0,0,0.483792937,0,0,0,0,0,0,0,0,-0.030840959,0
2024-10-21T12:42:16.818985957Z,AAPL,0,0,0,0,-400,0,0,0,0,0,0,0,0,0,-1.071237279,0,0,0,0,0,0,0.204306268,0
2024-10-21T12:42:16.818999497Z,AAPL,0,0,0,0,0,400,10,100,15,100,10,0,0,0,0,0.994035785,0.024850895,0.248508946,0.037276342,0.248508946,0.024850895,-0.180004475,0
2024-10-21T12:42:19.054770676Z,AAPL,0,0,-200,0,0,0,0,0,0,0,0,0,-0.473484848,0,0,0,0,0,0,0,0,0.030183836,0
2024-10-21T12:42:19.821163900Z,AAPL,-25,-25,-528,-4,-1,-17,-100,-400,-1,-100,-500,-0.066773504,-1.41025641,-0.010683761,-0.00267094,-0.045405983,-0.267094017,-1.068376068,-0.00267094,-0.267094017,-1.335470085,0.393656441,0
2024-10-21T12:42:19.929575144Z,AAPL,0,0,0,200,0,0,0,0,0,0,0,0,0,0.564334086,0,0,0,0,0,0,0,-0.059220071,0
2024-10-21T12:42:20.703092700Z,AAPL,0,0,0,0,400,-400,-10,-100,-15,-100,-10,0,0,0,1.09469075,-1.09469075,-0.027367269,-0.273672687,-0.041050903,-0.273672687,-0.027367269,-0.010547783,0
2024-10-21T12:42:20.703225651Z,AAPL,0,0,0,200,0,0,0,0,0,0,0,0,0,0.579038796,0,0,0,0,0,0,0,-0.060763153,0
2024-10-21T12:42:20.703237243Z,AAPL,0,0,0,0,0,-1,-17,-100,-400,-1,-100,0,0,0,0,-0.002663825,-0.045285029,-0.266382525,-1.065530101,-0.002663825,-0.266382525,0.156619228,0
2024-10-21T12:42:20.754943741Z,AAPL,0,0,0,200,-400,0,0,0,0,0,0,0,0,0.562746201,-1.125492403,0,0,0,0,0,0,0.155600358,0
2024-10-21T12:42:23.772177586Z,AAPL,0,0,0,0,0,0,0,0,0,0,0,0,0,0,0,0,0,0,0,0,0,0,25
2024-10-21T12:42:23.772177586Z,AAPL,25,25,128,4,400,1,17,100,400,1,100,0.068794717,0.352228949,0.011007155,1.100715465,0.002751789,0.046780407,0.275178866,1.100715465,0.002751789,0.275178866,-0.396698036,0
2024-10-21T12:42:23.772200068Z,AAPL,100,100,200,1207,201,505,10,100,15,100,10,0.27593819,0.55187638,3.330573951,0.554635762,1.393487859,0.027593819,0.27593819,0.041390728,0.27593819,0.027593819,-0.73150685,0
2024-10-21T12:42:23.772203446Z,AAPL,1,1,0,0,0,0,0,0,0,0,0,0.002758621,0,0,0,0,0,0,0,0,0,-5.49E-05,0
2024-10-21T12:42:23.772211976Z,AAPL,100,100,0,0,0,0,0,0,0,0,0,0.268456376,0,0,0,0,0,0,0,0,0,-0.005344627,0
2024-10-21T12:42:23.772224573Z,AAPL,-200,-200,0,0,0,0,0,0,0,0,0,-0.567375887,0,0,0,0,0,0,0,0,0,0.011295736,0
2024-10-21T12:42:23.772481783Z,AAPL,4,4,0,0,0,0,0,0,0,0,0,0.011334656,0,0,0,0,0,0,0,0,0,-0.000225659,0
2024-10-21T12:42:23.772771136Z,AAPL,100,100,0,0,0,0,0,0,0,0,0,0.275558005,0,0,0,0,0,0,0,0,0,-0.005486011,0
2024-10-21T12:42:23.772877430Z,AAPL,-4,-4,0,0,0,0,0,0,0,0,0,-0.011034483,0,0,0,0,0,0,0,0,0,0.000219683,0
2024-10-21T12:42:23.872284029Z,AAPL,-1,-1,0,0,0,0,0,0,0,0,0,-0.002759382,0,0,0,0,0,0,0,0,0,5.49E-05,0
2024-10-21T12:42:23.872761380Z,AAPL,-100,-100,-200,-1207,-201,-505,-10,-100,-15,-100,-10,-0.275178866,-0.550357733,-3.321408916,-0.553109521,-1.389653275,-0.027517887,-0.275178866,-0.04127683,-0.275178866,-0.027517887,0.729493898,0
2024-10-21T12:42:26.754101871Z,AAPL,100,100,0,0,0,0,0,0,0,0,0,0.26780932,0,0,0,0,0,0,0,0,0,-0.005331745,0
2024-10-21T12:42:26.765613859Z,AAPL,-100,-100,0,0,0,0,0,0,0,0,0,-0.275178866,0,0,0,0,0,0,0,0,0,0.005478463,0
2024-10-21T12:42:30.983584342Z,AAPL,100,100,200,1207,201,505,10,100,15,100,10,0.27593819,0.55187638,3.330573951,0.554635762,1.393487859,0.027593819,0.27593819,0.041390728,0.27593819,0.027593819,-0.73150685,0
2024-10-21T12:42:30.983588965Z,AAPL,100,100,0,0,0,0,0,0,0,0,0,0.268528464,0,0,0,0,0,0,0,0,0,-0.005346062,0
2024-10-21T12:42:30.983623729Z,AAPL,0,0,0,0,1,17,100,400,1,100,500,0,0,0,0.002615063,0.044456067,0.261506276,1.046025105,0.002615063,0.261506276,1.307531381,-0.295001096,0
2024-10-21T12:42:30.983765496Z,AAPL,0,0,0,0,0,0,0,0,0,0,0,0,0,0,0,0,0,0,0,0,0,0,148
2024-10-21T12:42:30.983765496Z,AAPL,20,20,0,0,0,0,0,0,0,0,0,0.052576236,0,0,0,0,0,0,0,0,0,-0.001046726,128
2024-10-21T12:42:30.983765496Z,AAPL,128,128,4,1,17,100,400,1,100,500,105,0.327868852,0.010245902,0.002561475,0.043545082,0.256147541,1.024590164,0.002561475,0.256147541,1.280737705,0.268954918,-0.32064627,20
2024-10-21T12:42:30.983788140Z,AAPL,100,100,200,200,1207,201,505,10,100,15,100,0.250375563,0.500751127,0.500751127,3.02203305,0.503254882,1.264396595,0.025037556,0.250375563,0.037556335,0.250375563,-0.937622611,0
2024-10-21T12:42:30.983791844Z,AAPL,1,1,100,200,200,1207,201,505,10,100,15,0.002567394,0.256739409,0.513478819,0.513478819,3.098844673,0.516046213,1.296534018,0.025673941,0.256739409,0.038510911,-0.797491527,0
2024-10-21T12:42:30.983802784Z,AAPL,0,0,100,0,0,0,0,0,0,0,0,0,0.250312891,0,0,0,0,0,0,0,0,-0.015957012,0
2024-10-21T12:42:30.983848403Z,AAPL,0,0,-100,0,0,0,0,0,0,0,0,0,-0.256739409,0,0,0,0,0,0,0,0,0.016366691,0
2024-10-21T12:42:30.983906995Z,AAPL,0,0,-100,-200,-200,-1207,-201,-505,-10,-100,-15,0,-0.256739409,-0.513478819,-0.513478819,-3.098844673,-0.516046213,-1.296534018,-0.025673941,-0.256739409,-0.038510911,0.797440413,0
2024-10-21T12:42:30.984034903Z,AAPL,0,0,-100,0,0,0,0,0,0,0,0,0,-0.263504611,0,0,0,0,0,0,0,0,0.016797961,0
2024-10-21T12:42:30.984200479Z,AAPL,0,0,0,0,0,-200,0,0,0,0,0,0,0,0,0,-0.556328234,0,0,0,0,0,0.068502188,0
2024-10-21T12:42:31.054258517Z,AAPL,0,0,0,0,0,200,0,0,0,0,0,0,0,0,0,0.527009223,0,0,0,0,0,-0.06489206,0
2024-10-21T12:42:31.083872223Z,AAPL,-1,-1,-100,-200,-1207,-201,-505,-10,-100,-15,-100,-0.002628812,-0.262881178,-0.525762355,-3.172975815,-0.528391167,-1.327549947,-0.026288118,-0.262881178,-0.039432177,-0.262881178,0.962514931,0
2024-10-21T12:42:31.083896105Z,AAPL,-100,-100,-200,-1207,-201,-505,-10,-100,-15,-100,-10,-0.262191924,-0.524383849,-3.164656529,-0.527005768,-1.324069219,-0.026219192,-0.262191924,-0.039328789,-0.262191924,-0.026219192,0.695065764,0
2024-10-21T12:42:31.083924688Z,AAPL,0,0,0,-1,-17,-100,-400,-1,-100,-500,-105,0,0,-0.002433682,-0.041372597,-0.243368216,-0.973472864,-0.002433682,-0.243368216,-1.216841081,-0.255536627,0.297826704,0
2024-10-21T12:42:33.976481607Z,AAPL,0,0,0,0,0,0,0,0,0,0,0,0,0,0,0,0,0,0,0,0,0,0,0
2024-10-21T12:42:36.344215669Z,AAPL,0,0,0,0,0,0,0,0,0,0,0,0,0,0,0,0,0,0,0,0,0,0,25
2024-10-21T12:42:36.344215669Z,AAPL,25,25,0,0,0,0,0,0,0,0,0,0.061214496,0,0,0,0,0,0,0,0,0,-0.001218703,0
2024-10-21T12:42:36.344222466Z,AAPL,100,100,200,1207,201,505,10,100,15,100,10,0.245459008,0.490918017,2.962690231,0.493372607,1.239567992,0.024545901,0.245459008,0.036818851,0.245459008,0.024545901,-0.650707125,0
2024-10-21T12:42:36.344292494Z,AAPL,0,0,0,200,0,0,0,0,0,0,0,0,0,0.516262261,0,0,0,0,0,0,0,-0.054175511,0
2024-10-21T12:42:36.344360943Z,AAPL,4,4,200,1,17,100,400,1,100,500,105,0.010319917,0.515995872,0.002579979,0.043859649,0.257997936,1.031991744,0.002579979,0.257997936,1.28998968,0.270897833,-0.348829412,0
2024-10-21T12:42:36.344373155Z,AAPL,200,200,1,17,100,400,1,100,500,105,63,0.508259212,0.002541296,0.043202033,0.254129606,1.016518424,0.002541296,0.254129606,1.27064803,0.266836086,0.160101652,-0.367533974,0
2024-10-21T12:42:36.344395418Z,AAPL,1,1,17,100,400,1,100,500,105,63,60,0.002635046,0.044795784,0.263504611,1.054018445,0.002635046,0.263504611,1.317523057,0.276679842,0.166007905,0.158102767,-0.475712329,0
2024-10-21T12:42:36.344594234Z,AAPL,-100,-100,-200,-1207,-201,-505,-10,-100,-15,-100,-10,-0.262812089,-0.525624179,-3.172141919,-0.5282523,-1.327201051,-0.026281209,-0.262812089,-0.039421813,-0.262812089,-0.026281209,0.69670981,0
2024-10-21T12:42:36.358702428Z,AAPL,-1,-1,-17,-100,-400,-1,-100,-500,-105,-63,-60,-0.002534854,-0.043092522,-0.253485425,-1.013941698,-0.002534854,-0.253485425,-1.267427123,-0.266159696,-0.159695817,-0.152091255,0.457624407,0
2024-10-21T12:42:36.404131118Z,AAPL,-200,-200,0,0,0,0,0,0,0,0,0,-0.506970849,0,0,0,0,0,0,0,0,0,0.010093148,0
2024-10-21T12:42:36.415666105Z,AAPL,1,1,17,100,400,1,100,500,105,63,60,0.002628121,0.044678055,0.262812089,1.051248357,0.002628121,0.262812089,1.314060447,0.275952694,0.165571616,0.157687254,-0.474462099,0
2024-10-21T12:42:36.453978311Z,AAPL,0,0,-17,-100,-400,-1,-100,-500,-105,-63,-60,0,-0.043092522,-0.253485425,-1.013941698,-0.002534854,-0.253485425,-1.267427123,-0.266159696,-0.159695817,-0.152091255,0.457573942,0
2024-10-21T12:42:36.465458984Z,AAPL,0,0,0,200,1,505,10,100,15,100,10,0,0,0.521512386,0.002607562,1.316818774,0.026075619,0.260756193,0.039113429,0.260756193,0.026075619,-0.277812374,0
2024-10-21T12:42:38.411817639Z,AAPL,0,0,0,-200,-1,-505,-10,-100,-15,-100,-10,0,0,-0.534045394,-0.002670227,-1.348464619,-0.02670227,-0.267022697,-0.040053405,-0.267022697,-0.02670227,0.284488773,0
2024-10-21T12:42:38.411830877Z,AAPL,0,0,0,200,0,0,0,0,0,0,0,0,0,0.506970849,0,0,0,0,0,0,0,-0.053200489,0
2024-10-21T12:42:38.411863606Z,AAPL,0,0,0,-200,0,0,0,0,0,0,0,0,0,-0.534045394,0,0,0,0,0,0,0,0.056041637,0
2024-10-21T12:42:38.415564347Z,AAPL,0,0,0,0,400,505,10,100,15,100,10,0,0,0,0.991325898,1.251548947,0.024783147,0.247831475,0.037174721,0.247831475,0.024783147,-0.400621296,0
2024-10-21T12:42:39.481634033Z,AAPL,0,0,-200,0,0,0,0,0,0,0,0,0,-0.495662949,0,0,0,0,0,0,0,0,0.031597651,0
2024-10-21T12:42:40.604433391Z,AAPL,0,0,0,200,-400,-505,-10,-100,-15,-100,-10,0,0,0.506970849,-1.013941698,-1.280101394,-0.025348542,-0.253485425,-0.038022814,-0.253485425,-0.025348542,0.356560456,0
2024-10-21T12:42:42.254261471Z,AAPL,0,0,-200,0,0,0,0,0,0,0,0,0,-0.506970849,0,0,0,0,0,0,0,0,0.03231851,0
2024-10-21T12:42:43.909239345Z,AAPL,0,0,0,0,0,0,0,0,0,0,0,0,0,0,0,0,0,0,0,0,0,0,0
2024-10-21T12:43:00.284425512Z,AAPL,0,0,0,0,-100,-400,-1,-100,-500,-105,-63,0,0,0,-0.257466529,-1.029866117,-0.002574665,-0.257466529,-1.287332647,-0.270339856,-0.162203913,0.357351128,0
2024-10-21T12:43:02.784844745Z,AAPL,0,0,0,200,1,505,10,100,15,100,10,0,0,0.529941706,0.002649709,1.338102809,0.026497085,0.264970853,0.039745628,0.264970853,0.026497085,-0.282302717,0
2024-10-21T12:43:04.015686328Z,AAPL,0,0,0,-200,-1,-505,-10,-100,-15,-100,-10,0,0,-0.542888165,-0.002714441,-1.370792617,-0.027144408,-0.271444083,-0.040716612,-0.271444083,-0.027144408,0.289199363,0
2024-10-21T12:43:04.015699115Z,AAPL,0,0,0,200,0,0,0,0,0,0,0,0,0,0.514933059,0,0,0,0,0,0,0,-0.054036028,0
2024-10-21T12:43:05.959981783Z,AAPL,-1,-1,-200,-17,-2,-100,-400,-1,-100,-500,-105,-0.002559509,-0.511901715,-0.043511646,-0.005119017,-0.255950857,-1.02380343,-0.002559509,-0.255950857,-1.279754287,-0.2687484,0.342883959,0
2024-10-21T12:43:06.083701725Z,AAPL,0,0,0,17,2,100,400,1,100,500,105,0,0,0.044596013,0.00524659,0.262329486,1.049317943,0.002623295,0.262329486,1.311647429,0.27544596,-0.31793075,0
2024-10-21T12:43:06.083715131Z,AAPL,0,0,0,-17,-2,-100,-400,-1,-100,-500,-105,0,0,-0.043511646,-0.005119017,-0.255950857,-1.02380343,-0.002559509,-0.255950857,-1.279754287,-0.2687484,0.310200158,0
2024-10-21T12:43:06.092775798Z,AAPL,0,0,0,17,2,100,400,1,100,500,105,0,0,0.044596013,0.00524659,0.262329486,1.049317943,0.002623295,0.262329486,1.311647429,0.27544596,-0.31793075,0
2024-10-21T12:43:06.092788627Z,AAPL,0,0,0,-17,-2,-100,-400,-1,-100,-500,-105,0,0,-0.043511646,-0.005119017,-0.255950857,-1.02380343,-0.002559509,-0.255950857,-1.279754287,-0.2687484,0.310200158,0
2024-10-21T12:43:06.106459675Z,AAPL,0,0,0,-200,0,0,0,0,0,0,0,0,0,-0.48697346,0,0,0,0,0,0,0,0.051102004,0
2024-10-21T12:43:06.158293160Z,AAPL,0,0,0,200,0,0,0,0,0,0,0,0,0,0.511901715,0,0,0,0,0,0,0,-0.053717924,0
2024-10-21T12:43:06.158305704Z,AAPL,0,0,0,-200,0,0,0,0,0,0,0,0,0,-0.48697346,0,0,0,0,0,0,0,0.051102004,0
2024-10-21T12:43:06.163468352Z,AAPL,0,0,-1,-400,0,0,0,0,0,0,0,0,-0.002434867,-0.97394692,0,0,0,0,0,0,0,0.102359227,0
2024-10-21T12:43:07.470875000Z,AAPL,0,0,0,-200,0,0,0,0,0,0,0,0,0,-0.511901715,0,0,0,0,0,0,0,0.053717924,0
2024-10-21T12:43:07.577428252Z,AAPL,0,0,0,0,200,505,10,100,15,100,10,0,0,0,0.500375281,1.263447586,0.025018764,0.250187641,0.037528146,0.250187641,0.025018764,-0.30899853,0
2024-10-21T12:43:08.751885580Z,AAPL,0,0,0,0,200,0,0,0,0,0,0,0,0,0,0.476530855,0,0,0,0,0,0,-0.090883918,0
2024-10-21T12:43:08.806020808Z,AAPL,0,0,0,0,-200,0,0,0,0,0,0,0,0,0,-0.500375281,0,0,0,0,0,0,0.095431524,0
2024-10-21T12:43:08.806033885Z,AAPL,0,0,0,200,1,0,0,0,0,0,0,0,0,0.500375281,0.002501876,0,0,0,0,0,0,-0.052985522,0
2024-10-21T12:43:09.027088703Z,AAPL,0,0,-400,0,0,0,0,0,0,0,0,0,-1.000750563,0,0,0,0,0,0,0,0,0.063796108,0
2024-10-21T12:43:12.901407951Z,AAPL,0,0,0,-200,-1,-505,-10,-100,-15,-100,-10,0,0,-0.511901715,-0.002559509,-1.29255183,-0.025595086,-0.255950857,-0.038392629,-0.255950857,-0.025595086,0.272692719,0
2024-10-21T12:43:12.901420094Z,AAPL,0,0,0,0,200,505,10,100,15,100,10,0,0,0,0.500375281,1.263447586,0.025018764,0.250187641,0.037528146,0.250187641,0.025018764,-0.30899853,0
2024-10-21T12:43:12.919836141Z,AAPL,0,0,-400,0,0,0,0,0,0,0,0,0,-1.000750563,0,0,0,0,0,0,0,0,0.063796108,0
2024-10-21T12:43:13.063028062Z,AAPL,0,0,0,200,-200,-505,-10,-100,-15,-100,-10,0,0,0.48697346,-0.48697346,-1.229607986,-0.024348673,-0.24348673,-0.036523009,-0.24348673,-0.024348673,0.249620452,0
2024-10-21T12:43:18.819511842Z,AAPL,0,0,0,-200,0,0,0,0,0,0,0,0,0,-0.511901715,0,0,0,0,0,0,0,0.053717924,0
2024-10-21T12:43:18.890070389Z,AAPL,0,0,0,200,0,0,0,0,0,0,0,0,0,0.48697346,0,0,0,0,0,0,0,-0.051102004,0
2024-10-21T12:43:19.118949471Z,AAPL,-128,-128,-400,-1,-17,-2,-100,-400,-1,-100,-500,-0.336222748,-1.050696086,-0.00262674,-0.044654584,-0.00525348,-0.262674022,-1.050696086,-0.00262674,-0.262674022,-1.313370108,0.373431857,0
2024-10-21T12:43:27.312017427Z,AAPL,50,50,200,1207,201,505,10,100,15,100,10,0.133440085,0.533760342,3.221243662,0.536429143,1.347744863,0.026688017,0.266880171,0.040032026,0.266880171,0.026688017,-0.704837592,0
2024-10-21T12:43:28.682580695Z,AAPL,0,0,0,0,-200,0,0,0,0,0,0,0,0,0,-0.56385678,0,0,0,0,0,0,0.107538709,0
2024-10-21T12:43:28.682593294Z,AAPL,0,0,0,0,0,200,505,10,100,15,100,0,0,0,0,0.535188654,1.351351351,0.026759433,0.267594327,0.040139149,0.267594327,-0.290169383,0
2024-10-21T12:43:28.718720000Z,AAPL,0,0,0,-400,0,0,0,0,0,0,0,0,0,-1.070377308,0,0,0,0,0,0,0,0.112323217,0
2024-10-21T12:43:28.737428528Z,AAPL,0,0,-200,1,17,2,100,400,1,100,500,0,-0.495417389,0.002477087,0.042110478,0.004954174,0.247708695,0.990834778,0.002477087,0.247708695,1.238543473,-0.251097927,0
2024-10-21T12:43:29.526405527Z,AAPL,0,0,0,0,0,200,0,0,0,0,0,0,0,0,0,0.472032098,0,0,0,0,0,-0.058122579,0
2024-10-21T12:43:29.583993815Z,AAPL,0,0,0,0,0,-200,0,0,0,0,0,0,0,0,0,-0.495417389,0,0,0,0,0,0.061002073,0
2024-10-21T12:43:29.584006831Z,AAPL,0,0,0,0,400,1,0,0,0,0,0,0,0,0,0.944064196,0.00236016,0,0,0,0,0,-0.180342443,0
2024-10-21T12:43:29.841228100Z,AAPL,0,0,200,0,0,0,0,0,0,0,0,0,0.495417389,0,0,0,0,0,0,0,0,-0.031581997,0
2024-10-21T12:43:29.841240098Z,AAPL,0,0,0,-1,-17,-2,-100,-400,-1,-100,-500,0,0,-0.002675943,-0.045491036,-0.005351887,-0.267594327,-1.070377308,-0.002675943,-0.267594327,-1.337971635,0.305372988,0
2024-10-21T12:43:29.895971250Z,AAPL,0,0,0,0,400,0,0,0,0,0,0,0,0,0,1.070377308,0,0,0,0,0,0,-0.204142254,0
2024-10-21T12:43:30.016726563Z,AAPL,0,0,0,-200,0,0,0,0,0,0,0,0,0,-0.535188654,0,0,0,0,0,0,0,0.056161609,0
2024-10-21T12:43:31.026157327Z,AAPL,0,0,0,0,-400,-1,-505,-10,-100,-15,-100,0,0,0,-1.19510009,-0.00298775,-1.508813863,-0.029877502,-0.298775022,-0.044816253,-0.298775022,0.478699895,0
2024-10-21T12:43:31.026169913Z,AAPL,0,0,0,0,0,200,505,10,100,15,100,0,0,0,0,0.565450947,1.427763642,0.028272547,0.282725474,0.042408821,0.282725474,-0.306577038,0
2024-10-21T12:43:32.777462165Z,AAPL,128,128,200,1,17,2,100,400,1,100,500,0.333593954,0.521240553,0.002606203,0.044305447,0.005212406,0.260620276,1.042481105,0.002606203,0.260620276,1.303101381,-0.337283961,0
2024-10-21T12:43:32.778470496Z,AAPL,0,0,0,0,0,0,0,0,0,0,0,0,0,0,0,0,0,0,0,0,0,0,-50
2024-10-21T12:43:32.778470496Z,AAPL,-50,-50,-200,-1207,-1,-200,-505,-10,-100,-15,-100,-0.131682908,-0.52673163,-3.178825388,-0.002633658,-0.52673163,-1.329997366,-0.026336582,-0.263365815,-0.039504872,-0.263365815,0.655865767,0
2024-10-21T12:43:32.778470496Z,AAPL,0,0,0,0,0,0,0,0,0,0,0,0,0,0,0,0,0,0,0,0,0,0,-50
2024-10-21T12:43:32.778497265Z,AAPL,-128,-128,-200,-1,-17,-2,-100,-400,-1,-100,-500,-0.386706949,-0.604229607,-0.003021148,-0.051359517,-0.006042296,-0.302114804,-1.208459215,-0.003021148,-0.302114804,-1.510574018,0.390984458,0
2024-10-21T12:43:32.778508908Z,AAPL,0,0,0,-128,-200,-1,-17,-2,-100,-400,-1,0,0,-0.36477629,-0.569962952,-0.002849815,-0.048446851,-0.00569963,-0.284981476,-1.139925905,-0.002849815,0.266815259,0
2024-10-21T12:43:32.778520533Z,AAPL,0,0,0,0,-128,-200,-1,-17,-2,-100,-400,0,0,0,-0.406349206,-0.634920635,-0.003174603,-0.053968254,-0.006349206,-0.317460317,-1.26984127,0.293149605,0
2024-10-21T12:43:32.778523795Z,AAPL,13,13,100,41,128,200,1,17,2,100,400,0.03880597,0.298507463,0.12238806,0.382089552,0.597014925,0.002985075,0.050746269,0.005970149,0.298507463,1.194029851,-0.3082932,0
2024-10-21T12:43:32.778533623Z,AAPL,0,0,41,128,200,1,17,2,100,400,1,0,0.126115042,0.393725008,0.615195325,0.003075977,0.052291603,0.006151953,0.307597662,1.230390649,0.003075977,-0.296029385,0
2024-10-21T12:43:32.778543405Z,AAPL,41,41,128,200,1,17,2,100,400,1,100,0.122828041,0.383463152,0.599161174,0.002995806,0.0509287,0.005991612,0.299580587,1.198322349,0.002995806,0.299580587,-0.266670284,0
2024-10-21T12:43:32.778545123Z,AAPL,0,0,0,0,-200,-505,-10,-100,-15,-100,-10,0,0,0,-0.615763547,-1.554802956,-0.030788177,-0.307881773,-0.046182266,-0.307881773,-0.030788177,0.380254657,0
2024-10-21T12:43:32.843469885Z,AAPL,0,0,0,0,0,400,10,100,15,100,10,0,0,0,0,1.13058225,0.028264556,0.282645562,0.042396834,0.282645562,0.028264556,-0.204730923,0
2024-10-21T12:43:32.863795827Z,AAPL,0,0,0,0,0,0,0,0,0,0,0,0,0,0,0,0,0,0,0,0,0,0,0
2024-10-21T12:43:32.864010296Z,AAPL,100,100,200,1207,1,505,400,10,100,15,100,0.275633958,0.551267916,3.326901874,0.00275634,1.391951488,1.102535832,0.027563396,0.275633958,0.041345094,0.275633958,-0.755925066,0
2024-10-21T12:43:32.864353459Z,AAPL,-100,-100,-200,-1207,-1,-505,-400,-10,-100,-15,-100,-0.282645562,-0.565291125,-3.411531939,-0.002826456,-1.42736009,-1.13058225,-0.028264556,-0.282645562,-0.042396834,-0.282645562,0.775154364,0
2024-10-21T12:43:32.875672259Z,AAPL,100,100,200,1207,1,505,400,10,100,15,100,0.275633958,0.551267916,3.326901874,0.00275634,1.391951488,1.102535832,0.027563396,0.275633958,0.041345094,0.275633958,-0.755925066,0
2024-10-21T12:43:32.883762376Z,AAPL,128,128,200,1,17,2,100,400,1,100,500,0.313188158,0.489356496,0.002446782,0.041595302,0.004893565,0.244678248,0.978712992,0.002446782,0.244678248,1.223391241,-0.316652448,0
2024-10-21T12:43:32.960428938Z,AAPL,0,0,0,0,0,0,0,0,0,0,0,0,0,0,0,0,0,0,0,0,0,0,0
2024-10-21T12:43:32.961014516Z,AAPL,0,0,0,0,0,0,0,0,0,0,0,0,0,0,0,0,0,0,0,0,0,0,65
2024-10-21T12:43:32.961014516Z,AAPL,65,65,0,0,0,0,0,0,0,0,0,0.161611139,0,0,0,0,0,0,0,0,0,-0.003217473,0
2024-10-21T12:43:33.006751243Z,AAPL,0,0,0,0,0,200,505,0,0,0,0,0,0,0,0,0.523286238,1.32129775,0,0,0,0,-0.232219867,0
2024-10-21T12:43:33.219553558Z,AAPL,0,0,0,0,0,200,0,0,0,0,0,0,0,0,0,0.497265042,0,0,0,0,0,-0.061229579,0
2024-10-21T12:43:33.275878319Z,AAPL,0,0,0,0,0,-200,0,0,0,0,0,0,0,0,0,-0.523286238,0,0,0,0,0,0.064433639,0
2024-10-21T12:43:33.275890776Z,AAPL,0,0,0,0,0,400,0,0,0,0,0,0,0,0,0,0.994530085,0,0,0,0,0,-0.122459158,0
2024-10-21T12:43:48.778340231Z,AAPL,10,10,100,200,1207,1,400,505,10,100,15,0.02543235,0.254323499,0.508646999,3.069684639,0.002543235,1.017293998,1.284333672,0.02543235,0.254323499,0.038148525,-0.965486402,0
2024-10-21T12:43:49.327571719Z,AAPL,0,0,0,0,0,400,1,0,0,0,0,0,0,0,0,1.017293998,0.002543235,0,0,0,0,-0.125585095,0
2024-10-21T12:43:54.884512067Z,AAPL,0,0,-100,-200,-1207,-400,-1,-505,-10,-100,-15,0,-0.254323499,-0.508646999,-3.069684639,-1.017293998,-0.002543235,-1.284333672,-0.02543235,-0.254323499,-0.038148525,0.961069988,0
2024-10-21T12:43:59.424379492Z,AAPL,-200,-200,1,17,2,100,400,1,100,500,105,-0.495417389,0.002477087,0.042110478,0.004954174,0.247708695,0.990834778,0.002477087,0.247708695,1.238543473,0.260094129,-0.290505829,0
2024-10-21T12:43:59.523974366Z,AAPL,200,200,0,0,0,0,0,0,0,0,0,0.521240553,0,0,0,0,0,0,0,0,0,-0.01037724,0
2024-10-21T12:43:59.523987613Z,AAPL,0,0,-400,0,0,0,0,0,0,0,0,0,-0.944064196,0,0,0,0,0,0,0,0,0.060182451,0
2024-10-21T12:43:59.578697454Z,AAPL,0,0,0,200,-400,-1,-505,-10,-100,-15,-100,0,0,0.49419323,-0.988386459,-0.002470966,-1.247837905,-0.024709661,-0.247096615,-0.037064492,-0.247096615,0.344040677,0
2024-10-21T12:44:00.291904704Z,AAPL,0,0,0,0,100,400,1,100,500,105,63,0,0,0,0.243427459,0.973709834,0.002434275,0.243427459,1.217137293,0.255598832,0.153359299,-0.337865575,0
2024-10-21T12:44:01.574475139Z,AAPL,0,0,0,-200,0,0,0,0,0,0,0,0,0,-0.511770727,0,0,0,0,0,0,0,0.053704179,0
2024-10-21T12:44:01.574487162Z,AAPL,0,0,0,0,200,1,505,10,100,15,100,0,0,0,0.488042948,0.002440215,1.232308443,0.024402147,0.244021474,0.036603221,0.244021474,-0.297893789,0
2024-10-21T12:44:01.597349974Z,AAPL,0,0,0,0,0,0,0,0,0,0,0,0,0,0,0,0,0,0,0,0,0,0,-73
2024-10-21T12:44:01.597349974Z,AAPL,-73,-73,-601,-1224,-300,-401,-506,-110,-600,-120,-163,-0.172781065,-1.422485207,-2.89704142,-0.710059172,-0.949112426,-1.197633136,-0.26035503,-1.420118343,-0.284023669,-0.385798817,1.01557909,0
2024-10-21T12:44:01.597372308Z,AAPL,0,0,-63,-401,-17,-100,-400,-1,-100,-500,-105,0,-0.1492891,-0.950236967,-0.04028436,-0.236966825,-0.947867299,-0.002369668,-0.236966825,-1.184834123,-0.248815166,0.39897706,0
2024-10-21T12:44:01.597376739Z,AAPL,0,0,-100,-63,-401,-17,-100,-400,-1,-100,-500,0,-0.268384326,-0.169082126,-1.076221149,-0.045625335,-0.268384326,-1.073537305,-0.002683843,-0.268384326,-1.341921632,0.542357213,0
2024-10-21T12:44:01.597388458Z,AAPL,0,0,0,0,-63,-401,-17,-100,-400,-1,-100,0,0,0,-0.172366621,-1.097127223,-0.046511628,-0.273597811,-1.094391245,-0.002735978,-0.273597811,0.328490521,0
2024-10-21T12:44:01.597398797Z,AAPL,0,0,0,29,63,401,17,100,400,1,100,0,0,0.079343365,0.172366621,1.097127223,0.046511628,0.273597811,1.094391245,0.002735978,0.273597811,-0.336816652,0
2024-10-21T12:44:01.597405484Z,AAPL,0,0,-6,-29,-63,-401,-17,-100,-400,-1,-100,0,-0.016291067,-0.078740157,-0.171056204,-1.088786316,-0.046158023,-0.271517784,-1.086071138,-0.002715178,-0.271517784,0.335294531,0
2024-10-21T12:44:01.597418633Z,AAPL,0,0,0,-200,-1,-505,-10,-100,-15,-100,-10,0,0,-0.556637907,-0.00278319,-1.405510715,-0.027831895,-0.278318954,-0.041747843,-0.278318954,-0.027831895,0.296523923,0
2024-10-21T12:44:01.597710823Z,AAPL,0,0,0,0,0,401,17,100,400,1,100,0,0,0,0,1.104683196,0.046831956,0.275482094,1.101928375,0.002754821,0.275482094,-0.297652704,0
2024-10-21T12:44:01.631410923Z,AAPL,0,0,0,0,0,-401,-17,-100,-400,-1,-100,0,0,0,0,-1.135977337,-0.04815864,-0.283286119,-1.133144476,-0.002832861,-0.283286119,0.306084792,0
2024-10-21T12:44:01.665008249Z,AAPL,0,0,0,400,0,0,0,0,0,0,0,0,0,1.017811705,0,0,0,0,0,0,0,-0.10680709,0
2024-10-21T12:44:01.697457905Z,AAPL,0,0,0,29,400,1,17,100,400,1,100,0,0,0.072067594,0.994035785,0.002485089,0.042246521,0.248508946,0.994035785,0.002485089,0.248508946,-0.343255516,0
2024-10-21T12:44:01.697487107Z,AAPL,0,0,0,400,1,17,100,400,1,100,500,0,0,0.889877642,0.002224694,0.0378198,0.22246941,0.889877642,0.002224694,0.22246941,1.112347052,-0.344346175,0
2024-10-21T12:44:01.723656057Z,AAPL,0,0,0,-400,0,0,0,0,0,0,0,0,0,-0.931315483,0,0,0,0,0,0,0,0.097730352,0
2024-10-21T12:44:03.939688098Z,AAPL,0,0,0,-200,0,0,0,0,0,0,0,0,0,-0.465657742,0,0,0,0,0,0,0,0.048865176,0
2024-10-21T12:44:10.095362898Z,AAPL,128,128,200,1,17,100,400,1,100,500,105,0.304038005,0.475059382,0.002375297,0.040380048,0.237529691,0.950118765,0.002375297,0.237529691,1.187648456,0.249406176,-0.327018915,0
2024-10-21T12:44:10.112254651Z,AAPL,-128,-128,-200,-1,-17,-100,-400,-1,-100,-500,-105,-0.304399524,-0.475624257,-0.002378121,-0.040428062,-0.237812128,-0.951248514,-0.002378121,-0.237812128,-1.189060642,-0.249702735,0.32740776,0
2024-10-21T12:44:10.112739141Z,AAPL,128,128,200,1,17,100,400,1,100,500,105,0.304038005,0.475059382,0.002375297,0.040380048,0.237529691,0.950118765,0.002375297,0.237529691,1.187648456,0.249406176,-0.327018915,0
2024-10-21T12:44:10.125962951Z,AAPL,0,0,0,0,0,0,0,0,0,0,0,0,0,0,0,0,0,0,0,0,0,0,-90
2024-10-21T12:44:10.125962951Z,AAPL,-90,-90,0,0,0,0,0,0,0,0,0,-0.218446602,0,0,0,0,0,0,0,0,0,0.004348995,0
2024-10-21T12:44:10.126029110Z,AAPL,0,0,0,-400,0,0,0,0,0,0,0,0,0,-1.075268817,0,0,0,0,0,0,0,0.112836522,0
2024-10-21T12:44:10.126259301Z,AAPL,0,0,-200,-1,-17,-100,-400,-1,-100,-500,-105,0,-0.55233361,-0.002761668,-0.046948357,-0.276166805,-1.104667219,-0.002761668,-0.276166805,-1.380834024,-0.289975145,0.373174938,0
2024-10-21T12:44:10.130353938Z,AAPL,0,0,200,1,17,100,400,1,100,500,105,0,0.537634409,0.002688172,0.045698925,0.268817204,1.075268817,0.002688172,0.268817204,1.344086022,0.282258065,-0.36324367,0
2024-10-21T12:44:10.130410348Z,AAPL,0,0,0,0,200,505,10,100,15,100,10,0,0,0,0.524934383,1.325459318,0.026246719,0.262467192,0.039370079,0.262467192,0.026246719,-0.3241646,0
2024-10-21T12:44:10.139163189Z,AAPL,-110,-110,-1207,-1,-200,-505,-10,-100,-15,-100,-10,-0.288713911,-3.167979003,-0.002624672,-0.524934383,-1.325459318,-0.026246719,-0.262467192,-0.039370079,-0.262467192,-0.026246719,0.532141109,0
2024-10-21T12:44:10.157454473Z,AAPL,0,0,0,200,0,0,0,0,0,0,0,0,0,0.498753117,0,0,0,0,0,0,0,-0.052338137,0
2024-10-21T12:44:10.210284689Z,AAPL,0,0,0,-200,0,0,0,0,0,0,0,0,0,-0.524934383,0,0,0,0,0,0,0,0.055085546,0
2024-10-21T12:44:10.210294376Z,AAPL,0,0,0,-200,-505,-10,-100,-15,-100,-10,-110,0,0,-0.539083558,-1.361185984,-0.026954178,-0.269541779,-0.040431267,-0.269541779,-0.026954178,-0.296495957,0.409626291,0
2024-10-21T12:44:10.228540017Z,AAPL,0,0,0,200,505,10,100,15,100,10,110,0,0,0.524934383,1.325459318,0.026246719,0.262467192,0.039370079,0.262467192,0.026246719,0.288713911,-0.398874945,0
2024-10-21T12:44:22.659115608Z,AAPL,1,1,1207,1,200,505,10,100,15,100,10,0.002701972,3.261280735,0.002701972,0.540394488,1.364496082,0.027019724,0.270197244,0.040529587,0.270197244,0.027019724,-0.541950042,0
2024-10-21T12:44:24.320346216Z,AAPL,0,0,0,0,0,0,0,0,0,0,0,0,0,0,0,0,0,0,0,0,0,0,-1
2024-10-21T12:44:24.320346216Z,AAPL,-1,-1,-1207,-1,-200,-505,-10,-100,-15,-100,-10,-0.002624672,-3.167979003,-0.002624672,-0.524934383,-1.325459318,-0.026246719,-0.262467192,-0.039370079,-0.262467192,-0.026246719,0.526445435,0
2024-10-21T12:44:24.320371608Z,AAPL,-128,-128,-200,-1,-17,-100,-400,-1,-100,-500,-105,-0.345385861,-0.539665407,-0.002698327,-0.04587156,-0.269832704,-1.079330815,-0.002698327,-0.269832704,-1.349163519,-0.283324339,0.371492075,0
2024-10-21T12:44:24.328088877Z,AAPL,0,0,0,-200,-505,-10,-100,-15,-100,-10,-110,0,0,-0.55463117,-1.400443705,-0.027731559,-0.277315585,-0.041597338,-0.277315585,-0.027731559,-0.305047144,0.421440249,0
2024-10-21T12:44:24.329087388Z,AAPL,0,0,-6,0,0,0,0,0,0,0,0,0,-0.016611296,0,0,0,0,0,0,0,0,0.001058941,0
2024-10-21T12:44:24.329391498Z,AAPL,-4,-4,0,0,0,0,0,0,0,0,0,-0.011061947,0,0,0,0,0,0,0,0,0,0.000220229,0
2024-10-21T12:44:24.329400563Z,AAPL,0,0,-134,-200,-1,-17,-100,-400,-1,-100,-500,0,-0.416666667,-0.621890547,-0.003109453,-0.052860697,-0.310945274,-1.243781095,-0.003109453,-0.310945274,-1.554726368,0.442594152,0
2024-10-21T12:44:24.329919574Z,AAPL,0,0,134,200,1,17,100,400,1,100,500,0,0.370575221,0.553097345,0.002765487,0.047013274,0.276548673,1.10619469,0.002765487,0.276548673,1.382743363,-0.393634622,0
2024-10-21T12:44:24.333182245Z,AAPL,0,0,6,0,0,0,0,0,0,0,0,0,0.016620499,0,0,0,0,0,0,0,0,-0.001059528,0
2024-10-21T12:44:24.367829695Z,AAPL,4,4,0,0,0,0,0,0,0,0,0,0.011092623,0,0,0,0,0,0,0,0,0,-0.00022084,0
2024-10-21T12:44:24.396882356Z,AAPL,0,0,0,400,505,10,100,15,100,10,110,0,0,1.02406554,1.292882744,0.025601639,0.256016385,0.038402458,0.256016385,0.025601639,0.281618024,-0.442803244,0
2024-10-21T12:44:24.420452931Z,AAPL,128,128,200,1,17,100,400,1,100,500,105,0.319201995,0.498753117,0.002493766,0.042394015,0.249376559,0.997506234,0.002493766,0.249376559,1.246882793,0.261845387,-0.343329085,0
2024-10-21T12:44:29.399741197Z,AAPL,0,0,0,-400,-505,-10,-100,-15,-100,-10,-110,0,0,-1.078167116,-1.361185984,-0.026954178,-0.269541779,-0.040431267,-0.269541779,-0.026954178,-0.296495957,0.466196623,0
2024-10-21T12:44:29.399754078Z,AAPL,0,0,0,0,400,10,100,15,100,10,110,0,0,0,0.997506234,0.024937656,0.249376559,0.037406484,0.249376559,0.024937656,0.274314214,-0.276703669,0
2024-10-21T12:44:37.204838096Z,AAPL,0,0,0,0,0,0,0,0,0,0,0,0,0,0,0,0,0,0,0,0,0,0,0
2024-10-21T12:44:37.267315101Z,AAPL,0,0,0,0,0,0,0,0,0,0,0,0,0,0,0,0,0,0,0,0,0,0,100
2024-10-21T12:44:37.267315101Z,AAPL,100,100,0,0,0,0,0,0,0,0,0,0.255754476,0,0,0,0,0,0,0,0,0,-0.005091748,0
2024-10-21T12:44:37.267346130Z,AAPL,100,100,1207,1,505,400,10,100,15,100,10,0.256410256,3.094871795,0.002564103,1.294871795,1.025641026,0.025641026,0.256410256,0.038461538,0.256410256,0.025641026,-0.635352086,0
2024-10-21T12:44:37.267377859Z,AAPL,0,0,1,17,100,400,1,100,500,105,63,0,0.002657454,0.045176721,0.265745416,1.062981664,0.002657454,0.265745416,1.328727079,0.279032687,0.167419612,-0.373751985,0
2024-10-21T12:44:37.371918862Z,AAPL,0,0,-1,-17,-100,-400,-1,-100,-500,-105,-63,0,-0.002564103,-0.043589744,-0.256410256,-1.025641026,-0.002564103,-0.256410256,-1.282051282,-0.269230769,-0.161538462,0.360622748,0
2024-10-21T12:44:37.372688632Z,AAPL,-100,-100,-1207,-1,-505,-400,-10,-100,-15,-100,-10,-0.255754476,-3.086956522,-0.002557545,-1.291560102,-1.023017903,-0.025575448,-0.255754476,-0.038363171,-0.255754476,-0.025575448,0.633727144,0
2024-10-21T12:44:43.997940262Z,AAPL,0,0,0,400,505,0,0,0,0,0,0,0,0,1.023017903,1.291560102,0,0,0,0,0,0,-0.353679632,0
2024-10-21T12:44:43.997952400Z,AAPL,0,0,1,17,100,400,1,100,500,105,63,0,0.002650411,0.045056984,0.265041081,1.060164325,0.002650411,0.265041081,1.325205407,0.278293135,0.166975881,-0.372761388,0
2024-10-21T12:44:43.997963233Z,AAPL,0,0,-1,-17,-100,-400,-1,-100,-500,-105,-63,0,-0.002557545,-0.043478261,-0.255754476,-1.023017903,-0.002557545,-0.255754476,-1.278772379,-0.268542199,-0.16112532,0.35970044,0
2024-10-21T12:44:44.082882873Z,AAPL,0,0,-200,0,0,0,0,0,0,0,0,0,-0.511508951,0,0,0,0,0,0,0,0,0.032607806,0
2024-10-21T12:44:49.032770567Z,AAPL,0,0,0,-400,-505,-10,-100,-15,-100,-10,-110,0,0,-1.108033241,-1.398891967,-0.027700831,-0.27700831,-0.041551247,-0.27700831,-0.027700831,-0.304709141,0.479110656,0
2024-10-21T12:44:49.032784585Z,AAPL,0,0,0,0,400,10,100,15,100,10,110,0,0,0,1.023017903,0.025575448,0.255754476,0.038363171,0.255754476,0.025575448,0.281329923,-0.283780489,0
2024-10-21T12:44:56.110568275Z,AAPL,100,100,1207,1,505,400,10,100,15,100,10,0.256410256,3.094871795,0.002564103,1.294871795,1.025641026,0.025641026,0.256410256,0.038461538,0.256410256,0.025641026,-0.635352086,0
2024-10-21T12:44:56.111500132Z,AAPL,0,0,0,0,0,0,0,0,0,0,0,0,0,0,0,0,0,0,0,0,0,0,0
2024-10-21T12:44:59.972308166Z,AAPL,10,10,100,1207,1,505,400,10,100,15,100,0.025641026,0.256410256,3.094871795,0.002564103,1.294871795,1.025641026,0.025641026,0.256410256,0.038461538,0.256410256,-0.682264107,0
2024-10-21T12:44:59.972823933Z,AAPL,0,0,-100,-1207,-1,-505,-400,-10,-100,-15,-100,0,-0.262467192,-3.167979003,-0.002624672,-1.325459318,-1.049868766,-0.026246719,-0.262467192,-0.039370079,-0.262467192,0.697858043,0
2024-10-21T12:45:00.466069449Z,AAPL,0,0,0,0,0,0,0,0,0,0,0,0,0,0,0,0,0,0,0,0,0,0,200
2024-10-21T12:45:00.466069449Z,AAPL,200,200,1,17,100,400,1,100,500,105,63,0.520156047,0.00260078,0.044213264,0.260078023,1.040312094,0.00260078,0.260078023,1.300390117,0.273081925,0.163849155,-0.37613685,0
2024-10-21T12:45:00.466091166Z,AAPL,100,100,10,1207,1,505,400,10,100,15,100,0.254129606,0.025412961,3.067344346,0.002541296,1.283354511,1.016518424,0.025412961,0.254129606,0.038119441,0.254129606,-0.666168854,0
2024-10-21T12:45:00.466096527Z,AAPL,6,6,100,10,1207,1,505,400,10,100,15,0.015620932,0.260348867,0.026034887,3.142410831,0.002603489,1.314761781,1.04139547,0.026034887,0.260348867,0.03905233,-0.937834174,0
2024-10-21T12:45:00.466104495Z,AAPL,0,0,100,0,0,0,0,0,0,0,0,0,0.253742705,0,0,0,0,0,0,0,0,-0.016175656,0
2024-10-21T12:45:00.466110782Z,AAPL,0,0,76,0,0,0,0,0,0,0,0,0,0.189195917,0,0,0,0,0,0,0,0,-0.012060911,0
2024-10-21T12:45:00.466138376Z,AAPL,0,0,-100,0,0,0,0,0,0,0,0,0,-0.255297421,0,0,0,0,0,0,0,0,0.016274767,0
2024-10-21T12:45:00.466144715Z,AAPL,0,0,-100,0,0,0,0,0,0,0,0,0,-0.261985853,0,0,0,0,0,0,0,0,0.016701143,0
2024-10-21T12:45:00.466331776Z,AAPL,1,1,17,100,400,1,100,500,105,63,60,0.002719608,0.046233342,0.271960838,1.087843351,0.002719608,0.271960838,1.359804188,0.28555888,0.171335328,0.163176503,-0.490978593,0
2024-10-21T12:45:00.534396965Z,AAPL,0,0,0,0,0,0,400,505,0,0,0,0,0,0,0,0,1.087843351,1.37340223,0,0,0,-0.30455558,0
2024-10-21T12:45:00.566178995Z,AAPL,-6,-6,-76,-10,-1207,-1,-400,-505,-10,-100,-15,-0.015910899,-0.201538054,-0.026518165,-3.200742509,-0.002651816,-1.060726598,-1.33916733,-0.026518165,-0.265181649,-0.039777247,0.949566286,0
2024-10-21T12:45:00.566206580Z,AAPL,-76,-76,-10,-1207,-1,-400,-505,-10,-100,-15,-100,-0.205128205,-0.026990553,-3.257759784,-0.002699055,-1.079622132,-1.363022942,-0.026990553,-0.269905533,-0.04048583,-0.269905533,0.707325846,0
2024-10-21T12:45:00.576961798Z,AAPL,-1,-1,-17,-100,-400,-1,-100,-500,-105,-63,-60,-0.002472188,-0.042027194,-0.247218789,-0.988875155,-0.002472188,-0.247218789,-1.236093943,-0.259579728,-0.155747837,-0.148331273,0.446311072,0
2024-10-21T12:45:00.732087701Z,AAPL,0,0,0,0,200,0,0,0,0,0,0,0,0,0,0.520156047,0,0,0,0,0,0,-0.09920411,0
2024-10-21T12:45:01.132627516Z,AAPL,0,0,0,0,200,0,0,0,0,0,0,0,0,0,0.494437577,0,0,0,0,0,0,-0.094299086,0
2024-10-21T12:45:01.134992267Z,AAPL,200,200,0,0,0,0,0,0,0,0,0,0.520156047,0,0,0,0,0,0,0,0,0,-0.010355649,0
2024-10-21T12:45:01.188576992Z,AAPL,0,0,0,0,-200,0,0,0,0,0,0,0,0,0,-0.548696845,0,0,0,0,0,0,0.104647408,0
2024-10-21T12:45:01.188588948Z,AAPL,0,0,0,200,1,0,0,0,0,0,0,0,0,0.548696845,0.002743484,0,0,0,0,0,0,-0.058102368,0
2024-10-21T12:45:03.941408756Z,AAPL,0,0,0,200,0,0,0,0,0,0,0,0,0,0.548696845,0,0,0,0,0,0,0,-0.057579131,0
2024-10-21T12:45:04.378997886Z,AAPL,0,0,0,-200,-1,-505,-10,-100,-15,-100,-10,0,0,-0.562587904,-0.00281294,-1.420534459,-0.028129395,-0.281293952,-0.042194093,-0.281293952,-0.028129395,0.299693517,0
2024-10-21T12:45:04.392289828Z,AAPL,-200,-200,-1,-17,-100,-400,-1,-100,-500,-105,-63,-0.570287995,-0.00285144,-0.04847448,-0.285143998,-1.140575991,-0.00285144,-0.285143998,-1.425719989,-0.299401198,-0.179640719,0.41238842,0
2024-10-21T12:45:04.455791398Z,AAPL,0,0,0,200,1,505,10,100,15,100,10,0,0,0.556018905,0.002780095,1.403947734,0.027800945,0.278009452,0.041701418,0.278009452,0.027800945,-0.296194177,0
2024-10-21T12:45:04.463427946Z,AAPL,0,0,0,-200,-1,-505,-10,-100,-15,-100,-10,0,0,-0.570287995,-0.00285144,-1.439977188,-0.0285144,-0.285143998,-0.0427716,-0.285143998,-0.0285144,0.303795396,0
2024-10-21T12:45:04.463440670Z,AAPL,0,0,0,400,0,0,0,0,0,0,0,0,0,1.02380343,0,0,0,0,0,0,0,-0.107435849,0
2024-10-21T12:45:06.500906813Z,AAPL,0,0,0,0,0,0,0,0,0,0,0,0,0,0,0,0,0,0,0,0,0,0,0
2024-10-21T12:45:07.821742791Z,AAPL,30,30,10,1207,401,505,10,100,15,100,10,0.078390384,0.026130128,3.153906454,1.047818134,1.319571466,0.026130128,0.26130128,0.039195192,0.26130128,0.026130128,-0.757084614,0
2024-10-21T12:45:07.821766697Z,AAPL,0,0,0,0,0,0,0,0,0,0,0,0,0,0,0,0,0,0,0,0,0,0,-30
2024-10-21T12:45:07.821766697Z,AAPL,-30,-30,-10,-1207,-401,-505,-10,-100,-15,-100,-10,-0.076785257,-0.025595086,-3.089326849,-1.026362938,-1.29255183,-0.025595086,-0.255950857,-0.038392629,-0.255950857,-0.025595086,0.741582497,0
2024-10-21T12:45:08.568521916Z,AAPL,148,148,10,1207,401,505,10,100,15,100,10,0.375158428,0.025348542,3.059569075,1.016476553,1.280101394,0.025348542,0.253485425,0.038022814,0.253485425,0.025348542,-0.740394201,0
2024-10-21T12:45:08.568573634Z,AAPL,0,0,0,0,0,0,0,0,0,0,0,0,0,0,0,0,0,0,0,0,0,0,200
2024-10-21T12:45:08.568573634Z,AAPL,200,200,1,17,100,400,1,100,500,105,63,0.500876534,0.002504383,0.042574505,0.250438267,1.001753068,0.002504383,0.250438267,1.252191335,0.26296018,0.157776108,-0.362195389,0
2024-10-21T12:45:08.568595371Z,AAPL,100,100,148,10,1207,401,505,10,100,15,100,0.244917952,0.36247857,0.024491795,2.956159687,0.982120989,1.23683566,0.024491795,0.244917952,0.036737693,0.244917952,-0.920548333,0
2024-10-21T12:45:08.568607237Z,AAPL,-100,-100,-148,-10,-1207,-401,-505,-10,-100,-15,-100,-0.250438267,-0.370648635,-0.025043827,-3.022789882,-1.004257451,-1.264713248,-0.025043827,-0.250438267,-0.03756574,-0.250438267,0.941296981,0
2024-10-21T12:45:08.568836429Z,AAPL,1,1,17,100,400,1,100,500,105,63,60,0.00259538,0.044121464,0.259538022,1.038152089,0.00259538,0.259538022,1.297690112,0.272514923,0.163508954,0.155722813,-0.468551333,0
2024-10-21T12:45:08.568842453Z,AAPL,0,0,100,10,1207,401,505,10,100,15,100,0,0.253613999,0.0253614,3.061120974,1.016992138,1.280750697,0.0253614,0.253613999,0.0380421,0.253613999,-0.940423775,0
2024-10-21T12:45:08.569243224Z,AAPL,0,0,0,0,0,0,0,0,0,0,0,0,0,0,0,0,0,0,0,0,0,0,0
2024-10-21T12:45:08.569247948Z,AAPL,0,0,-100,-10,-1207,-401,-505,-10,-100,-15,-100,0,-0.259538022,-0.025953802,-3.132623929,-1.04074747,-1.310667013,-0.025953802,-0.259538022,-0.038930703,-0.259538022,0.96239059,0
2024-10-21T12:45:08.572627612Z,AAPL,-148,-148,-10,-1207,-401,-505,-10,-100,-15,-100,-10,-0.387942333,-0.02621232,-3.163826999,-1.051114024,-1.323722149,-0.02621232,-0.262123198,-0.03931848,-0.262123198,-0.02621232,0.765623886,0
2024-10-21T12:45:08.674779302Z,AAPL,-1,-1,-17,-100,-400,-1,-100,-500,-105,-63,-60,-0.002528445,-0.042983565,-0.252844501,-1.011378003,-0.002528445,-0.252844501,-1.264222503,-0.265486726,-0.159292035,-0.1517067,0.456467329,0
2024-10-21T12:45:08.952909426Z,AAPL,100,100,10,1207,401,505,10,100,15,100,10,0.253485425,0.025348542,3.059569075,1.016476553,1.280101394,0.025348542,0.253485425,0.038022814,0.253485425,0.025348542,-0.737971846,0
2024-10-21T12:45:09.467642057Z,AAPL,1,1,17,100,400,1,100,500,105,63,60,0.002628121,0.044678055,0.262812089,1.051248357,0.002628121,0.262812089,1.314060447,0.275952694,0.165571616,0.157687254,-0.474462099,0
2024-10-21T12:45:09.568869622Z,AAPL,-1,-1,-17,-100,-400,-1,-100,-500,-105,-63,-60,-0.002534854,-0.043092522,-0.253485425,-1.013941698,-0.002534854,-0.253485425,-1.267427123,-0.266159696,-0.159695817,-0.152091255,0.457624407,0
2024-10-21T12:45:10.957645576Z,AAPL,0,0,0,0,-200,0,0,0,0,0,0,0,0,0,-0.534045394,0,0,0,0,0,0,0.101853085,0
2024-10-21T12:45:11.522901317Z,AAPL,0,0,0,0,200,0,0,0,0,0,0,0,0,0,0.506970849,0,0,0,0,0,0,-0.09668943,0
2024-10-21T12:45:16.300828735Z,AAPL,-100,-100,-10,-1207,-401,-505,-10,-100,-15,-100,-10,-0.252844501,-0.02528445,-3.051833123,-1.013906448,-1.276864728,-0.02528445,-0.252844501,-0.037926675,-0.252844501,-0.02528445,0.736105925,0
2024-10-21T12:45:17.074205541Z,AAPL,0,0,0,-200,0,0,0,0,0,0,0,0,0,-0.532623169,0,0,0,0,0,0,0,0.055892392,0
2024-10-21T12:45:17.074218249Z,AAPL,0,0,0,400,1,505,10,100,15,100,10,0,0,1.040312094,0.00260078,1.313394018,0.026007802,0.260078023,0.039011704,0.260078023,0.026007802,-0.331673962,0
2024-10-21T12:45:39.966757614Z,AAPL,1,1,17,100,400,1,100,500,105,63,60,0.002699055,0.045883941,0.269905533,1.079622132,0.002699055,0.269905533,1.349527665,0.28340081,0.170040486,0.16194332,-0.487268094,0
2024-10-21T12:45:39.966770270Z,AAPL,0,0,-17,-100,-400,-1,-100,-500,-105,-63,-60,0,-0.044213264,-0.260078023,-1.040312094,-0.00260078,-0.260078023,-1.300390117,-0.273081925,-0.163849155,-0.156046814,0.469474434,0
2024-10-21T12:45:40.024030599Z,AAPL,0,0,0,400,0,0,0,0,0,0,0,0,0,1.040312094,0,0,0,0,0,0,0,-0.109168235,0
2024-10-21T12:45:41.579754503Z,AAPL,-200,-200,17,100,400,1,100,500,105,63,60,-0.512163892,0.043533931,0.256081946,1.024327785,0.002560819,0.256081946,1.280409731,0.268886044,0.161331626,0.153649168,-0.452064464,0
2024-10-21T12:45:42.523889758Z,AAPL,0,0,0,-400,-1,-505,-10,-100,-15,-100,-10,0,0,-1.106500692,-0.002766252,-1.396957123,-0.027662517,-0.276625173,-0.041493776,-0.276625173,-0.027662517,0.352776317,0
2024-10-21T12:45:42.523901729Z,AAPL,0,0,0,200,1,505,10,100,15,100,10,0,0,0.539811066,0.002699055,1.363022942,0.026990553,0.269905533,0.04048583,0.269905533,0.026990553,-0.287560176,0
2024-10-21T12:45:46.308803313Z,AAPL,0,0,0,200,0,0,0,0,0,0,0,0,0,0.512163892,0,0,0,0,0,0,0,-0.053745437,0
2024-10-21T12:46:00.710010076Z,AAPL,0,0,0,-100,-400,-1,-100,-500,-105,-63,-60,0,0,-0.259942813,-1.03977125,-0.002599428,-0.259942813,-1.299714063,-0.272939953,-0.163763972,-0.155965688,0.466413308,0
2024-10-21T12:46:01.288790694Z,AAPL,0,0,0,-200,0,0,0,0,0,0,0,0,0,-0.548395942,0,0,0,0,0,0,0,0.057547554,0
2024-10-21T12:46:01.288803458Z,AAPL,0,0,0,400,0,0,0,0,0,0,0,0,0,1.03977125,0,0,0,0,0,0,0,-0.10911148,0
2024-10-21T12:46:10.320582034Z,AAPL,0,0,0,-200,0,0,0,0,0,0,0,0,0,-0.548395942,0,0,0,0,0,0,0,0.057547554,0
2024-10-21T12:46:10.320607088Z,AAPL,0,0,0,-200,-1,-505,-10,-100,-15,-100,-10,0,0,-0.562271577,-0.002811358,-1.419735732,-0.028113579,-0.281135789,-0.042170368,-0.281135789,-0.028113579,0.299525008,0
2024-10-21T12:46:10.320619482Z,AAPL,0,0,0,0,200,505,10,100,15,100,10,0,0,0,0.548395942,1.384699753,0.027419797,0.274197971,0.041129696,0.274197971,0.027419797,-0.3386529,0
2024-10-21T12:46:12.080290410Z,AAPL,-200,-200,0,0,0,0,0,0,0,0,0,-0.519885625,0,0,0,0,0,0,0,0,0,0.010350265,0
2024-10-21T12:46:12.137568253Z,AAPL,0,0,0,0,200,0,0,0,0,0,0,0,0,0,0.49419323,0,0,0,0,0,0,-0.094252484,0
2024-10-21T12:46:12.193567298Z,AAPL,0,0,0,0,-200,0,0,0,0,0,0,0,0,0,-0.519885625,0,0,0,0,0,0,0.099152535,0
2024-10-21T12:46:12.193579968Z,AAPL,0,0,0,400,1,0,0,0,0,0,0,0,0,0.988386459,0.002470966,0,0,0,0,0,0,-0.104190527,0
2024-10-21T12:46:12.268092521Z,AAPL,-401,-401,-17,-2,-100,-400,-1,-100,-500,-105,-63,-1.001248439,-0.042446941,-0.004993758,-0.24968789,-0.998751561,-0.002496879,-0.24968789,-1.248439451,-0.262172285,-0.157303371,0.369718295,0
2024-10-21T12:46:16.791652393Z,AAPL,401,401,17,2,100,400,1,100,500,105,63,0.990857425,0.042006425,0.004941932,0.247096615,0.988386459,0.002470966,0.247096615,1.235483074,0.259451446,0.155670867,-0.365881337,0
2024-10-21T12:46:19.577613731Z,AAPL,200,200,0,0,0,0,0,0,0,0,0,0.519885625,0,0,0,0,0,0,0,0,0,-0.010350265,0
2024-10-21T12:46:23.938521180Z,AAPL,0,0,0,400,0,0,0,0,0,0,0,0,0,1.03977125,0,0,0,0,0,0,0,-0.10911148,0
2024-10-21T12:46:25.802255158Z,AAPL,0,0,0,-400,-1,-505,-10,-100,-15,-100,-10,0,0,-1.124543154,-0.002811358,-1.419735732,-0.028113579,-0.281135789,-0.042170368,-0.281135789,-0.028113579,0.358528643,0
2024-10-21T12:46:25.802267157Z,AAPL,0,0,0,0,200,505,10,100,15,100,10,0,0,0,0.548395942,1.384699753,0.027419797,0.274197971,0.041129696,0.274197971,0.027419797,-0.3386529,0
2024-10-21T12:46:26.818456297Z,AAPL,-201,-201,-17,-2,-100,-400,-1,-100,-500,-105,-63,-0.560825893,-0.047433036,-0.005580357,-0.279017857,-1.116071429,-0.002790179,-0.279017857,-1.395089286,-0.29296875,-0.17578125,0.402038031,0
2024-10-21T12:46:30.615356413Z,AAPL,-200,-200,-1,-17,-2,-100,-400,-1,-100,-500,-105,-0.574712644,-0.002873563,-0.048850575,-0.005747126,-0.287356322,-1.149425287,-0.002873563,-0.287356322,-1.436781609,-0.301724138,0.35988706,0
2024-10-21T12:46:36.896860441Z,AAPL,-1,-1,-200,-1,-17,-2,-100,-400,-1,-100,-500,-0.003353454,-0.670690812,-0.003353454,-0.057008719,-0.006706908,-0.335345406,-1.341381623,-0.003353454,-0.335345406,-1.676727029,0.425511222,0
2024-10-21T12:46:36.896993475Z,AAPL,0,0,0,0,-200,-505,-10,-100,-15,-100,-10,0,0,0,-0.691562932,-1.746196404,-0.034578147,-0.345781466,-0.05186722,-0.345781466,-0.034578147,0.427063322,0
2024-10-21T12:46:36.935295740Z,AAPL,1,1,200,1,17,2,100,400,1,100,500,0.002949853,0.589970501,0.002949853,0.050147493,0.005899705,0.294985251,1.179941003,0.002949853,0.294985251,1.474926254,-0.374299252,0
2024-10-21T12:46:36.967821622Z,AAPL,0,0,0,0,400,505,10,100,15,100,10,0,0,0,1.086956522,1.372282609,0.027173913,0.27173913,0.04076087,0.27173913,0.027173913,-0.439268187,0
2024-10-21T12:46:36.973880941Z,AAPL,0,0,1,17,2,100,400,1,100,500,105,0,0.0027894,0.047419805,0.005578801,0.278940028,1.115760112,0.0027894,0.278940028,1.394700139,0.292887029,-0.338239749,0
2024-10-21T12:46:36.973894591Z,AAPL,0,0,0,-17,-2,-100,-400,-1,-100,-500,-105,0,0,-0.043814433,-0.005154639,-0.257731959,-1.030927835,-0.00257732,-0.257731959,-1.288659794,-0.270618557,0.312358767,0
2024-10-21T12:46:40.270472256Z,AAPL,0,0,0,200,0,0,0,0,0,0,0,0,0,0.543478261,0,0,0,0,0,0,0,-0.057031503,0
2024-10-21T12:46:42.223069810Z,AAPL,0,0,0,0,400,0,0,0,0,0,0,0,0,0,1.086956522,0,0,0,0,0,0,-0.20730424,0
2024-10-21T12:46:46.421912989Z,AAPL,0,0,0,17,2,100,400,1,100,500,105,0,0,0.047419805,0.005578801,0.278940028,1.115760112,0.0027894,0.278940028,1.394700139,0.292887029,-0.33806193,0
2024-10-21T12:46:46.421925139Z,AAPL,0,0,0,-17,-2,-100,-400,-1,-100,-500,-105,0,0,-0.043814433,-0.005154639,-0.257731959,-1.030927835,-0.00257732,-0.257731959,-1.288659794,-0.270618557,0.312358767,0
2024-10-21T12:46:46.487697098Z,AAPL,0,0,0,-400,0,0,0,0,0,0,0,0,0,-1.030927835,0,0,0,0,0,0,0,0.10818347,0
2024-10-21T12:46:52.612794937Z,AAPL,0,0,0,0,0,0,0,0,0,9,0,0,0,0,0,0,0,0,0,0.023142196,0,-0.001761396,0
2024-10-21T12:47:00.410294114Z,AAPL,0,0,0,0,0,100,400,1,100,500,105,0,0,0,0,0.250501002,1.002004008,0.00250501,0.250501002,1.25250501,0.263026052,-0.298170883,0
2024-10-21T12:47:02.422982273Z,AAPL,0,0,-1,-400,0,0,0,0,0,0,0,0,-0.002637131,-1.054852321,0,0,0,0,0,0,0,0.110862169,0
2024-10-21T12:47:02.478990158Z,AAPL,0,0,-200,0,0,0,0,0,0,0,0,0,-0.52742616,0,0,0,0,0,0,0,0,0.033622501,0
2024-10-21T12:47:08.170726079Z,AAPL,0,0,0,0,0,0,0,0,0,0,0,0,0,0,0,0,0,0,0,0,0,0,-10
2024-10-21T12:47:08.170726079Z,AAPL,-10,-10,-1207,-1,-400,-505,-10,-100,-15,-109,-10,-0.025693731,-3.101233299,-0.002569373,-1.027749229,-1.297533402,-0.025693731,-0.256937307,-0.038540596,-0.280061665,-0.025693731,0.615580361,0
2024-10-21T12:47:08.170747785Z,AAPL,-1,-1,-200,-1,-17,-100,-400,-1,-100,-500,-105,-0.002572678,-0.514535632,-0.002572678,-0.043735529,-0.257267816,-1.029071263,-0.002572678,-0.257267816,-1.286339079,-0.270131207,0.347688587,0
2024-10-21T12:47:08.170753593Z,AAPL,-100,-100,-1,-200,-1,-17,-100,-400,-1,-100,-500,-0.294117647,-0.002941176,-0.588235294,-0.002941176,-0.05,-0.294117647,-1.176470588,-0.002941176,-0.294117647,-1.470588235,0.399560689,0
2024-10-21T12:47:08.170780793Z,AAPL,-17,-17,0,0,0,0,0,0,0,0,0,-0.049751244,0,0,0,0,0,0,0,0,0,0.000990484,0
2024-10-21T12:47:08.170793241Z,AAPL,0,0,1,200,1,17,100,400,1,100,500,0,0.002619859,0.523971706,0.002619859,0.044537595,0.261985853,1.047943411,0.002619859,0.261985853,1.309929264,-0.350693635,0
2024-10-21T12:47:08.170829114Z,AAPL,0,0,-1,-200,-1,-17,-100,-400,-1,-100,-500,0,-0.0029994,-0.599880024,-0.0029994,-0.050989802,-0.299940012,-1.199760048,-0.0029994,-0.299940012,-1.49970006,0.401498982,0
2024-10-21T12:47:08.170966841Z,AAPL,0,0,-17,-1,-200,-1,-17,-100,-400,-1,-100,0,-0.050989802,-0.0029994,-0.599880024,-0.0029994,-0.050989802,-0.299940012,-1.199760048,-0.0029994,-0.299940012,0.294323626,0
2024-10-21T12:47:08.171394413Z,AAPL,0,0,17,1,200,1,17,100,400,1,100,0,0.050989802,0.0029994,0.599880024,0.0029994,0.050989802,0.299940012,1.199760048,0.0029994,0.299940012,-0.294323626,0
2024-10-21T12:47:08.270834728Z,AAPL,13,13,0,0,0,0,0,0,0,0,0,0.039144836,0,0,0,0,0,0,0,0,0,-0.000779324,0
2024-10-21T12:47:08.270864543Z,AAPL,0,0,1,200,1,17,100,400,1,100,500,0,0.002628812,0.525762355,0.002628812,0.0446898,0.262881178,1.051524711,0.002628812,0.262881178,1.314405889,-0.351892115,0
2024-10-21T12:47:08.423766296Z,AAPL,1,1,200,1,17,100,400,1,100,500,105,0.002569373,0.513874615,0.002569373,0.043679342,0.256937307,1.027749229,0.002569373,0.256937307,1.284686536,0.269784173,-0.347241916,0
2024-10-21T12:47:09.542929513Z,AAPL,0,0,0,-400,-505,-10,-100,-15,-109,-10,-110,0,0,-1.113585746,-1.405902004,-0.027839644,-0.278396437,-0.041759465,-0.303452116,-0.027839644,-0.30623608,0.483765837,0
2024-10-21T12:47:09.542944189Z,AAPL,0,0,0,200,505,10,100,15,109,10,110,0,0,0.541711809,1.367822319,0.02708559,0.270855905,0.040628386,0.295232936,0.02708559,0.297941495,-0.413816619,0
2024-10-21T12:47:10.432682831Z,AAPL,0,0,-200,0,0,0,0,0,0,0,0,0,-0.541711809,0,0,0,0,0,0,0,0,0.034533186,0
2024-10-21T12:47:11.297466321Z,AAPL,0,0,0,200,0,0,0,0,0,0,0,0,0,0.541711809,0,0,0,0,0,0,0,-0.056846135,0
2024-10-21T12:47:15.646925075Z,AAPL,0,0,0,-200,-505,-10,-100,-15,-109,-10,-110,0,0,-0.556792873,-1.405902004,-0.027839644,-0.278396437,-0.041759465,-0.303452116,-0.027839644,-0.30623608,0.425337126,0
2024-10-21T12:47:15.646937792Z,AAPL,0,0,0,200,505,10,100,15,109,10,110,0,0,0.541711809,1.367822319,0.02708559,0.270855905,0.040628386,0.295232936,0.02708559,0.297941495,-0.413816619,0
2024-10-21T12:47:19.469834115Z,AAPL,200,200,1,17,100,400,1,100,500,105,63,0.532765051,0.002663825,0.045285029,0.266382525,1.065530101,0.002663825,0.266382525,1.331912627,0.279701652,0.167820991,-0.385254712,0
2024-10-21T12:47:25.958887784Z,AAPL,1,1,17,100,400,1,100,500,105,63,60,0.002767017,0.047039292,0.276701716,1.106806862,0.002767017,0.276701716,1.383508578,0.290536801,0.174322081,0.166021029,-0.499537434,0
2024-10-21T12:47:25.958901196Z,AAPL,0,0,-17,-100,-400,-1,-100,-500,-105,-63,-60,0,-0.042994436,-0.252908447,-1.011633789,-0.002529084,-0.252908447,-1.264542236,-0.265553869,-0.159332322,-0.151745068,0.456532423,0
2024-10-21T12:47:26.552220975Z,AAPL,2,2,1207,1,200,505,10,100,15,109,10,0.005200208,3.138325533,0.002600104,0.520020801,1.313052522,0.02600104,0.2600104,0.03900156,0.283411336,0.02600104,-0.523350563,0
2024-10-21T12:47:26.552507902Z,AAPL,0,0,100,1207,1,200,505,10,100,15,109,0,0.254065041,3.066565041,0.00254065,0.508130081,1.283028455,0.025406504,0.254065041,0.038109756,0.276930894,-0.615883616,0
2024-10-21T12:47:26.552532797Z,AAPL,0,0,100,100,1207,1,200,505,10,100,15,0,0.254647313,0.254647313,3.073593074,0.002546473,0.509294627,1.285968933,0.025464731,0.254647313,0.038197097,-0.874813299,0
2024-10-21T12:47:26.552914503Z,AAPL,0,0,0,-100,-1207,-1,-200,-505,-10,-100,-15,0,0,-0.254065041,-3.066565041,-0.00254065,-0.508130081,-1.283028455,-0.025406504,-0.254065041,-0.038109756,0.856616759,0
2024-10-21T12:47:26.553030755Z,AAPL,0,0,-100,-1207,-1,-200,-505,-10,-100,-15,-109,0,-0.2600104,-3.138325533,-0.002600104,-0.520020801,-1.313052522,-0.02600104,-0.2600104,-0.03900156,-0.283411336,0.630295869,0
2024-10-21T12:47:26.556326445Z,AAPL,-2,-2,-1207,-1,-200,-505,-10,-100,-15,-109,-10,-0.005058169,-3.052604957,-0.002529084,-0.505816894,-1.277187658,-0.025290845,-0.252908447,-0.037936267,-0.275670207,-0.025290845,0.509055707,0
2024-10-21T12:47:26.596516239Z,AAPL,0,0,17,100,400,1,100,500,105,63,60,0,0.047039292,0.276701716,1.106806862,0.002767017,0.276701716,1.383508578,0.290536801,0.174322081,0.166021029,-0.499482346,0
2024-10-21T12:47:26.618112053Z,AAPL,0,0,-17,-100,-400,-1,-100,-500,-105,-63,-60,0,-0.042994436,-0.252908447,-1.011633789,-0.002529084,-0.252908447,-1.264542236,-0.265553869,-0.159332322,-0.151745068,0.456532423,0
2024-10-21T12:47:26.625259595Z,AAPL,0,0,17,100,400,1,100,500,105,63,60,0,0.047039292,0.276701716,1.106806862,0.002767017,0.276701716,1.383508578,0.290536801,0.174322081,0.166021029,-0.499482346,0
2024-10-21T12:47:26.629968958Z,AAPL,0,0,-17,-100,-400,-1,-100,-500,-105,-63,-60,0,-0.045285029,-0.266382525,-1.065530101,-0.002663825,-0.266382525,-1.331912627,-0.279701652,-0.167820991,-0.159829515,0.480854875,0
2024-10-21T12:47:26.656630312Z,AAPL,0,0,-200,0,0,0,0,0,0,0,0,0,-0.505816894,0,0,0,0,0,0,0,0,0.032244948,0
2024-10-21T12:47:26.684648838Z,AAPL,0,0,200,0,0,0,0,0,0,0,0,0,0.532765051,0,0,0,0,0,0,0,0,-0.033962846,0
2024-10-21T12:47:26.684660963Z,AAPL,0,0,-200,0,0,0,0,0,0,0,0,0,-0.532765051,0,0,0,0,0,0,0,0,0.033962846,0
2024-10-21T12:47:27.032806515Z,AAPL,0,0,-200,0,0,0,0,0,0,0,0,0,-0.532765051,0,0,0,0,0,0,0,0,0.033962846,0
2024-10-21T12:47:29.736524116Z,AAPL,-200,-200,17,100,400,1,100,500,105,63,60,-0.524383849,0.044572627,0.262191924,1.048767698,0.002621919,0.262191924,1.310959622,0.275301521,0.165180912,0.157315155,-0.46285048,0
2024-10-21T12:47:29.804925373Z,AAPL,0,0,0,200,0,0,0,0,0,0,0,0,0,0.498256104,0,0,0,0,0,0,0,-0.052285982,0
2024-10-21T12:47:29.856681774Z,AAPL,0,0,0,-200,0,0,0,0,0,0,0,0,0,-0.524383849,0,0,0,0,0,0,0,0.055027774,0
2024-10-21T12:47:29.856694723Z,AAPL,0,0,0,400,0,0,0,0,0,0,0,0,0,0.996512207,0,0,0,0,0,0,0,-0.104571964,0
2024-10-21T12:47:30.078583111Z,AAPL,0,0,0,400,0,0,0,0,0,0,0,0,0,0.996512207,0,0,0,0,0,0,0,-0.104571964,0
2024-10-21T12:47:34.313639819Z,AAPL,0,0,200,1,0,0,0,0,0,0,0,0,0.524383849,0.002621919,0,0,0,0,0,0,0,-0.033703697,0
2024-10-21T12:47:34.358474517Z,AAPL,200,200,0,0,0,0,0,0,0,0,0,0.553403431,0,0,0,0,0,0,0,0,0,-0.011017562,0
2024-10-21T12:47:34.358488026Z,AAPL,0,0,-17,-100,-400,-1,-100,-500,-105,-63,-60,0,-0.045285029,-0.266382525,-1.065530101,-0.002663825,-0.266382525,-1.331912627,-0.279701652,-0.167820991,-0.159829515,0.480854875,0
2024-10-21T12:47:37.064329812Z,AAPL,0,0,-200,-1,-505,-10,-100,-15,-109,-10,-110,0,-0.547345375,-0.002736727,-1.382047072,-0.027367269,-0.273672687,-0.041050903,-0.298303229,-0.027367269,-0.301039956,0.395862323,0
2024-10-21T12:47:37.064342466Z,AAPL,0,0,0,200,505,10,100,15,109,10,110,0,0,0.532765051,1.345231753,0.026638253,0.266382525,0.039957379,0.290356953,0.026638253,0.293020778,-0.406982141,0
2024-10-21T12:47:37.119327456Z,AAPL,0,0,-200,0,0,0,0,0,0,0,0,0,-0.532765051,0,0,0,0,0,0,0,0,0.033962846,0
2024-10-21T12:47:37.400458317Z,AAPL,0,0,17,100,400,1,100,500,105,63,60,0,0.047039292,0.276701716,1.106806862,0.002767017,0.276701716,1.383508578,0.290536801,0.174322081,0.166021029,-0.499482346,0
2024-10-21T12:47:37.400470025Z,AAPL,0,0,-17,-100,-400,-1,-100,-500,-105,-63,-60,0,-0.045285029,-0.266382525,-1.065530101,-0.002663825,-0.266382525,-1.331912627,-0.279701652,-0.167820991,-0.159829515,0.480854875,0
2024-10-21T12:47:37.454723801Z,AAPL,0,0,200,-200,-505,-10,-100,-15,-109,-10,-110,0,0.51894136,-0.51894136,-1.310326933,-0.025947068,-0.25947068,-0.038920602,-0.282823041,-0.025947068,-0.285417748,0.363340538,0
2024-10-21T12:47:38.779143882Z,AAPL,0,0,0,0,0,0,0,1000,0,0,0,0,0,0,0,0,0,2.060156572,0,0,0,-0.249628615,0
2024-10-21T12:47:40.220416792Z,AAPL,0,0,200,1,505,10,100,15,1109,10,110,0,0.420698359,0.002103492,1.062263357,0.021034918,0.21034918,0.031552377,2.332772402,0.021034918,0.231384098,-0.493519969,0
2024-10-21T12:48:06.501702067Z,AAPL,0,0,17,100,400,1,100,500,105,63,60,0,0.036844387,0.216731686,0.866926745,0.002167317,0.216731686,1.083658431,0.22756827,0.136540962,0.130039012,-0.391228695,0
2024-10-21T12:48:06.501715510Z,AAPL,0,0,-17,-100,-400,-1,-100,-500,-105,-63,-60,0,-0.035759361,-0.21034918,-0.841396719,-0.002103492,-0.21034918,-1.051745898,-0.220866639,-0.132519983,-0.126209508,0.379707446,0
2024-10-21T12:48:06.556937176Z,AAPL,0,0,-200,-1,-505,-10,-100,-15,-1109,-10,-110,0,-0.42973786,-0.002148689,-1.085088096,-0.021486893,-0.21486893,-0.032230339,-2.382896433,-0.021486893,-0.236355823,0.50412418,0
2024-10-21T12:48:06.556948933Z,AAPL,0,0,0,400,0,0,0,0,0,0,0,0,0,0.791452315,0,0,0,0,0,0,0,-0.083053396,0
2024-10-21T12:48:08.370665186Z,AAPL,-1,-1,-200,-17,-100,-400,-1,-100,-500,-105,-63,-0.001953507,-0.390701309,-0.033209611,-0.195350654,-0.781402618,-0.001953507,-0.195350654,-0.976753272,-0.205118187,-0.123070912,0.299567659,0
2024-10-21T12:48:08.441224723Z,AAPL,0,0,0,-200,0,0,0,0,0,0,0,0,0,-0.376010528,0,0,0,0,0,0,0,0.03945778,0
2024-10-21T12:48:08.499978640Z,AAPL,0,0,0,200,0,0,0,0,0,0,0,0,0,0.390701309,0,0,0,0,0,0,0,-0.0409994,0
2024-10-21T12:48:08.499990971Z,AAPL,0,0,-1,-200,0,0,0,0,0,0,0,0,-0.001953507,-0.390701309,0,0,0,0,0,0,0,0.041123933,0
2024-10-21T12:48:09.562658898Z,AAPL,0,0,-200,0,0,0,0,0,0,0,0,0,-0.376010528,0,0,0,0,0,0,0,0,0.023970017,0
2024-10-21T12:48:09.617544283Z,AAPL,0,0,0,200,505,10,100,15,1109,10,110,0,0,0.398485754,1.006176529,0.019924288,0.199242877,0.029886432,2.209603507,0.019924288,0.219167165,-0.483666858,0
2024-10-21T12:48:12.154776230Z,AAPL,-28,-28,0,0,0,0,0,0,0,0,0,-0.055478502,0,0,0,0,0,0,0,0,0,0.001104507,0
2024-10-21T12:48:13.697844531Z,AAPL,0,0,0,-200,-505,-10,-100,-15,-1109,-10,-110,0,0,-0.404285426,-1.020820699,-0.020214271,-0.202142713,-0.030321407,-2.241762684,-0.020214271,-0.222356984,0.490706279,0
2024-10-21T12:48:13.697858036Z,AAPL,0,0,0,400,0,0,0,0,0,0,0,0,0,0.748083037,0,0,0,0,0,0,0,-0.078502312,0
2024-10-21T12:48:16.753702442Z,AAPL,0,0,0,200,505,10,100,15,1109,10,110,0,0,0.396275015,1.000594413,0.019813751,0.198137507,0.029720626,2.197344957,0.019813751,0.217951258,-0.480983547,0
2024-10-21T12:48:19.442007179Z,AAPL,4,4,1207,1,200,505,10,100,15,1109,10,0.008095527,2.442825339,0.002023882,0.404776361,1.022060312,0.020238818,0.202388181,0.030358227,2.244484922,0.020238818,-0.561490263,0
2024-10-21T12:48:19.442025239Z,AAPL,0,0,0,0,0,0,0,0,0,0,0,0,0,0,0,0,0,0,0,0,0,0,65
2024-10-21T12:48:19.442025239Z,AAPL,65,65,0,0,0,0,0,0,0,0,0,0.133305989,0,0,0,0,0,0,0,0,0,-0.002653954,0
2024-10-21T12:48:19.442044553Z,AAPL,0,0,200,0,0,0,0,0,0,0,0,0,0.427715997,0,0,0,0,0,0,0,0,-0.027266151,0
2024-10-21T12:48:19.442103573Z,AAPL,0,0,1,17,100,400,1,100,500,105,63,0,0.002203128,0.037453184,0.220312844,0.881251377,0.002203128,0.220312844,1.101564221,0.231328486,0.138797092,-0.309854311,0
2024-10-21T12:48:19.442313654Z,AAPL,100,100,4,1207,1,200,505,10,100,15,1109,0.21602938,0.008641175,2.607474617,0.002160294,0.43205876,1.090948369,0.021602938,0.21602938,0.032404407,2.395765824,-0.694742768,0
2024-10-21T12:48:19.442674818Z,AAPL,-100,-100,-4,-1207,-1,-200,-505,-10,-100,-15,-1109,-0.220312844,-0.008812514,-2.65917603,-0.002203128,-0.440625688,-1.112579863,-0.022031284,-0.220312844,-0.033046927,-2.443269443,0.708518236,0
2024-10-21T12:48:19.442704447Z,AAPL,0,0,0,0,0,0,0,0,0,0,0,0,0,0,0,0,0,0,0,0,0,0,54
2024-10-21T12:48:19.442704447Z,AAPL,54,54,0,0,0,0,0,0,0,0,0,0.120401338,0,0,0,0,0,0,0,0,0,-0.002397038,0
2024-10-21T12:48:19.446110129Z,AAPL,-4,-4,-1207,-1,-200,-505,-10,-100,-15,-1109,-10,-0.008712699,-2.62905685,-0.002178175,-0.435634938,-1.099978218,-0.021781747,-0.217817469,-0.03267262,-2.415595731,-0.021781747,0.604296098,0
2024-10-21T12:48:19.520918631Z,AAPL,0,0,0,-200,-505,-10,-100,-15,-1109,-10,-110,0,0,-0.445335115,-1.124471165,-0.022266756,-0.222667557,-0.033400134,-2.469383211,-0.022266756,-0.244934313,0.540530831,0
2024-10-21T12:48:19.520931496Z,AAPL,0,0,0,400,0,0,0,0,0,0,0,0,0,0.817828665,0,0,0,0,0,0,0,-0.085821276,0
2024-10-21T12:48:19.523249872Z,AAPL,0,0,0,-17,-100,-400,-1,-100,-500,-105,-63,0,0,-0.03381066,-0.198886237,-0.795544948,-0.001988862,-0.198886237,-0.994431185,-0.208830549,-0.125298329,0.279592529,0
2024-10-21T12:48:19.551210716Z,AAPL,0,0,0,-200,0,0,0,0,0,0,0,0,0,-0.382555471,0,0,0,0,0,0,0,0.040144593,0
2024-10-21T12:48:19.683603442Z,AAPL,0,0,0,200,0,0,0,0,0,0,0,0,0,0.397772474,0,0,0,0,0,0,0,-0.041741434,0
2024-10-21T12:48:19.683615721Z,AAPL,0,0,-1,-200,0,0,0,0,0,0,0,0,-0.001988862,-0.397772474,0,0,0,0,0,0,0,0.041868221,0
2024-10-21T12:48:20.389264986Z,AAPL,10,10,1207,1,905,10,100,15,1109,10,110,0.020251114,2.444309437,0.002025111,1.8327258,0.020251114,0.202511138,0.030376671,2.245848522,0.020251114,0.222762252,-0.760026205,0
2024-10-21T12:48:20.657778486Z,AAPL,0,0,1,17,100,400,1,100,500,105,63,0,0.002082899,0.03540929,0.20828994,0.833159758,0.002082899,0.20828994,1.041449698,0.218704437,0.131222662,-0.292944953,0
2024-10-21T12:48:20.657790817Z,AAPL,0,0,0,-17,-100,-400,-1,-100,-500,-105,-63,0,0,-0.033086804,-0.19462826,-0.77851304,-0.001946283,-0.19462826,-0.9731413,-0.204359673,-0.122615804,0.273606702,0
2024-10-21T12:48:21.283922667Z,AAPL,0,0,0,0,400,505,10,100,15,1109,10,0,0,0,0.795544948,1.004375497,0.019888624,0.198886237,0.029832936,2.205648369,0.019888624,-0.474239449,0
2024-10-21T12:48:26.912777281Z,AAPL,0,0,0,0,0,0,0,0,0,0,0,0,0,0,0,0,0,0,0,0,0,0,10
2024-10-21T12:48:26.912777281Z,AAPL,9,9,0,0,0,0,0,0,0,0,0,0.017931859,0,0,0,0,0,0,0,0,0,-0.000357001,1
2024-10-21T12:48:26.912777281Z,AAPL,1,1,400,17,100,400,1,100,500,105,63,0.001978631,0.791452315,0.033636723,0.197863079,0.791452315,0.001978631,0.197863079,0.989315394,0.207756233,0.12465374,-0.328647283,9
2024-10-21T12:48:26.912847872Z,AAPL,0,0,100,1207,1,400,505,10,100,15,1109,0,0.194401244,2.346423017,0.001944012,0.777604977,0.981726283,0.019440124,0.194401244,0.029160187,2.155909798,-0.681088498,0
2024-10-21T12:48:26.912854091Z,AAPL,0,0,200,0,0,0,0,0,0,0,0,0,0.404530744,0,0,0,0,0,0,0,0,-0.025788132,0
2024-10-21T12:48:26.912899501Z,AAPL,0,0,17,100,400,1,100,500,105,63,60,0,0.035387177,0.208159867,0.832639467,0.002081599,0.208159867,1.040799334,0.21856786,0.131140716,0.12489592,-0.375755454,0
2024-10-21T12:48:26.913242243Z,AAPL,0,0,-100,-1207,-1,-400,-505,-10,-100,-15,-1109,0,-0.212134069,-2.56045821,-0.002121341,-0.848536275,-1.071277047,-0.021213407,-0.212134069,-0.03182011,-2.352566822,0.74321579,0
2024-10-21T12:48:27.020695881Z,AAPL,0,0,-17,-100,-400,-1,-100,-500,-105,-63,-60,0,-0.033636723,-0.197863079,-0.791452315,-0.001978631,-0.197863079,-0.989315394,-0.207756233,-0.12465374,-0.118717847,0.357168421,0
2024-10-21T12:48:28.369815806Z,AAPL,0,0,0,200,-400,-505,-10,-100,-15,-1109,-10,0,0,0.402900886,-0.805801773,-1.017324738,-0.020145044,-0.201450443,-0.030217566,-2.234085415,-0.020145044,0.438074137,0
2024-10-21T12:48:30.038722144Z,AAPL,0,0,0,200,1,505,10,100,15,1109,10,0,0,0.412031314,0.002060157,1.040379069,0.020601566,0.206015657,0.030902349,2.284713638,0.020601566,-0.377704877,0
2024-10-21T12:48:32.943736693Z,AAPL,0,0,8,1207,200,1,505,10,100,15,1109,0,0.016488046,2.487633965,0.412201154,0.002061006,1.040807914,0.020610058,0.206100577,0.030915087,2.2856554,-0.686954664,0
2024-10-21T12:48:32.943740045Z,AAPL,152,152,0,0,0,0,0,0,0,0,0,0.303756994,0,0,0,0,0,0,0,0,0,-0.006047417,0
2024-10-21T12:48:32.947835058Z,AAPL,-152,-152,0,0,0,0,0,0,0,0,0,-0.313272877,0,0,0,0,0,0,0,0,0,0.006236867,0
2024-10-21T12:48:32.947840314Z,AAPL,0,0,-8,-1207,-200,-1,-505,-10,-100,-15,-1109,0,-0.016481253,-2.486608982,-0.412031314,-0.002060157,-1.040379069,-0.020601566,-0.206015657,-0.030902349,-2.284713638,0.686671618,0
2024-10-21T12:48:33.022380892Z,AAPL,0,0,0,-200,-1,-505,-10,-100,-15,-1109,-10,0,0,-0.419815281,-0.002099076,-1.060033585,-0.020990764,-0.209907641,-0.031486146,-2.327875735,-0.020990764,0.384840359,0
2024-10-21T12:48:33.022394185Z,AAPL,0,0,0,200,0,0,0,0,0,0,0,0,0,0.402900886,0,0,0,0,0,0,0,-0.042279599,0
2024-10-21T12:48:33.321638942Z,AAPL,0,0,0,200,0,0,0,0,0,0,0,0,0,0.387296669,0,0,0,0,0,0,0,-0.040642125,0
2024-10-21T12:48:33.323589067Z,AAPL,0,0,200,0,0,0,0,0,0,0,0,0,0.402900886,0,0,0,0,0,0,0,0,-0.025684231,0
2024-10-21T12:48:33.378055235Z,AAPL,0,0,0,-200,0,0,0,0,0,0,0,0,0,-0.419815281,0,0,0,0,0,0,0,0.044054562,0
2024-10-21T12:48:33.378067107Z,AAPL,0,0,0,400,1,505,10,100,15,1109,10,0,0,0.824062629,0.002060157,1.040379069,0.020601566,0.206015657,0.030902349,2.284713638,0.020601566,-0.420942605,0
2024-10-21T12:48:36.022806384Z,AAPL,0,0,17,100,400,1,100,500,105,63,60,0,0.036062792,0.212134069,0.848536275,0.002121341,0.212134069,1.060670344,0.222740772,0.133644463,0.127280441,-0.382929402,0
2024-10-21T12:48:36.022819468Z,AAPL,0,0,-17,-100,-400,-1,-100,-500,-105,-63,-60,0,-0.033636723,-0.197863079,-0.791452315,-0.001978631,-0.197863079,-0.989315394,-0.207756233,-0.12465374,-0.118717847,0.357168421,0
2024-10-21T12:48:36.080879057Z,AAPL,0,0,200,1207,0,0,0,0,0,0,0,0,0.412031314,2.486608982,0,0,0,0,0,0,0,-0.287205967,0
2024-10-21T12:48:37.062302123Z,AAPL,0,0,-400,0,0,0,0,0,0,0,0,0,-0.824062629,0,0,0,0,0,0,0,0,0.05253256,0
2024-10-21T12:48:37.707758529Z,AAPL,0,0,-200,-1207,-1,-505,-10,-100,-15,-1109,-10,0,-0.419815281,-2.533585223,-0.002099076,-1.060033585,-0.020990764,-0.209907641,-0.031486146,-2.327875735,-0.020990764,0.633417571,0
2024-10-21T12:48:37.707770928Z,AAPL,0,0,0,400,1,505,10,100,15,1109,10,0,0,0.791452315,0.001978631,0.999208548,0.019786308,0.197863079,0.029679462,2.194301543,0.019786308,-0.404284805,0
2024-10-21T12:48:38.527186854Z,AAPL,0,0,200,0,0,0,0,0,0,0,0,0,0.412031314,0,0,0,0,0,0,0,0,-0.02626628,0
2024-10-21T12:48:40.708153311Z,AAPL,0,0,17,100,400,1,100,500,105,63,60,0,0.036062792,0.212134069,0.848536275,0.002121341,0.212134069,1.060670344,0.222740772,0.133644463,0.127280441,-0.382929402,0
2024-10-21T12:48:40.708165824Z,AAPL,0,0,-17,-100,-400,-1,-100,-500,-105,-63,-60,0,-0.035022662,-0.206015657,-0.824062629,-0.002060157,-0.206015657,-1.030078286,-0.21631644,-0.129789864,-0.123609394,0.371884878,0
2024-10-21T12:48:40.708592331Z,AAPL,0,0,-200,0,0,0,0,0,0,0,0,0,-0.395726157,0,0,0,0,0,0,0,0,0.025226854,0
2024-10-21T12:48:40.759899740Z,AAPL,0,0,200,1207,0,0,0,0,0,0,0,0,0.412031314,2.486608982,0,0,0,0,0,0,0,-0.287205967,0
2024-10-21T12:48:40.759912108Z,AAPL,0,0,200,0,0,0,0,0,0,0,0,0,0.42973786,0,0,0,0,0,0,0,0,-0.027395041,0
2024-10-21T12:48:40.759922567Z,AAPL,0,0,-200,0,0,0,0,0,0,0,0,0,-0.412031314,0,0,0,0,0,0,0,0,0.02626628,0
2024-10-21T12:48:40.945130102Z,AAPL,0,0,0,-100,0,0,0,0,0,0,0,0,0,-0.201857085,0,0,0,0,0,0,0,0.021182472,0
2024-10-21T12:48:43.582578418Z,AAPL,0,0,-400,0,0,0,0,0,0,0,0,0,-0.807428341,0,0,0,0,0,0,0,0,0.051472153,0
2024-10-21T12:48:43.887584328Z,AAPL,0,0,0,0,0,0,0,0,0,-1000,0,0,0,0,0,0,0,0,0,-2.529084471,0,0.192493411,0
2024-10-21T12:48:45.693722203Z,AAPL,0,0,0,0,0,1000,505,10,100,15,109,0,0,0,0,2.022653722,1.021440129,0.020226537,0.202265372,0.030339806,0.220469256,-0.420089538,0
2024-10-21T12:48:45.865188060Z,AAPL,0,0,200,0,0,0,0,0,0,0,0,0,0.42158516,0,0,0,0,0,0,0,0,-0.026875321,0
2024-10-21T12:48:45.865335014Z,AAPL,0,0,117,100,400,1,100,500,105,63,60,0,0.254126846,0.217202433,0.868809731,0.002172024,0.217202433,1.086012163,0.228062554,0.136837533,0.13032146,-0.405924731,0
2024-10-21T12:48:45.865346761Z,AAPL,0,0,-117,-100,-400,-1,-100,-500,-105,-63,-60,0,-0.236650485,-0.202265372,-0.809061489,-0.002022654,-0.202265372,-1.011326861,-0.212378641,-0.127427184,-0.121359223,0.378009195,0
2024-10-21T12:48:46.043153157Z,AAPL,0,0,-200,-1207,-1,-1000,-505,-10,-100,-15,-109,0,-0.420698359,-2.538914598,-0.002103492,-2.103491796,-1.062263357,-0.021034918,-0.21034918,-0.031552377,-0.229280606,0.73052748,0
2024-10-21T12:48:46.043165049Z,AAPL,0,0,0,400,1,1000,505,10,100,15,109,0,0,0.777604977,0.001944012,1.944012442,0.981726283,0.019440124,0.194401244,0.029160187,0.211897356,-0.485727398,0
2024-10-21T12:48:46.915333206Z,AAPL,0,0,-400,0,0,0,0,0,0,0,0,0,-0.777604977,0,0,0,0,0,0,0,0,0.049570965,0
2024-10-21T12:48:59.683517159Z,AAPL,-1,-1,-400,-117,-100,-400,-1,-100,-500,-105,-63,-0.001967729,-0.787091696,-0.230224321,-0.196772924,-0.787091696,-0.001967729,-0.196772924,-0.98386462,-0.20661157,-0.123966942,0.347485505,0
2024-10-21T12:48:59.683569805Z,AAPL,0,0,-1,-400,-117,-100,-400,-1,-100,-500,-105,0,-0.001958864,-0.783545544,-0.229187071,-0.195886386,-0.783545544,-0.001958864,-0.195886386,-0.979431929,-0.205680705,0.359222291,0
2024-10-21T12:49:03.380177241Z,AAPL,0,0,0,-400,-1,-1000,-505,-10,-100,-15,-109,0,0,-0.84835631,-0.002120891,-2.120890774,-1.071049841,-0.021208908,-0.212089077,-0.031813362,-0.231177094,0.529921895,0
2024-10-21T12:49:03.380740871Z,AAPL,0,0,0,0,-1000,-505,-10,-100,-15,-109,-10,0,0,0,-2.614379085,-1.320261438,-0.026143791,-0.261437908,-0.039215686,-0.28496732,-0.026143791,0.723575531,0
2024-10-21T12:49:03.398241224Z,AAPL,0,0,0,200,1,505,10,100,15,109,10,0,0,0.510855683,0.002554278,1.2899106,0.025542784,0.255427842,0.038314176,0.278416347,0.025542784,-0.273885191,0
2024-10-21T12:49:03.416667326Z,AAPL,0,0,0,0,0,0,0,0,0,1000,0,0,0,0,0,0,0,0,0,2.034587996,0,-0.154856348,0
2024-10-21T12:49:03.426245015Z,AAPL,0,0,0,200,0,0,0,0,0,0,0,0,0,0.391006843,0,0,0,0,0,0,0,-0.041031463,0
2024-10-21T12:49:07.334254534Z,AAPL,0,0,100,1207,400,1,505,10,100,15,1109,0,0.192122959,2.318924111,0.768491835,0.00192123,0.970220941,0.019212296,0.192122959,0.028818444,2.130643612,-0.724916856,0
2024-10-21T12:49:07.344508563Z,AAPL,0,0,0,0,0,0,1000,505,10,100,15,0,0,0,0,0,1.962323391,0.990973312,0.019623234,0.196232339,0.029434851,-0.388416902,0
2024-10-21T12:49:08.577405223Z,AAPL,0,0,0,0,-200,0,0,0,0,0,0,0,0,0,-0.408496732,0,0,0,0,0,0,0.077908456,0
2024-10-21T12:49:08.577417452Z,AAPL,0,0,0,400,-200,-1,-1000,-505,-10,-100,-15,0,0,0.768491835,-0.384245917,-0.00192123,-1.921229587,-0.970220941,-0.019212296,-0.192122959,-0.028818444,0.373158848,0
2024-10-21T12:49:09.323055469Z,AAPL,0,0,-100,-1607,-1,-1000,-505,-10,-100,-15,-109,0,-0.195503421,-3.14173998,-0.001955034,-1.955034213,-0.987292278,-0.019550342,-0.195503421,-0.029325513,-0.213098729,0.748569158,0
2024-10-21T12:49:09.326503177Z,AAPL,0,0,100,1607,1,1000,505,10,100,15,109,0,0.192122959,3.087415946,0.00192123,1.921229587,0.970220941,0.019212296,0.192122959,0.028818444,0.209414025,-0.735625599,0
2024-10-21T12:49:10.615504825Z,AAPL,0,0,0,0,0,0,0,0,0,0,0,0,0,0,0,0,0,0,0,0,0,0,129
2024-10-21T12:49:10.615504825Z,AAPL,128,128,1,400,117,100,400,1,100,500,105,0.241100019,0.001883594,0.753437559,0.220380486,0.18835939,0.753437559,0.001883594,0.18835939,0.941796949,0.197777359,-0.350219057,1
2024-10-21T12:49:10.615504825Z,AAPL,1,1,400,117,100,400,1,100,500,105,63,0.001906941,0.762776506,0.223112128,0.190694127,0.762776506,0.001906941,0.190694127,0.953470633,0.200228833,0.1201373,-0.336750826,128
2024-10-21T12:49:10.615529414Z,AAPL,100,100,100,10,100,1607,1,1000,505,10,100,0.187969925,0.187969925,0.018796992,0.187969925,3.020676692,0.001879699,1.879699248,0.94924812,0.018796992,0.187969925,-0.755988708,0
2024-10-21T12:49:10.615531617Z,AAPL,0,0,1,0,0,0,0,0,0,0,0,0,0.001879346,0,0,0,0,0,0,0,0,-0.000119805,0
2024-10-21T12:49:10.615537132Z,AAPL,0,0,0,0,0,0,0,0,0,0,0,0,0,0,0,0,0,0,0,0,0,0,0
2024-10-21T12:49:10.615540557Z,AAPL,0,0,100,0,0,0,0,0,0,0,0,0,0.18446781,0,0,0,0,0,0,0,0,-0.011759502,0
2024-10-21T12:49:10.615552303Z,AAPL,-100,-100,-201,-10,-100,-1607,-1,-1000,-505,-10,-100,-0.187406297,-0.376686657,-0.01874063,-0.187406297,-3.01161919,-0.001874063,-1.874062969,-0.946401799,-0.01874063,-0.187406297,0.765788169,0
2024-10-21T12:49:10.615554379Z,AAPL,41,41,0,0,0,0,0,0,0,0,0,0.076250697,0,0,0,0,0,0,0,0,0,-0.001518055,0
2024-10-21T12:49:10.615571841Z,AAPL,-1,-1,0,0,0,0,0,0,0,0,0,-0.001860119,0,0,0,0,0,0,0,0,0,3.70E-05,0
2024-10-21T12:49:10.615574342Z,AAPL,-100,-100,0,0,0,0,0,0,0,0,0,-0.189537528,0,0,0,0,0,0,0,0,0,0.003773452,0
2024-10-21T12:49:10.615598746Z,AAPL,0,0,117,100,400,1,100,500,105,63,60,0,0.237034036,0.202593193,0.810372771,0.002025932,0.202593193,1.012965964,0.212722853,0.127633712,0.121555916,-0.378621852,0
2024-10-21T12:49:10.615674329Z,AAPL,0,0,0,0,0,0,0,0,0,0,0,0,0,0,0,0,0,0,0,0,0,0,0
2024-10-21T12:49:10.615806415Z,AAPL,-100,-100,0,0,0,0,0,0,0,0,0,-0.206782465,0,0,0,0,0,0,0,0,0,0.004116777,0
2024-10-21T12:49:10.719298363Z,AAPL,0,0,-117,-100,-400,-1,-100,-500,-105,-63,-60,0,-0.226043277,-0.193199382,-0.772797527,-0.001931994,-0.193199382,-0.965996909,-0.202859351,-0.121715611,-0.115919629,0.36106597,0
2024-10-21T12:49:10.719326799Z,AAPL,-41,-41,-10,-100,-1607,-1,-1000,-505,-10,-100,-15,-0.078184592,-0.019069413,-0.190694127,-3.064454615,-0.001906941,-1.906941266,-0.963005339,-0.019069413,-0.190694127,-0.028604119,0.984925257,0
2024-10-21T12:49:11.955975975Z,AAPL,0,0,-100,-1607,-1,-1000,-505,-10,-100,-15,-109,0,-0.194024059,-3.117966628,-0.001940241,-1.94024059,-0.979821498,-0.019402406,-0.194024059,-0.029103609,-0.211486224,0.742904781,0
2024-10-21T12:49:11.959487373Z,AAPL,0,0,100,1607,1,1000,505,10,100,15,109,0,0.190694127,3.064454615,0.001906941,1.906941266,0.963005339,0.019069413,0.190694127,0.028604119,0.207856598,-0.730154699,0
2024-10-21T12:49:13.192050305Z,AAPL,0,0,0,0,0,-1000,-505,-10,-100,-15,-109,0,0,0,0,-2.350728726,-1.187118007,-0.023507287,-0.235072873,-0.035260931,-0.256229431,0.48822818,0
2024-10-21T12:49:13.740463087Z,AAPL,0,0,0,200,1207,1,505,10,100,15,109,0,0,0.494559842,2.984668645,0.002472799,1.2487636,0.024727992,0.247279921,0.037091988,0.269535114,-0.830537168,0
2024-10-21T12:49:14.004842455Z,AAPL,0,0,0,-200,-1207,-1,-505,-10,-100,-15,-109,0,0,-0.51894136,-3.131811105,-0.002594707,-1.310326933,-0.025947068,-0.25947068,-0.038920602,-0.282823041,0.871482176,0
2024-10-21T12:49:14.004855015Z,AAPL,0,0,0,400,0,0,0,0,0,0,0,0,0,0.94029149,0,0,0,0,0,0,0,-0.098672276,0
2024-10-21T12:49:16.380976995Z,AAPL,0,0,0,0,0,1000,505,10,100,15,109,0,0,0,0,1.906941266,0.963005339,0.019069413,0.190694127,0.028604119,0.207856598,-0.396056956,0
2024-10-21T12:49:17.095404048Z,AAPL,0,0,-100,-1607,-1,-1000,-505,-10,-100,-15,-109,0,-0.194024059,-3.117966628,-0.001940241,-1.94024059,-0.979821498,-0.019402406,-0.194024059,-0.029103609,-0.211486224,0.742904781,0
2024-10-21T12:49:17.098516295Z,AAPL,0,0,100,1607,1,1000,505,10,100,15,109,0,0.190694127,3.064454615,0.001906941,1.906941266,0.963005339,0.019069413,0.190694127,0.028604119,0.207856598,-0.730154699,0
2024-10-21T12:49:20.689107718Z,AAPL,0,0,-100,-1607,-1,-1000,-505,-10,-100,-15,-109,0,-0.194024059,-3.117966628,-0.001940241,-1.94024059,-0.979821498,-0.019402406,-0.194024059,-0.029103609,-0.211486224,0.742904781,0
2024-10-21T12:49:20.692285781Z,AAPL,0,0,100,1607,1,1000,505,10,100,15,109,0,0.190694127,3.064454615,0.001906941,1.906941266,0.963005339,0.019069413,0.190694127,0.028604119,0.207856598,-0.730154699,0
2024-10-21T12:49:27.922835826Z,AAPL,0,0,0,400,1207,1,1000,505,10,100,15,0,0,0.778967868,2.35053554,0.00194742,1.947419669,0.983446933,0.019474197,0.194741967,0.029211295,-0.915743901,0
2024-10-21T12:49:28.083552407Z,AAPL,-1,-1,-400,-117,-100,-400,-1,-100,-500,-105,-63,-0.00197122,-0.788488074,-0.230632762,-0.197122019,-0.788488074,-0.00197122,-0.197122019,-0.985610093,-0.206978119,-0.124186872,0.348101978,0
2024-10-21T12:49:28.121990369Z,AAPL,1,1,400,117,100,400,1,100,500,105,63,0.00194742,0.778967868,0.227848101,0.194741967,0.778967868,0.00194742,0.194741967,0.973709834,0.204479065,0.122687439,-0.343898994,0
2024-10-21T12:49:31.767415647Z,AAPL,0,0,-100,-400,-1207,-1,-1000,-505,-10,-100,-15,0,-0.194401244,-0.777604977,-2.346423017,-0.001944012,-1.944012442,-0.981726283,-0.019440124,-0.194401244,-0.029160187,0.926534446,0
2024-10-21T12:49:31.770578504Z,AAPL,0,0,100,400,1207,1,1000,505,10,100,15,0,0.194741967,0.778967868,2.35053554,0.00194742,1.947419669,0.983446933,0.019474197,0.194741967,0.029211295,-0.928158362,0
2024-10-21T12:49:38.319661255Z,AAPL,0,0,0,-400,-1207,-1,-1000,-505,-10,-100,-15,0,0,-0.825763832,-2.491742362,-0.00206441,-2.064409579,-1.042526837,-0.020644096,-0.206440958,-0.030966144,0.970756592,0
2024-10-21T12:49:38.319673756Z,AAPL,0,0,0,0,200,1,1000,505,10,100,15,0,0,0,0.40526849,0.002026342,2.026342452,1.023302938,0.020263425,0.202634245,0.030395137,-0.478630935,0
2024-10-21T12:49:38.866315719Z,AAPL,0,0,0,0,200,0,0,0,0,0,0,0,0,0,0.389483934,0,0,0,0,0,0,-0.074282337,0
2024-10-21T12:49:38.920680087Z,AAPL,0,0,0,0,-200,0,0,0,0,0,0,0,0,0,-0.40526849,0,0,0,0,0,0,0.077292766,0
2024-10-21T12:49:38.920693145Z,AAPL,0,0,0,400,-200,-1,-1000,-505,-10,-100,-15,0,0,0.762776506,-0.381388253,-0.001906941,-1.906941266,-0.963005339,-0.019069413,-0.190694127,-0.028604119,0.370383639,0
2024-10-21T12:49:39.634329715Z,AAPL,0,0,-100,-1607,-1,-1000,-505,-10,-100,-15,-109,0,-0.194024059,-3.117966628,-0.001940241,-1.94024059,-0.979821498,-0.019402406,-0.194024059,-0.029103609,-0.211486224,0.742904781,0
2024-10-21T12:49:39.637815531Z,AAPL,100,100,0,0,0,0,0,0,0,0,0,0.190331176,0,0,0,0,0,0,0,0,0,-0.003789253,0
2024-10-21T12:49:43.110091934Z,AAPL,0,0,400,1207,1,1000,505,10,100,15,109,0,0.762776506,2.301678108,0.001906941,1.906941266,0.963005339,0.019069413,0.190694127,0.028604119,0.207856598,-0.686579741,0
2024-10-21T12:49:46.832167455Z,AAPL,-100,-100,0,0,0,0,0,0,0,0,0,-0.194401244,0,0,0,0,0,0,0,0,0,0.003870283,0
2024-10-21T12:49:46.835474868Z,AAPL,100,100,10,400,1207,1,1000,505,10,100,15,0.194741967,0.019474197,0.778967868,2.35053554,0.00194742,1.947419669,0.983446933,0.019474197,0.194741967,0.029211295,-0.920862413,0
2024-10-21T12:49:46.957490822Z,AAPL,100,100,100,10,400,1207,1,1000,505,10,100,0.191570881,0.191570881,0.019157088,0.766283525,2.312260536,0.001915709,1.915708812,0.96743295,0.019157088,0.191570881,-0.785725842,0
2024-10-21T12:49:46.957502527Z,AAPL,100,100,0,0,0,0,0,0,0,0,0,0.187969925,0,0,0,0,0,0,0,0,0,-0.003742243,0
2024-10-21T12:49:46.957515098Z,AAPL,100,100,200,100,10,400,1207,1,1000,505,10,0.187969925,0.37593985,0.187969925,0.018796992,0.751879699,2.268796992,0.001879699,1.879699248,0.94924812,0.018796992,-0.674866033,0
2024-10-21T12:49:46.957526708Z,AAPL,0,0,117,100,400,1,100,500,105,63,60,0,0.234939759,0.200803213,0.803212851,0.002008032,0.200803213,1.004016064,0.210843373,0.126506024,0.120481928,-0.375276599,0
2024-10-21T12:49:46.957541207Z,AAPL,100,100,0,0,0,0,0,0,0,0,0,0.196850394,0,0,0,0,0,0,0,0,0,-0.003919042,0
2024-10-21T12:49:46.957573815Z,AAPL,0,0,0,0,0,6,400,1207,1,1000,505,0,0,0,0,0.011820331,0.788022065,2.37785658,0.001970055,1.970055162,0.994877857,-0.622656156,0
2024-10-21T12:49:46.957576775Z,AAPL,0,0,0,0,0,0,0,0,0,0,0,0,0,0,0,0,0,0,0,0,0,0,117
2024-10-21T12:49:46.957576775Z,AAPL,117,117,100,400,1,100,500,105,63,60,124,0.225043278,0.192344682,0.769378727,0.001923447,0.192344682,0.961723408,0.201961916,0.121177149,0.115406809,0.238507405,-0.307683982,0
2024-10-21T12:49:46.957602301Z,AAPL,6,6,200,200,100,10,6,400,1207,1,1000,0.012765957,0.425531915,0.425531915,0.212765957,0.021276596,0.012765957,0.85106383,2.568085106,0.00212766,2.127659574,-0.628457212,0
2024-10-21T12:49:46.957613470Z,AAPL,0,0,24,200,200,100,10,6,400,1207,1,0,0.064446831,0.537056928,0.537056928,0.268528464,0.026852846,0.016111708,1.074113856,3.241138561,0.002685285,-0.544872633,0
2024-10-21T12:49:46.957631839Z,AAPL,0,0,0,0,0,0,0,0,0,0,0,0,0,0,0,0,0,0,0,0,0,0,0
2024-10-21T12:49:46.957813627Z,AAPL,0,0,0,0,-100,0,0,0,0,0,0,0,0,0,-0.27593819,0,0,0,0,0,0,0.052626904,0
2024-10-21T12:49:46.957862508Z,AAPL,0,0,0,4,0,0,0,0,0,0,0,0,0,0.011025358,0,0,0,0,0,0,0,-0.001156979,0
2024-10-21T12:49:46.957937664Z,AAPL,0,0,0,-100,0,0,0,0,0,0,0,0,0,-0.283446712,0,0,0,0,0,0,0,0.029744321,0
2024-10-21T12:49:46.957991157Z,AAPL,0,0,0,-100,0,0,0,0,0,0,0,0,0,-0.291715286,0,0,0,0,0,0,0,0.030612009,0
2024-10-21T12:49:46.961681628Z,AAPL,0,0,0,0,0,0,0,-6,-400,-1207,-1,0,0,0,0,0,0,-0.013568521,-0.904568069,-2.729534147,-0.00226142,0.290967683,0
2024-10-21T12:49:46.961955264Z,AAPL,0,0,0,-4,-100,-100,-10,-400,-1207,-1,-1000,0,0,-0.008125127,-0.203128174,-0.203128174,-0.020312817,-0.812512696,-2.451757059,-0.002031282,-2.031281739,0.555612084,0
2024-10-21T12:49:46.966450387Z,AAPL,0,0,0,-100,-100,-10,-400,-1207,-1,-1000,-505,0,0,-0.206910821,-0.206910821,-0.020691082,-0.827643286,-2.497413615,-0.002069108,-2.069108214,-1.044899648,0.716156802,0
2024-10-21T12:49:47.057682799Z,AAPL,-6,-6,-24,-100,-10,-400,-1207,-1,-1000,-505,-10,-0.012177796,-0.048711183,-0.202963264,-0.020296326,-0.811853055,-2.449766592,-0.002029633,-2.029632636,-1.024964481,-0.020296326,0.702126273,0
2024-10-21T12:49:47.057708040Z,AAPL,-24,-24,-100,-10,-400,-1207,-1,-1000,-505,-10,-100,-0.048800325,-0.203334689,-0.020333469,-0.813338756,-2.454249695,-0.002033347,-2.033346889,-1.026840179,-0.020333469,-0.203334689,0.830898385,0
2024-10-21T12:49:47.067321034Z,AAPL,-117,-117,-100,-400,-1,-100,-500,-105,-63,-60,-124,-0.225259915,-0.192529842,-0.770119369,-0.001925298,-0.192529842,-0.962649211,-0.202156334,-0.121293801,-0.115517905,-0.238737004,0.307980174,0
2024-10-21T12:49:48.478529399Z,AAPL,200,200,0,0,0,0,0,0,0,0,0,0.400480577,0,0,0,0,0,0,0,0,0,-0.007973061,0
2024-10-21T12:49:48.478675769Z,AAPL,117,117,100,400,1,100,500,105,63,60,124,0.237901586,0.203334689,0.813338756,0.002033347,0.203334689,1.016673444,0.213501423,0.128100854,0.122000813,0.252135014,-0.325264137,0
2024-10-21T12:49:48.478687941Z,AAPL,-117,-117,-100,-400,-1,-100,-500,-105,-63,-60,-124,-0.234281137,-0.200240288,-0.800961153,-0.002002403,-0.200240288,-1.001201442,-0.210252303,-0.126151382,-0.120144173,-0.248297958,0.320314182,0
2024-10-21T12:49:48.484283756Z,AAPL,-200,-200,0,0,0,0,0,0,0,0,0,-0.385059684,0,0,0,0,0,0,0,0,0,0.007666051,0
2024-10-21T12:49:49.367557259Z,AAPL,0,0,0,-200,0,0,0,0,0,0,0,0,0,-0.400480577,0,0,0,0,0,0,0,0.042025617,0
2024-10-21T12:49:49.367580583Z,AAPL,0,0,0,-200,-1207,-1,-1000,-505,-10,-100,-15,0,0,-0.407913522,-2.461758107,-0.002039568,-2.039567612,-1.029981644,-0.020395676,-0.203956761,-0.030593514,0.916269427,0
2024-10-21T12:49:49.367595179Z,AAPL,6,6,0,0,0,0,0,0,0,0,0,0.012222449,0,0,0,0,0,0,0,0,0,-0.000243333,0
2024-10-21T12:49:49.367610194Z,AAPL,3,3,106,10,1207,1,1000,505,10,100,15,0.006246096,0.220695399,0.020820321,2.5130127,0.002082032,2.082032063,1.051426192,0.020820321,0.208203206,0.031230481,-0.90802775,0
2024-10-21T12:49:49.367638925Z,AAPL,200,200,0,0,0,0,0,0,0,0,0,0.43449924,0,0,0,0,0,0,0,0,0,-0.00865033,0
2024-10-21T12:49:49.367647847Z,AAPL,117,117,100,400,1,100,500,105,63,60,124,0.258449304,0.220896841,0.883587365,0.002208968,0.220896841,1.104484206,0.231941683,0.13916501,0.132538105,0.273912083,-0.353357416,0
2024-10-21T12:49:49.367661433Z,AAPL,0,0,-6,0,0,0,0,0,0,0,0,0,-0.0132714,0,0,0,0,0,0,0,0,0.000846029,0
2024-10-21T12:49:49.367879143Z,AAPL,-3,-3,-100,-10,-1207,-1,-1000,-505,-10,-100,-15,-0.006483683,-0.216122758,-0.021612276,-2.608601686,-0.002161228,-2.161227577,-1.091419927,-0.021612276,-0.216122758,-0.032418414,0.941740304,0
2024-10-21T12:49:49.379300783Z,AAPL,3,3,100,10,1207,1,1000,505,10,100,15,0.0066357,0.221190002,0.022119,2.669763327,0.0022119,2.211900022,1.117009511,0.022119,0.221190002,0.0331785,-0.96382048,0
2024-10-21T12:49:49.383394936Z,AAPL,-3,-3,-100,-10,-1207,-1,-1000,-505,-10,-100,-15,-0.006483683,-0.216122758,-0.021612276,-2.608601686,-0.002161228,-2.161227577,-1.091419927,-0.021612276,-0.216122758,-0.032418414,0.941740304,0
2024-10-21T12:49:49.457051270Z,AAPL,-200,-200,0,0,0,0,0,0,0,0,0,-0.414336027,0,0,0,0,0,0,0,0,0,0.008248906,0
2024-10-21T12:49:49.470761871Z,AAPL,0,0,0,400,1207,1,1000,505,10,100,15,0,0,0.781555295,2.358343103,0.001953888,1.953888238,0.98671356,0.019538882,0.195388824,0.029308324,-0.918785645,0
2024-10-21T12:49:49.480799866Z,AAPL,-200,-200,0,0,0,0,0,0,0,0,0,-0.376081234,0,0,0,0,0,0,0,0,0,0.007487301,0
2024-10-21T12:49:58.322449004Z,AAPL,-100,-100,-10,-400,-1207,-1,-1000,-505,-10,-100,-15,-0.187722921,-0.018772292,-0.750891684,-2.265815656,-0.001877229,-1.87722921,-0.948000751,-0.018772292,-0.187722921,-0.028158438,0.887671952,0
2024-10-21T12:49:58.325910308Z,AAPL,100,100,10,400,1207,1,1000,505,10,100,15,0.188040617,0.018804062,0.752162467,2.269650244,0.001880406,1.880406168,0.949605115,0.018804062,0.188040617,0.028206093,-0.889174218,0
2024-10-21T12:50:00.450230177Z,AAPL,200,200,0,0,0,0,0,0,0,0,0,0.390777648,0,0,0,0,0,0,0,0,0,-0.007779888,0
2024-10-21T12:50:00.450388901Z,AAPL,200,200,0,0,0,0,0,0,0,0,0,0.406669378,0,0,0,0,0,0,0,0,0,-0.008096273,0
2024-10-21T12:50:00.450400607Z,AAPL,0,0,-100,-400,-1,-100,-500,-105,-63,-60,-124,0,-0.200240288,-0.800961153,-0.002002403,-0.200240288,-1.001201442,-0.210252303,-0.126151382,-0.120144173,-0.248297958,0.315649941,0
2024-10-21T12:50:02.747081660Z,AAPL,0,0,-200,0,0,0,0,0,0,0,0,0,-0.385059684,0,0,0,0,0,0,0,0,0.024546885,0
2024-10-21T12:50:08.578493418Z,AAPL,-100,-100,-10,-400,-1207,-1,-1000,-505,-10,-100,-15,-0.19219681,-0.019219681,-0.768787238,-2.319815491,-0.001921968,-1.921968095,-0.970593888,-0.019219681,-0.19219681,-0.028829521,0.908827309,0
2024-10-21T12:50:08.581776469Z,AAPL,100,100,10,400,1207,1,1000,505,10,100,15,0.192529842,0.019252984,0.770119369,2.323835194,0.001925298,1.925298421,0.972275703,0.019252984,0.192529842,0.028879476,-0.910402097,0
2024-10-21T12:50:09.246492050Z,AAPL,0,0,200,0,0,0,0,0,0,0,0,0,0.400480577,0,0,0,0,0,0,0,0,-0.02552994,0
2024-10-21T12:50:09.246504376Z,AAPL,0,0,-200,0,0,0,0,0,0,0,0,0,-0.400480577,0,0,0,0,0,0,0,0,0.02552994,0
2024-10-21T12:50:11.198406052Z,AAPL,0,0,100,400,1,100,500,105,63,60,124,0,0.203334689,0.813338756,0.002033347,0.203334689,1.016673444,0.213501423,0.128100854,0.122000813,0.252135014,-0.320527817,0
2024-10-21T12:50:11.198419398Z,AAPL,0,0,-100,-400,-1,-100,-500,-105,-63,-60,-124,0,-0.192529842,-0.770119369,-0.001925298,-0.192529842,-0.962649211,-0.202156334,-0.121293801,-0.115517905,-0.238737004,0.303495534,0
2024-10-21T12:50:11.566181537Z,AAPL,0,0,-400,0,0,0,0,0,0,0,0,0,-0.800961153,0,0,0,0,0,0,0,0,0.051059881,0
2024-10-21T12:50:12.467758096Z,AAPL,-100,-100,-10,-400,-1207,-1,-1000,-505,-10,-100,-15,-0.199880072,-0.019988007,-0.799520288,-2.412552469,-0.001998801,-1.99880072,-1.009394363,-0.019988007,-0.199880072,-0.029982011,0.945158603,0
2024-10-21T12:50:12.471274007Z,AAPL,100,100,10,400,1207,1,1000,505,10,100,15,0.200240288,0.020024029,0.800961153,2.41690028,0.002002403,2.002402883,1.011213456,0.020024029,0.200240288,0.030036043,-0.946861932,0
2024-10-21T12:50:13.271098437Z,AAPL,0,0,0,0,0,0,0,0,0,0,0,0,0,0,0,0,0,0,0,0,0,0,0
2024-10-21T12:50:14.282020828Z,AAPL,0,0,100,400,1,100,500,105,63,60,124,0,0.203334689,0.813338756,0.002033347,0.203334689,1.016673444,0.213501423,0.128100854,0.122000813,0.252135014,-0.320527817,0
2024-10-21T12:50:14.282033670Z,AAPL,0,0,-100,-400,-1,-100,-500,-105,-63,-60,-124,0,-0.192529842,-0.770119369,-0.001925298,-0.192529842,-0.962649211,-0.202156334,-0.121293801,-0.115517905,-0.238737004,0.303495534,0
2024-10-21T12:50:15.277451082Z,AAPL,20,20,100,10,400,1207,1,1000,505,10,100,0.038468936,0.192344682,0.019234468,0.769378727,2.321600308,0.001923447,1.923446817,0.971340642,0.019234468,0.192344682,-0.785836104,0
2024-10-21T12:50:15.277477320Z,AAPL,0,0,0,0,0,0,0,0,0,0,0,0,0,0,0,0,0,0,0,0,0,0,-20
2024-10-21T12:50:15.277477320Z,AAPL,-20,-20,-100,-10,-400,-1207,-1,-1000,-505,-10,-100,-0.038505968,-0.192529842,-0.019252984,-0.770119369,-2.323835194,-0.001925298,-1.925298421,-0.972275703,-0.019252984,-0.192529842,0.786592589,0
2024-10-21T12:50:16.172964926Z,AAPL,0,0,0,200,0,0,0,0,0,0,0,0,0,0.400480577,0,0,0,0,0,0,0,-0.042025617,0
2024-10-21T12:50:16.211482112Z,AAPL,0,0,0,-200,-1207,-1,-1000,-505,-10,-100,-15,0,0,-0.407913522,-2.461758107,-0.002039568,-2.039567612,-1.029981644,-0.020395676,-0.203956761,-0.030593514,0.916269427,0
2024-10-21T12:50:16.211495151Z,AAPL,0,0,0,400,1207,1,1000,505,10,100,15,0,0,0.770119369,2.323835194,0.001925298,1.925298421,0.972275703,0.019252984,0.192529842,0.028879476,-0.905341727,0
2024-10-21T12:50:16.267055594Z,AAPL,0,0,-400,0,0,0,0,0,0,0,0,0,-0.800961153,0,0,0,0,0,0,0,0,0.051059881,0
2024-10-21T12:50:17.309428619Z,AAPL,-100,-100,-10,-400,-1207,-1,-1000,-505,-10,-100,-15,-0.199880072,-0.019988007,-0.799520288,-2.412552469,-0.001998801,-1.99880072,-1.009394363,-0.019988007,-0.199880072,-0.029982011,0.945158603,0
2024-10-21T12:50:17.312771757Z,AAPL,100,100,10,400,1207,1,1000,505,10,100,15,0.200240288,0.020024029,0.800961153,2.41690028,0.002002403,2.002402883,1.011213456,0.020024029,0.200240288,0.030036043,-0.946861932,0
2024-10-21T12:50:19.173366770Z,AAPL,0,0,0,200,0,0,0,0,0,0,0,0,0,0.417188152,0,0,0,0,0,0,0,-0.043778876,0
2024-10-21T12:50:19.463071688Z,AAPL,0,0,200,-200,-1207,-1,-1000,-505,-10,-100,-15,0,0.407913522,-0.407913522,-2.461758107,-0.002039568,-2.039567612,-1.029981644,-0.020395676,-0.203956761,-0.030593514,0.890265649,0
2024-10-21T12:50:19.939222379Z,AAPL,0,0,100,400,1,100,500,105,63,60,124,0,0.207168013,0.828672053,0.00207168,0.207168013,1.035840066,0.217526414,0.130515848,0.124300808,0.256888336,-0.3265705,0
2024-10-21T12:50:19.939235822Z,AAPL,0,0,-100,-400,-1,-100,-500,-105,-63,-60,-124,0,-0.195963159,-0.783852636,-0.001959632,-0.195963159,-0.979815795,-0.205761317,-0.12345679,-0.117577895,-0.242994317,0.308907663,0
2024-10-21T12:50:19.998086298Z,AAPL,0,0,-400,0,0,0,0,0,0,0,0,0,-0.815827045,0,0,0,0,0,0,0,0,0.052007556,0
2024-10-21T12:50:20.045656564Z,AAPL,0,0,100,400,1,100,500,105,63,60,124,0,0.207168013,0.828672053,0.00207168,0.207168013,1.035840066,0.217526414,0.130515848,0.124300808,0.256888336,-0.3265705,0
2024-10-21T12:50:20.045669794Z,AAPL,0,0,-100,-400,-1,-100,-500,-105,-63,-60,-124,0,-0.195963159,-0.783852636,-0.001959632,-0.195963159,-0.979815795,-0.205761317,-0.12345679,-0.117577895,-0.242994317,0.308907663,0
2024-10-21T12:50:20.726462052Z,AAPL,0,0,-400,0,0,0,0,0,0,0,0,0,-0.815827045,0,0,0,0,0,0,0,0,0.052007556,0
2024-10-21T12:50:22.114304820Z,AAPL,0,0,0,0,0,0,0,0,124,0,0,0,0,0,0,0,0,0,0.246667993,0,0,-0.02219304,0
2024-10-21T12:50:23.016526103Z,AAPL,-100,-100,-210,-1207,-1,-1000,-505,-10,-224,-15,-109,-0.202552157,-0.42535953,-2.444804537,-0.002025522,-2.025521572,-1.022888394,-0.020255216,-0.453716832,-0.030382824,-0.220781851,0.73137039,0
2024-10-21T12:50:23.019819419Z,AAPL,100,100,210,1207,1,1000,505,10,224,15,109,0.198925801,0.417744181,2.401034414,0.001989258,1.989258007,1.004575293,0.01989258,0.445593794,0.02983887,0.216829123,-0.71827643,0
2024-10-21T12:50:23.489361011Z,AAPL,0,0,100,400,1,100,500,105,63,60,1,0,0.207125104,0.828500414,0.002071251,0.207125104,1.035625518,0.217481359,0.130488815,0.124275062,0.002071251,-0.305277565,0
2024-10-21T12:50:23.489373964Z,AAPL,0,0,-100,-400,-1,-100,-500,-105,-63,-60,-1,0,-0.191314329,-0.765257318,-0.001913143,-0.191314329,-0.956571647,-0.200880046,-0.120528028,-0.114788598,-0.001913143,0.28197438,0
2024-10-21T12:50:27.730127297Z,AAPL,0,0,-400,0,0,0,0,0,0,0,0,0,-0.795703203,0,0,0,0,0,0,0,0,0.050724696,0
2024-10-21T12:50:27.845945395Z,AAPL,0,0,200,10,1207,1,1000,505,10,224,15,0,0.406669378,0.020333469,2.454249695,0.002033347,2.033346889,1.026840179,0.020333469,0.455469703,0.030500203,-0.918048421,0
2024-10-21T12:50:30.292700701Z,AAPL,-100,-100,-200,-10,-1207,-1,-1000,-505,-10,-224,-15,-0.202963264,-0.405926527,-0.020296326,-2.449766592,-0.002029633,-2.029632636,-1.024964481,-0.020296326,-0.454637711,-0.03044449,0.920412192,0
2024-10-21T12:50:30.295988952Z,AAPL,100,100,200,10,1207,1,1000,505,10,224,15,0.203334689,0.406669378,0.020333469,2.454249695,0.002033347,2.033346889,1.026840179,0.020333469,0.455469703,0.030500203,-0.922096558,0
2024-10-21T12:50:36.089037837Z,AAPL,0,0,100,400,1,100,500,105,63,60,1,0,0.211909303,0.847637211,0.002119093,0.211909303,1.059546514,0.222504768,0.133502861,0.127145582,0.002119093,-0.312328901,0
2024-10-21T12:50:36.089051122Z,AAPL,0,0,-100,-400,-1,-100,-500,-105,-63,-60,-1,0,-0.195388824,-0.781555295,-0.001953888,-0.195388824,-0.976944119,-0.205158265,-0.123094959,-0.117233294,-0.001953888,0.287979696,0
2024-10-21T12:50:36.143652642Z,AAPL,0,0,-400,0,0,0,0,0,0,0,0,0,-0.813338756,0,0,0,0,0,0,0,0,0.051848931,0
2024-10-21T12:50:45.942999977Z,AAPL,0,0,200,0,0,0,0,0,0,0,0,0,0.406669378,0,0,0,0,0,0,0,0,-0.025924466,0
2024-10-21T12:50:49.274508773Z,AAPL,0,0,-200,-10,-1207,-1,-1000,-505,-10,-224,-15,0,-0.414336027,-0.020716801,-2.50051792,-0.00207168,-2.071680133,-1.046198467,-0.020716801,-0.46405635,-0.031075202,0.935355736,0
2024-10-21T12:50:49.379316527Z,AAPL,0,0,200,10,1207,1,1000,505,10,224,15,0,0.406669378,0.020333469,2.454249695,0.002033347,2.033346889,1.026840179,0.020333469,0.455469703,0.030500203,-0.918048421,0
2024-10-21T12:50:54.633285417Z,AAPL,-100,-100,-200,-10,-1207,-1,-1000,-505,-10,-224,-15,-0.202963264,-0.405926527,-0.020296326,-2.449766592,-0.002029633,-2.029632636,-1.024964481,-0.020296326,-0.454637711,-0.03044449,0.920412192,0
2024-10-21T12:50:54.636598543Z,AAPL,100,100,200,10,1207,1,1000,505,10,224,15,0.203334689,0.406669378,0.020333469,2.454249695,0.002033347,2.033346889,1.026840179,0.020333469,0.455469703,0.030500203,-0.922096558,0
2024-10-21T12:50:55.034083416Z,AAPL,0,0,-200,-10,-1207,-1,-1000,-505,-10,-224,-15,0,-0.414336027,-0.020716801,-2.50051792,-0.00207168,-2.071680133,-1.046198467,-0.020716801,-0.46405635,-0.031075202,0.935355736,0
2024-10-21T12:50:55.034096364Z,AAPL,0,0,0,200,1207,1,1000,505,10,224,15,0,0,0.406669378,2.454249695,0.002033347,2.033346889,1.026840179,0.020333469,0.455469703,0.030500203,-0.93266526,0
2024-10-21T12:50:58.090412659Z,AAPL,0,0,200,10,0,0,0,0,0,0,0,0,0.406669378,0.020333469,0,0,0,0,0,0,0,-0.028058219,0
2024-10-21T12:50:58.154681035Z,AAPL,-100,-100,-200,-10,-1207,-1,-1000,-505,-10,-224,-15,-0.202963264,-0.405926527,-0.020296326,-2.449766592,-0.002029633,-2.029632636,-1.024964481,-0.020296326,-0.454637711,-0.03044449,0.920412192,0
2024-10-21T12:50:58.158028951Z,AAPL,100,100,200,10,1207,1,1000,505,10,224,15,0.203334689,0.406669378,0.020333469,2.454249695,0.002033347,2.033346889,1.026840179,0.020333469,0.455469703,0.030500203,-0.922096558,0
2024-10-21T12:51:00.690069078Z,AAPL,0,0,-200,-10,-1207,-1,-1000,-505,-10,-224,-15,0,-0.414336027,-0.020716801,-2.50051792,-0.00207168,-2.071680133,-1.046198467,-0.020716801,-0.46405635,-0.031075202,0.935355736,0
2024-10-21T12:51:00.690081541Z,AAPL,0,0,0,200,1207,1,1000,505,10,224,15,0,0,0.406669378,2.454249695,0.002033347,2.033346889,1.026840179,0.020333469,0.455469703,0.030500203,-0.93266526,0
2024-10-21T12:51:01.453112803Z,AAPL,-100,-100,-10,-200,-1207,-1,-1000,-505,-10,-224,-15,-0.202963264,-0.020296326,-0.405926527,-2.449766592,-0.002029633,-2.029632636,-1.024964481,-0.020296326,-0.454637711,-0.03044449,0.936296186,0
2024-10-21T12:51:01.456609178Z,AAPL,100,100,10,200,1207,1,1000,505,10,224,15,0.203334689,0.020333469,0.406669378,2.454249695,0.002033347,2.033346889,1.026840179,0.020333469,0.455469703,0.030500203,-0.93800962,0
2024-10-21T12:51:03.745943857Z,AAPL,0,0,0,200,0,0,0,0,0,0,0,0,0,0.406669378,0,0,0,0,0,0,0,-0.042675057,0
2024-10-21T12:51:10.314786051Z,AAPL,-100,-100,-10,-200,-1207,-1,-1000,-505,-10,-224,-15,-0.202963264,-0.020296326,-0.405926527,-2.449766592,-0.002029633,-2.029632636,-1.024964481,-0.020296326,-0.454637711,-0.03044449,0.936296186,0
2024-10-21T12:51:10.318219099Z,AAPL,100,100,10,200,1207,1,1000,505,10,224,15,0.203334689,0.020333469,0.406669378,2.454249695,0.002033347,2.033346889,1.026840179,0.020333469,0.455469703,0.030500203,-0.93800962,0
2024-10-21T12:51:13.418871996Z,AAPL,0,0,0,200,0,0,0,0,0,0,0,0,0,0.406669378,0,0,0,0,0,0,0,-0.042675057,0
2024-10-21T12:51:13.446879874Z,AAPL,0,0,0,200,0,0,0,0,0,0,0,0,0,0.406669378,0,0,0,0,0,0,0,-0.042675057,0
2024-10-21T12:51:17.677760514Z,AAPL,-10,-10,0,0,0,0,0,0,0,0,0,-0.020292208,0,0,0,0,0,0,0,0,0,0.000403992,0
2024-10-21T12:51:17.750308421Z,AAPL,0,0,0,-200,-1207,-1,-1000,-505,-10,-224,-15,0,0,-0.413479429,-2.495348356,-0.002067397,-2.067397147,-1.044035559,-0.020673971,-0.463096961,-0.031010957,0.948283595,0
2024-10-21T12:51:17.750320974Z,AAPL,0,0,0,200,1207,1,1000,505,10,224,15,0,0,0.405844156,2.449269481,0.002029221,2.029220779,1.024756494,0.020292208,0.454545455,0.030438312,-0.930772676,0
2024-10-21T12:51:18.770505841Z,AAPL,0,0,0,200,0,0,0,0,0,0,0,0,0,0.390015601,0,0,0,0,0,0,0,-0.040927444,0
2024-10-21T12:51:18.773039140Z,AAPL,0,0,100,400,1,100,500,105,63,60,1,0,0.202880909,0.811523636,0.002028809,0.202880909,1.014404545,0.213024954,0.127814973,0.121728545,0.002028809,-0.299022131,0
2024-10-21T12:51:18.773052313Z,AAPL,0,0,-100,-400,-1,-100,-500,-105,-63,-60,-1,0,-0.187687688,-0.750750751,-0.001876877,-0.187687688,-0.938438438,-0.197072072,-0.118243243,-0.112612613,-0.001876877,0.276629144,0
2024-10-21T12:51:18.820951973Z,AAPL,0,0,0,-200,0,0,0,0,0,0,0,0,0,-0.390015601,0,0,0,0,0,0,0,0.040927444,0
2024-10-21T12:51:18.820965469Z,AAPL,0,0,400,10,0,0,0,0,0,0,0,0,0.750750751,0.018768769,0,0,0,0,0,0,0,-0.049828611,0
2024-10-21T12:51:22.821719489Z,AAPL,-100,-100,-400,-10,-1207,-1,-1000,-505,-10,-224,-15,-0.187371182,-0.749484729,-0.018737118,-2.261570171,-0.001873712,-1.873711823,-0.946224471,-0.018737118,-0.419711448,-0.028105677,0.873593291,0
2024-10-21T12:51:22.824967410Z,AAPL,100,100,400,10,1207,1,1000,505,10,224,15,0.187687688,0.750750751,0.018768769,2.26539039,0.001876877,1.876876877,0.947822823,0.018768769,0.42042042,0.028153153,-0.875068955,0
2024-10-21T12:51:22.892872962Z,AAPL,0,0,-400,-10,-1207,-1,-1000,-505,-10,-224,-15,0,-0.794123486,-0.019853087,-2.39626762,-0.001985309,-1.985308716,-1.002580901,-0.019853087,-0.444709152,-0.029779631,0.921671364,0
2024-10-21T12:51:22.892886854Z,AAPL,0,0,0,200,1207,1,1000,505,10,224,15,0,0,0.390015601,2.35374415,0.001950078,1.950078003,0.984789392,0.01950078,0.436817473,0.02925117,-0.89447109,0
2024-10-21T12:51:23.690455424Z,AAPL,0,0,0,-200,-1207,-1,-1000,-505,-10,-224,-15,0,0,-0.397061743,-2.39626762,-0.001985309,-1.985308716,-1.002580901,-0.019853087,-0.444709152,-0.029779631,0.910630881,0
2024-10-21T12:51:23.690468015Z,AAPL,0,0,0,200,1207,1,1000,505,10,224,15,0,0,0.390015601,2.35374415,0.001950078,1.950078003,0.984789392,0.01950078,0.436817473,0.02925117,-0.89447109,0
2024-10-21T12:51:25.478030138Z,AAPL,0,0,0,200,0,0,0,0,0,0,0,0,0,0.390015601,0,0,0,0,0,0,0,-0.040927444,0
2024-10-21T12:51:25.549228495Z,AAPL,-100,-100,-10,-200,-1207,-1,-1000,-505,-10,-224,-15,-0.194666148,-0.019466615,-0.389332295,-2.349620401,-0.001946661,-1.946661476,-0.983064045,-0.019466615,-0.436052171,-0.029199922,0.8980205,0
2024-10-21T12:51:25.552755288Z,AAPL,100,100,10,200,1207,1,1000,505,10,224,15,0.1950078,0.01950078,0.390015601,2.35374415,0.001950078,1.950078003,0.984789392,0.01950078,0.436817473,0.02925117,-0.899596589,0
2024-10-21T12:51:26.744932781Z,AAPL,0,0,200,10,0,0,0,0,0,0,0,0,0.390015601,0.01950078,0,0,0,0,0,0,0,-0.026909189,0
2024-10-21T12:51:32.421978926Z,AAPL,-100,-100,-200,-10,-1207,-1,-1000,-505,-10,-224,-15,-0.194666148,-0.389332295,-0.019466615,-2.349620401,-0.001946661,-1.946661476,-0.983064045,-0.019466615,-0.436052171,-0.029199922,0.882785842,0
2024-10-21T12:51:32.425290341Z,AAPL,100,100,200,10,1207,1,1000,505,10,224,15,0.1950078,0.390015601,0.01950078,2.35374415,0.001950078,1.950078003,0.984789392,0.01950078,0.436817473,0.02925117,-0.884335193,0
2024-10-21T12:51:37.000145065Z,AAPL,-100,-100,-200,-10,-1207,-1,-1000,-505,-10,-224,-15,-0.194666148,-0.389332295,-0.019466615,-2.349620401,-0.001946661,-1.946661476,-0.983064045,-0.019466615,-0.436052171,-0.029199922,0.882785842,0
2024-10-21T12:51:37.003493529Z,AAPL,100,100,200,10,1207,1,1000,505,10,224,15,0.1950078,0.390015601,0.01950078,2.35374415,0.001950078,1.950078003,0.984789392,0.01950078,0.436817473,0.02925117,-0.884335193,0
2024-10-21T12:51:39.563904075Z,AAPL,0,0,200,0,0,0,0,0,0,0,0,0,0.390015601,0,0,0,0,0,0,0,0,-0.024862816,0
2024-10-21T12:51:41.303046432Z,AAPL,0,0,0,0,0,0,0,0,0,0,0,0,0,0,0,0,0,0,0,0,0,0,-100
2024-10-21T12:51:41.303046432Z,AAPL,-100,-100,-200,-10,-1207,-1,-1000,-505,-10,-224,-15,-0.194666148,-0.389332295,-0.019466615,-2.349620401,-0.001946661,-1.946661476,-0.983064045,-0.019466615,-0.436052171,-0.029199922,0.882785842,0
2024-10-21T12:51:41.303070738Z,AAPL,-127,-127,-400,-100,-400,-1,-100,-500,-105,-63,-60,-0.24357499,-0.767165324,-0.191791331,-0.767165324,-0.001917913,-0.191791331,-0.958956655,-0.201380898,-0.120828539,-0.115074799,0.397884375,0
2024-10-21T12:51:41.303072249Z,AAPL,-22,-22,0,0,0,0,0,0,0,0,0,-0.042016807,0,0,0,0,0,0,0,0,0,0.000836501,0
2024-10-21T12:51:41.303082314Z,AAPL,0,0,-100,0,0,0,0,0,0,0,0,0,-0.187406297,0,0,0,0,0,0,0,0,0.011946826,0
2024-10-21T12:51:41.303094909Z,AAPL,100,100,-23,0,0,0,0,0,0,0,0,0.190150219,-0.04373455,0,0,0,0,0,0,0,0,-0.000997649,0
2024-10-21T12:51:41.303109674Z,AAPL,-22,-22,-223,-127,-400,-100,-400,-1,-100,-500,-105,-0.042660462,-0.432421951,-0.24626721,-0.775644755,-0.193911189,-0.775644755,-0.001939112,-0.193911189,-0.969555943,-0.203606748,0.433001266,0
2024-10-21T12:51:41.303116970Z,AAPL,-200,-200,-10,-1207,-1,-1000,-505,-10,-224,-15,-109,-0.40265754,-0.020132877,-2.430038252,-0.002013288,-2.013287699,-1.016710288,-0.020132877,-0.450976445,-0.030199315,-0.219448359,0.705292496,0
2024-10-21T12:51:41.303439155Z,AAPL,0,0,0,100,0,0,0,0,0,0,0,0,0,0.205465379,0,0,0,0,0,0,0,-0.021561119,0
2024-10-21T12:51:41.305680987Z,AAPL,100,100,10,1207,1,1000,505,10,224,15,109,0.20173492,0.020173492,2.434940488,0.002017349,2.017349203,1.018761348,0.020173492,0.451886222,0.030260238,0.219891063,-0.70269903,0
2024-10-21T12:51:41.305701541Z,AAPL,0,0,23,127,400,100,400,1,100,500,105,0,0.045634921,0.251984127,0.793650794,0.198412698,0.793650794,0.001984127,0.198412698,0.992063492,0.208333333,-0.41688712,0
2024-10-21T12:51:41.313465552Z,AAPL,100,100,0,0,0,0,0,0,0,0,0,0.198412698,0,0,0,0,0,0,0,0,0,-0.003950146,0
2024-10-21T12:51:41.387831402Z,AAPL,0,0,0,400,1207,1,1000,505,10,224,15,0,0,0.750328269,2.264115551,0.001875821,1.875820672,0.947289439,0.018758207,0.42018383,0.02813731,-0.899779343,0
2024-10-21T12:51:41.403765587Z,AAPL,0,0,127,400,100,400,1,100,500,105,63,0,0.236455036,0.744740272,0.186185068,0.744740272,0.001861851,0.186185068,0.93092534,0.195494321,0.117296593,-0.351641023,0
2024-10-21T12:51:41.611216280Z,AAPL,0,0,0,200,0,0,0,0,0,0,0,0,0,0.386772384,0,0,0,0,0,0,0,-0.040587107,0
2024-10-21T12:51:44.445867547Z,AAPL,0,0,200,10,0,0,0,0,0,0,0,0,0.386772384,0.019338619,0,0,0,0,0,0,0,-0.026685422,0
2024-10-21T12:51:45.338942770Z,AAPL,0,0,0,0,0,0,0,0,0,0,0,0,0,0,0,0,0,0,0,0,0,0,-28
2024-10-21T12:51:45.338942770Z,AAPL,-28,-28,0,0,0,0,0,0,0,0,0,-0.054442932,0,0,0,0,0,0,0,0,0,0.00108389,0
2024-10-21T12:51:45.339015515Z,AAPL,0,0,-200,-10,-1207,-1,-1000,-505,-10,-224,-15,0,-0.395882819,-0.019794141,-2.389152811,-0.001979414,-1.979414093,-0.999604117,-0.019794141,-0.443388757,-0.029691211,0.893697968,0
2024-10-21T12:51:45.441531969Z,AAPL,0,0,0,200,1207,1,1000,505,10,224,15,0,0,0.388878087,2.346879253,0.00194439,1.944390434,0.981917169,0.019443904,0.435543457,0.029165857,-0.891862288,0
2024-10-21T12:51:47.453511166Z,AAPL,0,0,0,100,400,1,100,500,105,63,60,0,0,0.208203206,0.832812825,0.002082032,0.208203206,1.041016032,0.218613367,0.13116802,0.124921924,-0.373577346,0
2024-10-21T12:51:47.453523118Z,AAPL,0,0,0,-100,-400,-1,-100,-500,-105,-63,-60,0,0,-0.194439043,-0.777756173,-0.00194439,-0.194439043,-0.972195217,-0.204160996,-0.122496597,-0.116663426,0.348880419,0
2024-10-21T12:51:47.521571778Z,AAPL,0,0,0,200,0,0,0,0,0,0,0,0,0,0.388878087,0,0,0,0,0,0,0,-0.040808075,0
2024-10-21T12:51:47.552306498Z,AAPL,0,0,0,-400,0,0,0,0,0,0,0,0,0,-0.809225167,0,0,0,0,0,0,0,0.084918443,0
2024-10-21T12:51:47.562312438Z,AAPL,0,0,-127,-200,0,0,0,0,0,0,0,0,-0.25692899,-0.404612583,0,0,0,0,0,0,0,0.058837998,0
2024-10-21T12:51:48.483479355Z,AAPL,0,0,0,200,0,0,0,0,0,0,0,0,0,0.404612583,0,0,0,0,0,0,0,-0.042459221,0
2024-10-21T12:51:49.903491548Z,AAPL,0,0,0,0,0,0,0,0,0,0,0,0,0,0,0,0,0,0,0,0,0,0,-1
2024-10-21T12:51:49.903491548Z,AAPL,-1,-1,0,0,0,0,0,0,0,0,0,-0.002023472,0,0,0,0,0,0,0,0,0,4.03E-05,0
2024-10-21T12:51:53.231358842Z,AAPL,0,0,0,0,0,0,0,0,0,0,0,0,0,0,0,0,0,0,0,0,0,0,-71
2024-10-21T12:51:53.231358842Z,AAPL,-71,-71,-10,-200,-1207,-1,-1000,-505,-10,-224,-15,-0.142570281,-0.020080321,-0.401606426,-2.423694779,-0.002008032,-2.008032129,-1.014056225,-0.020080321,-0.449799197,-0.030120482,0.925172244,0
2024-10-21T12:51:53.231421720Z,AAPL,0,0,-200,-1207,-1,-1000,-505,-10,-224,-15,-109,0,-0.417536534,-2.519832985,-0.002087683,-2.087682672,-1.054279749,-0.020876827,-0.467640919,-0.03131524,-0.227557411,0.748328195,0
2024-10-21T12:51:53.251975842Z,AAPL,0,0,0,0,0,0,0,0,0,0,0,0,0,0,0,0,0,0,0,0,0,0,0
2024-10-21T12:51:53.347723046Z,AAPL,0,0,200,1207,1,1000,505,10,224,15,109,0,0.401606426,2.423694779,0.002008032,2.008032129,1.014056225,0.020080321,0.449799197,0.030120482,0.218875502,-0.719777521,0
2024-10-21T12:51:53.434736360Z,AAPL,0,0,200,0,0,0,0,0,0,0,0,0,0.401606426,0,0,0,0,0,0,0,0,-0.025601711,0
2024-10-21T12:51:55.283068255Z,AAPL,0,0,0,0,0,0,0,0,0,0,0,0,0,0,0,0,0,0,0,0,0,0,0
2024-10-21T12:51:57.462291236Z,AAPL,0,0,0,20,1207,1,1000,505,10,224,15,0,0,0.040891433,2.467797996,0.002044572,2.044571662,1.032508689,0.020445717,0.457984052,0.030668575,-0.899194318,0
2024-10-21T12:52:00.737452427Z,AAPL,0,0,0,0,0,0,0,0,0,0,0,0,0,0,0,0,0,0,0,0,0,0,0
2024-10-21T12:52:06.174442902Z,AAPL,0,0,-200,-20,-1207,-1,-1000,-505,-10,-224,-15,0,-0.416666667,-0.041666667,-2.514583333,-0.002083333,-2.083333333,-1.052083333,-0.020833333,-0.466666667,-0.03125,0.942803319,0
2024-10-21T12:52:06.174456062Z,AAPL,0,0,200,20,1207,1,1000,505,10,224,15,0,0.408914332,0.040891433,2.467797996,0.002044572,2.044571662,1.032508689,0.020445717,0.457984052,0.030668575,-0.925261896,0
2024-10-21T12:52:06.229293947Z,AAPL,0,0,-200,0,0,0,0,0,0,0,0,0,-0.408914332,0,0,0,0,0,0,0,0,0.026067578,0
2024-10-21T12:52:14.295242257Z,AAPL,0,0,200,0,0,0,0,0,0,0,0,0,0.408914332,0,0,0,0,0,0,0,0,-0.026067578,0
2024-10-21T12:52:18.388695775Z,AAPL,1,1,10,200,20,1207,1,1000,505,10,224,0.002050441,0.020504408,0.410088169,0.041008817,2.4748821,0.002050441,2.050440845,1.035472627,0.020504408,0.459298749,-0.73864285,0
2024-10-21T12:52:18.388709390Z,AAPL,151,151,0,0,0,0,0,0,0,0,0,0.300318218,0,0,0,0,0,0,0,0,0,-0.005978956,0
2024-10-21T12:52:18.388762155Z,AAPL,0,0,127,100,400,1,100,500,105,63,60,0,0.259819967,0.204582651,0.818330606,0.002045827,0.204582651,1.022913257,0.214811784,0.12888707,0.122749591,-0.383644085,0
2024-10-21T12:52:18.392790223Z,AAPL,-1,-1,0,0,0,0,0,0,0,0,0,-0.002046245,0,0,0,0,0,0,0,0,0,4.07E-05,0
2024-10-21T12:52:18.392814699Z,AAPL,-151,-151,-10,-200,-20,-1207,-1,-1000,-505,-10,-224,-0.317827826,-0.0210482,-0.420964008,-0.042096401,-2.540517786,-0.00210482,-2.104820038,-1.062934119,-0.0210482,-0.471479688,0.764517845,0
2024-10-21T12:52:18.400304638Z,AAPL,-3,-3,0,0,0,0,0,0,0,0,0,-0.006310475,0,0,0,0,0,0,0,0,0,0.000125634,0
2024-10-21T12:52:18.400307812Z,AAPL,0,0,-127,-100,-400,-1,-100,-500,-105,-63,-60,0,-0.270212766,-0.212765957,-0.85106383,-0.00212766,-0.212765957,-1.063829787,-0.223404255,-0.134042553,-0.127659574,0.398989848,0
2024-10-21T12:52:18.400340559Z,AAPL,0,0,-200,-20,-1207,-1,-1000,-505,-10,-224,-15,0,-0.433933608,-0.043393361,-2.618789325,-0.002169668,-2.169668041,-1.095682361,-0.02169668,-0.486005641,-0.032545021,0.981873711,0
2024-10-21T12:52:18.404398863Z,AAPL,3,3,0,0,0,0,0,0,0,0,0,0.006513244,0,0,0,0,0,0,0,0,0,-0.00012967,0
2024-10-21T12:52:18.404415227Z,AAPL,0,0,127,100,400,1,100,500,105,63,60,0,0.272532189,0.214592275,0.858369099,0.002145923,0.214592275,1.072961373,0.225321888,0.135193133,0.128755365,-0.402414654,0
2024-10-21T12:52:18.467409967Z,AAPL,0,0,0,0,400,1,1000,505,10,224,15,0,0,0,0.807917592,0.002019794,2.019793981,1.01999596,0.02019794,0.452433852,0.03029691,-0.573189702,0
2024-10-21T12:52:18.495352048Z,AAPL,0,0,-127,-100,-400,-1,-100,-500,-105,-63,-60,0,-0.249459831,-0.196425064,-0.785700255,-0.001964251,-0.196425064,-0.982125319,-0.206246317,-0.12374779,-0.117855038,0.36834655,0
2024-10-21T12:52:18.604719011Z,AAPL,0,0,0,0,200,0,0,0,0,0,0,0,0,0,0.408914332,0,0,0,0,0,0,-0.077988101,0
2024-10-21T12:52:18.625710857Z,AAPL,0,0,0,200,-200,-1,-1000,-505,-10,-224,-15,0,0,0.4,-0.4,-0.002,-2,-1.01,-0.02,-0.448,-0.03,0.449309296,0
2024-10-21T12:52:20.518048065Z,AAPL,0,0,127,100,400,1,100,500,105,63,60,0,0.261316872,0.205761317,0.823045267,0.002057613,0.205761317,1.028806584,0.216049383,0.12962963,0.12345679,-0.38585438,0
2024-10-21T12:52:20.518059899Z,AAPL,0,0,-200,0,0,0,0,0,0,0,0,0,-0.395256917,0,0,0,0,0,0,0,0,0.025196941,0
2024-10-21T12:52:20.587720643Z,AAPL,0,0,-327,-100,-400,-1,-100,-500,-105,-63,-60,0,-0.654,-0.2,-0.8,-0.002,-0.2,-1,-0.21,-0.126,-0.12,0.400549762,0
2024-10-21T12:52:20.892880686Z,AAPL,-103,-103,-200,-127,-100,-400,-1,-100,-500,-105,-63,-0.208459826,-0.404776361,-0.257032989,-0.202388181,-0.809552722,-0.002023882,-0.202388181,-1.011940903,-0.21250759,-0.127504554,0.337831515,0
2024-10-21T12:52:21.097180887Z,AAPL,0,0,0,-200,0,0,0,0,0,0,0,0,0,-0.404776361,0,0,0,0,0,0,0,0.042476408,0
2024-10-21T12:52:21.275458364Z,AAPL,0,0,0,200,1207,1,1000,505,10,224,15,0,0,0.413907285,2.497930464,0.002069536,2.069536424,1.045115894,0.020695364,0.463576159,0.031043046,-0.949264849,0
2024-10-21T12:52:21.522172957Z,AAPL,0,0,200,20,0,0,0,0,0,0,0,0,0.413907285,0.041390728,0,0,0,0,0,0,0,-0.030729329,0
2024-10-21T12:52:28.443782882Z,AAPL,-4,-4,-103,-200,-127,-100,-400,-1,-100,-500,-105,-0.00845666,-0.217758985,-0.422832981,-0.268498943,-0.21141649,-0.845665962,-0.002114165,-0.21141649,-1.057082452,-0.221987315,0.361278103,0
2024-10-21T12:52:28.443920856Z,AAPL,-12,-12,0,0,0,0,0,0,0,0,0,-0.025305778,0,0,0,0,0,0,0,0,0,0.000503806,0
2024-10-21T12:52:28.444671301Z,AAPL,-15,-15,-4,-103,-200,-127,-100,-400,-1,-100,-500,-0.035302424,-0.00941398,-0.242409979,-0.470698988,-0.298893857,-0.235349494,-0.941397976,-0.002353495,-0.235349494,-1.17674747,0.413434948,0
2024-10-21T12:52:28.445030581Z,AAPL,-28,-28,0,0,0,0,0,0,0,0,0,-0.065466448,0,0,0,0,0,0,0,0,0,0.001303354,0
2024-10-21T12:52:28.447890721Z,AAPL,0,0,3,0,0,0,0,0,0,0,0,0,0.007019186,0,0,0,0,0,0,0,0,-0.000447461,0
2024-10-21T12:52:28.568234235Z,AAPL,0,0,0,0,0,0,0,0,20,0,0,0,0,0,0,0,0,0,0.046576619,0,0,-0.004190559,0
2024-10-21T12:52:29.704321659Z,AAPL,0,0,0,0,0,-200,0,0,0,0,0,0,0,0,0,-0.465766185,0,0,0,0,0,0.05735104,0
2024-10-21T12:52:32.192854637Z,AAPL,7,7,0,0,0,0,0,0,0,0,0,0.016328435,0,0,0,0,0,0,0,0,0,-0.000325078,0
2024-10-21T12:52:32.193931288Z,AAPL,0,0,-200,-20,-1207,-1,-1000,-505,-30,-224,-15,0,-0.476644423,-0.047664442,-2.876549094,-0.002383222,-2.383222116,-1.203527169,-0.071496663,-0.533841754,-0.035748332,1.082805099,0
2024-10-21T12:52:32.193964031Z,AAPL,0,0,0,-13,0,0,0,0,0,0,0,0,0,-0.030886196,0,0,0,0,0,0,0,0.003241135,0
2024-10-21T12:52:32.194704016Z,AAPL,0,0,0,0,0,-1000,-505,-30,-224,-15,-109,0,0,0,0,-3.106554831,-1.568810189,-0.093196645,-0.695868282,-0.046598322,-0.338614477,0.687393922,0
2024-10-21T12:52:32.198058929Z,AAPL,0,0,0,13,0,0,0,0,0,0,0,0,0,0.040548971,0,0,0,0,0,0,0,-0.004255126,0
2024-10-21T12:52:32.230152472Z,AAPL,0,0,0,0,0,1000,505,30,224,15,109,0,0,0,0,2.383222116,1.203527169,0.071496663,0.533841754,0.035748332,0.259771211,-0.527340571,0
2024-10-21T12:52:32.272738336Z,AAPL,0,0,0,200,1207,1,1000,505,30,224,15,0,0,0.466526709,2.815488687,0.002332634,2.332633543,1.177979939,0.069979006,0.522509914,0.034989503,-1.074140893,0
2024-10-21T12:52:32.272847198Z,AAPL,0,0,0,0,0,-200,0,0,0,0,0,0,0,0,0,-0.445732115,0,0,0,0,0,0.054884191,0
2024-10-21T12:52:32.300899398Z,AAPL,0,0,0,200,0,0,0,0,0,0,0,0,0,0.426712183,0,0,0,0,0,0,0,-0.044778308,0
2024-10-21T12:52:32.328927814Z,AAPL,0,0,0,0,0,200,0,0,0,0,0,0,0,0,0,0.445732115,0,0,0,0,0,-0.054884191,0
2024-10-21T12:52:32.328940616Z,AAPL,0,0,0,-200,0,127,100,400,1,100,500,0,0,-0.401042711,0,0.254662122,0.200521356,0.802085422,0.002005214,0.200521356,1.002606778,-0.210897737,0
2024-10-21T12:52:40.109749794Z,AAPL,0,0,0,-200,0,0,0,0,0,0,0,0,0,-0.417798203,0,0,0,0,0,0,0,0.043842893,0
2024-10-21T12:52:40.895621746Z,AAPL,0,0,0,200,0,0,0,0,0,0,0,0,0,0.401042711,0,0,0,0,0,0,0,-0.042084606,0
2024-10-21T12:52:52.427835018Z,AAPL,-28,-28,-12,-204,-103,-127,-100,-400,-1,-100,-500,-0.062180768,-0.026648901,-0.453031312,-0.228736398,-0.282034199,-0.222074173,-0.888296691,-0.002220742,-0.222074173,-1.110370864,0.374275401,0
2024-10-21T12:52:52.427874272Z,AAPL,0,0,0,0,0,127,100,400,1,100,500,0,0,0,0,0.259183673,0.204081633,0.816326531,0.002040816,0.204081633,1.020408163,-0.257474071,0
2024-10-21T12:52:52.428191381Z,AAPL,0,0,0,0,4,0,0,0,0,0,0,0,0,0,0.008169935,0,0,0,0,0,0,-0.001558169,0
2024-10-21T12:52:52.428267507Z,AAPL,0,0,0,200,127,100,400,1,100,500,105,0,0,0.40088194,0.254560032,0.20044097,0.801763881,0.00200441,0.20044097,1.002204851,0.210463019,-0.329201918,0
2024-10-21T12:52:54.135441488Z,AAPL,0,0,0,0,0,0,0,0,0,0,0,0,0,0,0,0,0,0,0,0,0,0,28
2024-10-21T12:52:54.135441488Z,AAPL,28,28,200,127,100,400,1,100,500,105,63,0.055599682,0.397140588,0.252184273,0.198570294,0.794281176,0.001985703,0.198570294,0.992851469,0.208498809,0.125099285,-0.328493639,0
2024-10-21T12:52:54.135462788Z,AAPL,100,100,10,20,400,1207,1,1000,505,30,224,0.19527436,0.019527436,0.039054872,0.781097442,2.356961531,0.001952744,1.952743605,0.98613552,0.058582308,0.437414567,-0.814907341,0
2024-10-21T12:52:54.135464840Z,AAPL,6,6,100,10,20,400,1207,1,1000,505,30,0.012237406,0.203956761,0.020395676,0.040791352,0.815827045,2.461758107,0.002039568,2.039567612,1.029981644,0.061187028,-0.703470399,0
2024-10-21T12:52:54.135475842Z,AAPL,0,0,-100,-10,-20,-400,-1207,-1,-1000,-505,-30,0,-0.198925801,-0.01989258,-0.03978516,-0.795703203,-2.401034414,-0.001989258,-1.989258007,-1.004575293,-0.05967774,0.685880414,0
2024-10-21T12:52:54.135490428Z,AAPL,0,0,11,10,20,400,1207,1,1000,505,30,0,0.022850021,0.020772746,0.041545492,0.830909846,2.507270461,0.002077275,2.077274616,1.049023681,0.062318238,-0.704442229,0
2024-10-21T12:52:54.135504193Z,AAPL,0,0,127,100,400,1,100,500,105,63,60,0,0.271715875,0.213949508,0.855798032,0.002139495,0.213949508,1.06974754,0.224646983,0.13478819,0.128369705,-0.401209304,0
2024-10-21T12:52:54.156001750Z,AAPL,0,0,-127,-100,-400,-1,-100,-500,-105,-63,-60,0,-0.263813876,-0.207727462,-0.830909846,-0.002077275,-0.207727462,-1.038637308,-0.218113835,-0.130868301,-0.124636477,0.389541397,0
2024-10-21T12:52:54.235547055Z,AAPL,-6,-6,-11,-10,-20,-400,-1207,-1,-1000,-505,-30,-0.011923688,-0.021860095,-0.019872814,-0.039745628,-0.79491256,-2.398648649,-0.001987281,-1.987281399,-1.003577107,-0.059618442,0.674161251,0
2024-10-21T12:52:54.235576841Z,AAPL,-11,-11,-10,-20,-400,-1207,-1,-1000,-505,-30,-224,-0.021842732,-0.019857029,-0.039714059,-0.794281176,-2.396743447,-0.001985703,-1.985702939,-1.002779984,-0.059571088,-0.444797458,0.825143312,0
2024-10-21T12:52:57.365726586Z,AAPL,0,0,0,0,0,0,0,0,0,0,0,0,0,0,0,0,0,0,0,0,0,0,200
2024-10-21T12:52:57.365726586Z,AAPL,200,200,127,100,400,1,100,500,105,63,60,0.394632991,0.250591949,0.197316496,0.789265983,0.001973165,0.197316496,0.986582478,0.20718232,0.124309392,0.118389897,-0.377874853,0
2024-10-21T12:52:57.365728013Z,AAPL,13,13,10,20,400,1207,1,1000,505,30,224,0.025661271,0.019739439,0.039478879,0.789577576,2.382550336,0.001973944,1.97394394,0.99684169,0.059218318,0.442163443,-0.82033555,0
2024-10-21T12:52:57.365747718Z,AAPL,0,0,100,10,20,400,1207,1,1000,505,30,0,0.202347228,0.020234723,0.040469446,0.809388911,2.44233104,0.002023472,2.023472278,1.021853501,0.060704168,-0.697677224,0
2024-10-21T12:52:57.365754933Z,AAPL,0,0,24,100,10,20,400,1207,1,1000,505,0,0.048622366,0.202593193,0.020259319,0.040518639,0.810372771,2.445299838,0.002025932,2.025931929,1.023095624,-0.672032165,0
2024-10-21T12:52:57.365762251Z,AAPL,0,0,11,0,0,0,0,0,0,0,0,0,0.022235698,0,0,0,0,0,0,0,0,-0.001417487,0
2024-10-21T12:52:57.365775239Z,AAPL,0,0,0,11,0,0,0,0,0,0,0,0,0,0.022186365,0,0,0,0,0,0,0,-0.002328192,0
2024-10-21T12:52:57.365803525Z,AAPL,0,0,0,-100,0,0,0,0,0,0,0,0,0,-0.205846027,0,0,0,0,0,0,0,0.021601063,0
2024-10-21T12:52:57.366029914Z,AAPL,0,0,100,0,0,0,0,0,0,0,0,0,0.201694232,0,0,0,0,0,0,0,0,-0.012857657,0
2024-10-21T12:52:57.366051623Z,AAPL,127,127,100,400,1,100,500,105,63,60,1,0.266862786,0.210128178,0.840512713,0.002101282,0.210128178,1.050640891,0.220634587,0.132380752,0.126076907,0.002101282,-0.315016637,0
2024-10-21T12:52:57.366331535Z,AAPL,0,0,-100,0,0,0,0,0,0,0,0,0,-0.214638334,0,0,0,0,0,0,0,0,0.013682821,0
2024-10-21T12:52:57.369838111Z,AAPL,-13,-13,-35,-11,-10,-20,-400,-1207,-1,-1000,-505,-0.02780154,-0.074850299,-0.02352438,-0.0213858,-0.0427716,-0.855431993,-2.581266039,-0.00213858,-2.138579983,-1.079982891,0.691479132,0
2024-10-21T12:52:57.369858806Z,AAPL,-24,-24,0,0,0,0,0,0,0,0,0,-0.051590714,0,0,0,0,0,0,0,0,0,0.001027106,0
2024-10-21T12:52:57.436165494Z,AAPL,-200,-200,0,0,0,0,0,0,0,0,0,-0.412201154,0,0,0,0,0,0,0,0,0,0.008206403,0
2024-10-21T12:52:57.442081954Z,AAPL,-200,-200,0,0,0,0,0,0,0,0,0,-0.395882819,0,0,0,0,0,0,0,0,0,0.007881526,0
2024-10-21T12:52:57.473399287Z,AAPL,0,0,-11,-10,-20,-400,-1207,-1,-1000,-505,-30,0,-0.020892688,-0.018993352,-0.037986705,-0.759734093,-2.292497626,-0.001899335,-1.899335233,-0.959164292,-0.056980057,0.644099694,0
2024-10-21T12:52:57.623765735Z,AAPL,-11,-11,-10,-20,-400,-1207,-1,-1000,-505,-30,-224,-0.020876827,-0.018978933,-0.037957867,-0.759157335,-2.290757259,-0.001897893,-1.897893338,-0.958436136,-0.0569368,-0.425128108,0.78865472,0
2024-10-21T12:52:59.389259843Z,AAPL,200,200,0,0,0,0,0,0,0,0,0,0.394555139,0,0,0,0,0,0,0,0,0,-0.007855093,0
2024-10-21T12:52:59.389271786Z,AAPL,-327,-327,-100,-400,-1,-100,-500,-105,-63,-60,-1,-0.620728929,-0.189825361,-0.759301443,-0.001898254,-0.189825361,-0.949126803,-0.199316629,-0.119589977,-0.113895216,-0.001898254,0.292137746,0
2024-10-21T12:53:00.698553118Z,AAPL,0,0,0,-100,-400,-1,-100,-500,-105,-63,-60,0,0,-0.19193858,-0.767754319,-0.001919386,-0.19193858,-0.959692898,-0.201535509,-0.120921305,-0.115163148,0.344393857,0
2024-10-21T12:53:02.267851771Z,AAPL,-400,-400,0,0,0,0,0,0,0,0,0,-0.767754319,0,0,0,0,0,0,0,0,0,0.015285017,0
2024-10-21T12:53:11.670955032Z,AAPL,127,127,2,100,400,1,100,500,105,63,60,0.260780287,0.004106776,0.205338809,0.821355236,0.002053388,0.205338809,1.026694045,0.215605749,0.12936345,0.123203285,-0.373891387,0
2024-10-21T12:53:11.670966379Z,AAPL,-400,-400,0,0,0,0,0,0,0,0,0,-0.759013283,0,0,0,0,0,0,0,0,0,0.015110994,0
2024-10-21T12:53:11.727234767Z,AAPL,-527,-527,-2,-100,-400,-1,-100,-500,-105,-63,-60,-1.011516315,-0.003838772,-0.19193858,-0.767754319,-0.001919386,-0.19193858,-0.959692898,-0.201535509,-0.120921305,-0.115163148,0.364776582,0
2024-10-21T12:53:26.529763238Z,AAPL,-400,-400,-127,-2,-100,-400,-1,-100,-500,-105,-63,-0.762485703,-0.242089211,-0.003812429,-0.190621426,-0.762485703,-0.001906214,-0.190621426,-0.953107129,-0.200152497,-0.120091498,0.295586308,0
2024-10-21T12:53:28.427368134Z,AAPL,0,0,-400,0,0,0,0,0,0,0,0,0,-0.792707095,0,0,0,0,0,0,0,0,0.050533699,0
2024-10-21T12:53:35.578849770Z,AAPL,0,0,127,2,100,400,1,100,500,105,63,0,0.258708495,0.00407415,0.203707476,0.814829904,0.002037075,0.203707476,1.01853738,0.21389285,0.12833571,-0.299655904,0
2024-10-21T12:53:35.578862371Z,AAPL,0,0,-200,0,0,0,0,0,0,0,0,0,-0.39146604,0,0,0,0,0,0,0,0,0.024955279,0
2024-10-21T12:53:35.589718097Z,AAPL,0,0,-200,0,0,0,0,0,0,0,0,0,-0.376718779,0,0,0,0,0,0,0,0,0.024015167,0
2024-10-21T12:53:35.644427153Z,AAPL,0,0,200,0,0,0,0,0,0,0,0,0,0.39146604,0,0,0,0,0,0,0,0,-0.024955279,0
2024-10-21T12:53:35.644439352Z,AAPL,0,0,-327,-2,-100,-400,-1,-100,-500,-105,-63,0,-0.64803805,-0.003963535,-0.198176774,-0.792707095,-0.001981768,-0.198176774,-0.990883868,-0.208085612,-0.124851367,0.31678703,0
2024-10-21T12:53:38.058449683Z,AAPL,0,0,0,-200,0,0,0,0,0,0,0,0,0,-0.412711515,0,0,0,0,0,0,0,0.043309107,0
2024-10-21T12:53:38.058462269Z,AAPL,0,0,0,400,0,0,0,0,0,0,0,0,0,0.792707095,0,0,0,0,0,0,0,-0.08318507,0
2024-10-21T12:53:42.548560344Z,AAPL,0,0,0,-200,0,0,0,0,0,0,0,0,0,-0.412711515,0,0,0,0,0,0,0,0.043309107,0
2024-10-21T12:53:43.243634699Z,AAPL,-99,-99,-200,-127,-2,-100,-400,-1,-100,-500,-105,-0.20846494,-0.421141293,-0.267424721,-0.004211413,-0.210570646,-0.842282586,-0.002105706,-0.210570646,-1.052853232,-0.221099179,0.310505359,0
2024-10-21T12:53:58.645821004Z,AAPL,0,0,0,-200,-1207,-1,-1000,-505,-30,-224,-15,0,0,-0.429368828,-2.591240876,-0.002146844,-2.146844139,-1.08415629,-0.064405324,-0.480893087,-0.032202662,0.988587808,0
2024-10-21T12:53:58.645833598Z,AAPL,0,0,0,200,1207,1,1000,505,30,224,15,0,0,0.421141293,2.541587703,0.002105706,2.105706465,1.063381765,0.063171194,0.471678248,0.031585597,-0.969644559,0
2024-10-21T12:53:58.694382577Z,AAPL,0,0,0,200,0,0,0,0,0,0,0,0,0,0.404122045,0,0,0,0,0,0,0,-0.042407745,0
2024-10-21T12:54:00.371901518Z,AAPL,0,0,0,-200,0,0,0,0,0,0,0,0,0,-0.421141293,0,0,0,0,0,0,0,0.04419371,0
2024-10-21T12:54:00.439608110Z,AAPL,0,0,0,0,0,100,400,1,100,500,105,0,0,0,0,0.206100577,0.824402308,0.002061006,0.206100577,1.030502885,0.216405606,-0.245321139,0
2024-10-21T12:54:01.412078010Z,AAPL,0,0,0,-200,-1207,-1,-1000,-505,-30,-224,-15,0,0,-0.420079815,-2.535181685,-0.002100399,-2.100399076,-1.060701533,-0.063011972,-0.470489393,-0.031505986,0.96720059,0
2024-10-21T12:54:01.412090878Z,AAPL,0,0,0,200,0,0,0,0,0,0,0,0,0,0.403144527,0,0,0,0,0,0,0,-0.042305167,0
2024-10-21T12:54:01.412103389Z,AAPL,0,0,0,-200,0,0,0,0,0,0,0,0,0,-0.387521798,0,0,0,0,0,0,0,0.040665749,0
2024-10-21T12:54:01.467751209Z,AAPL,0,0,0,200,0,0,0,0,0,0,0,0,0,0.403144527,0,0,0,0,0,0,0,-0.042305167,0
2024-10-21T12:54:01.467763122Z,AAPL,0,0,0,-200,0,0,0,0,0,0,0,0,0,-0.403144527,0,0,0,0,0,0,0,0.042305167,0
2024-10-21T12:54:01.474174096Z,AAPL,0,0,0,200,0,0,0,0,0,0,0,0,0,0.387521798,0,0,0,0,0,0,0,-0.040665749,0
2024-10-21T12:54:01.525937445Z,AAPL,0,0,0,-200,0,0,0,0,0,0,0,0,0,-0.403144527,0,0,0,0,0,0,0,0.042305167,0
2024-10-21T12:54:01.525951049Z,AAPL,0,0,0,400,1207,1,1000,505,30,224,15,0,0,0.791765637,2.389152811,0.001979414,1.979414093,0.999604117,0.059382423,0.443388757,0.029691211,-0.953032055,0
2024-10-21T12:54:05.277851281Z,AAPL,1,1,0,0,0,0,0,0,0,0,0,0.001979022,0,0,0,0,0,0,0,0,0,-3.94E-05,0
2024-10-21T12:54:15.649008030Z,AAPL,0,0,-99,-200,-127,-100,-400,-1,-100,-500,-105,0,-0.200040412,-0.404122045,-0.256617498,-0.202061022,-0.80824409,-0.00202061,-0.202061022,-1.010305112,-0.212164074,0.344614902,0
2024-10-21T12:54:15.653103106Z,AAPL,0,0,99,200,127,100,400,1,100,500,105,0,0.195923214,0.395804473,0.25133584,0.197902236,0.791608945,0.001979022,0.197902236,0.989511181,0.207797348,-0.337522096,0
2024-10-21T12:54:23.663963755Z,AAPL,0,0,0,0,0,0,0,0,0,0,0,0,0,0,0,0,0,0,0,0,0,0,99
2024-10-21T12:54:23.663963755Z,AAPL,99,99,200,127,100,400,1,100,500,105,63,0.193813626,0.391542678,0.248629601,0.195771339,0.783085356,0.001957713,0.195771339,0.978856695,0.205559906,0.123335944,-0.326630612,0
2024-10-21T12:54:23.663985900Z,AAPL,100,100,11,20,400,1207,1,1000,505,30,224,0.192566917,0.021182361,0.038513383,0.770267668,2.324282688,0.001925669,1.92566917,0.972462931,0.057770075,0.431349894,-0.803731557,0
2024-10-21T12:54:23.663993545Z,AAPL,24,24,100,11,20,400,1207,1,1000,505,30,0.048067294,0.200280393,0.022030843,0.040056079,0.80112157,2.417384338,0.002002804,2.002803925,1.011415982,0.060084118,-0.691718069,0
2024-10-21T12:54:23.664013091Z,AAPL,11,11,-100,-11,-20,-400,-1207,-1,-1000,-505,-30,0.021450858,-0.1950078,-0.021450858,-0.03900156,-0.780031201,-2.35374415,-0.001950078,-1.950078003,-0.984789392,-0.05850234,0.672149037,0
2024-10-21T12:54:23.664029700Z,AAPL,0,0,11,11,20,400,1207,1,1000,505,30,0,0.022380468,0.022380468,0.04069176,0.813835198,2.455747711,0.002034588,2.034587996,1.027466938,0.06103764,-0.690179912,0
2024-10-21T12:54:23.664035920Z,AAPL,0,0,127,100,400,1,100,500,105,63,60,0,0.265968586,0.209424084,0.837696335,0.002094241,0.209424084,1.047120419,0.219895288,0.131937173,0.12565445,-0.392722992,0
2024-10-21T12:54:23.664298891Z,AAPL,5,5,35,11,11,20,400,1207,1,1000,505,0.010526316,0.073684211,0.023157895,0.023157895,0.042105263,0.842105263,2.541052632,0.002105263,2.105263158,1.063157895,-0.680772825,0
2024-10-21T12:54:23.664623467Z,AAPL,100,100,0,0,0,0,0,0,0,0,0,0.206185567,0,0,0,0,0,0,0,0,0,-0.004104894,0
2024-10-21T12:54:23.664895724Z,AAPL,-100,-100,0,0,0,0,0,0,0,0,0,-0.210526316,0,0,0,0,0,0,0,0,0,0.004191313,0
2024-10-21T12:54:23.668403631Z,AAPL,-5,-5,-35,-11,-11,-20,-400,-1207,-1,-1000,-505,-0.010471204,-0.073298429,-0.023036649,-0.023036649,-0.041884817,-0.837696335,-2.527748691,-0.002094241,-2.094240838,-1.057591623,0.677208569,0
2024-10-21T12:54:23.668424256Z,AAPL,-24,-24,0,0,0,0,0,0,0,0,0,-0.050515681,0,0,0,0,0,0,0,0,0,0.001005703,0
2024-10-21T12:54:23.764410397Z,AAPL,0,0,-11,-11,-20,-400,-1207,-1,-1000,-505,-30,0,-0.022159549,-0.022159549,-0.040290089,-0.805801773,-2.431506849,-0.002014504,-2.014504432,-1.017324738,-0.060435133,0.683367097,0
2024-10-21T12:54:23.774388827Z,AAPL,0,0,-127,-100,-400,-1,-100,-500,-105,-63,-60,0,-0.248824451,-0.195924765,-0.78369906,-0.001959248,-0.195924765,-0.979623824,-0.205721003,-0.123432602,-0.117554859,0.367408363,0
2024-10-21T12:54:23.920194306Z,AAPL,-11,-11,-11,-20,-400,-1207,-1,-1000,-505,-30,-224,-0.021534847,-0.021534847,-0.039154268,-0.783085356,-2.362960063,-0.001957713,-1.957713391,-0.988645262,-0.058731402,-0.4385278,0.813637275,0
2024-10-21T12:54:28.518577763Z,AAPL,0,0,-200,0,0,0,0,0,0,0,0,0,-0.376789751,0,0,0,0,0,0,0,0,0.024019692,0
2024-10-21T12:54:28.575646585Z,AAPL,0,0,200,0,0,0,0,0,0,0,0,0,0.391542678,0,0,0,0,0,0,0,0,-0.024960165,0
2024-10-21T12:54:28.575658039Z,AAPL,0,0,-200,0,0,0,0,0,0,0,0,0,-0.391542678,0,0,0,0,0,0,0,0,0.024960165,0
2024-10-21T12:54:33.076706602Z,AAPL,11,11,11,20,400,1207,1,1000,505,30,224,0.021551724,0.021551724,0.039184953,0.78369906,2.364811912,0.001959248,1.959247649,0.989420063,0.058777429,0.438871473,-0.814274922,0
2024-10-21T12:54:33.076763116Z,AAPL,-99,-99,-200,-127,-100,-400,-1,-100,-500,-105,-63,-0.193699863,-0.391312855,-0.248483663,-0.195656427,-0.782625709,-0.001956564,-0.195656427,-0.978282137,-0.205439249,-0.123263549,0.32643889,0
2024-10-21T12:54:41.332659042Z,AAPL,-1,-1,0,0,0,0,0,0,0,0,0,-0.001956182,0,0,0,0,0,0,0,0,0,3.89E-05,0
2024-10-21T12:54:41.336753223Z,AAPL,1,1,0,0,0,0,0,0,0,0,0,0.001956564,0,0,0,0,0,0,0,0,0,-3.90E-05,0
2024-10-21T12:54:41.347283222Z,AAPL,-70,-70,-99,-200,-127,-100,-400,-1,-100,-500,-105,-0.137958218,-0.195112337,-0.394166338,-0.250295625,-0.197083169,-0.788332676,-0.001970832,-0.197083169,-0.985415845,-0.206937328,0.338871751,0
2024-10-21T12:54:41.764117824Z,AAPL,0,0,0,0,127,100,400,1,100,500,105,0,0,0,0.255071299,0.200843543,0.803374172,0.002008435,0.200843543,1.004217714,0.21088572,-0.287710874,0
2024-10-21T12:54:41.769791072Z,AAPL,-25,-25,0,0,0,0,0,0,0,0,0,-0.049960032,0,0,0,0,0,0,0,0,0,0.000994641,0
2024-10-21T12:54:41.819429794Z,AAPL,0,0,0,200,20,0,0,0,0,0,0,0,0,0.416319734,0.041631973,0,0,0,0,0,0,-0.051627792,0
2024-10-21T12:54:41.838180708Z,AAPL,0,0,0,0,-127,-100,-400,-1,-100,-500,-105,0,0,0,-0.249068445,-0.196116886,-0.784467543,-0.001961169,-0.196116886,-0.980584428,-0.20592273,0.280939878,0
2024-10-21T12:54:42.700598912Z,AAPL,0,0,-200,0,127,100,400,1,100,500,105,0,-0.399680256,0,0.253796962,0.199840128,0.799360512,0.001998401,0.199840128,0.999200639,0.209832134,-0.260794548,0
2024-10-21T12:54:55.278148479Z,AAPL,0,0,4,11,200,20,1207,1,1000,505,30,0,0.008361204,0.022993311,0.418060201,0.04180602,2.522993311,0.002090301,2.090301003,1.055602007,0.06270903,-0.682099397,0
2024-10-21T12:54:55.278155149Z,AAPL,0,0,0,100,11,200,20,1207,1,1000,505,0,0,0.206015657,0.022661722,0.412031314,0.041203131,2.486608982,0.002060157,2.060156572,1.040379069,-0.626874879,0
2024-10-21T12:54:55.278183622Z,AAPL,0,0,200,0,0,0,0,0,0,0,0,0,0.42973786,0,0,0,0,0,0,0,0,-0.027395041,0
2024-10-21T12:54:55.278306742Z,AAPL,68,68,0,0,0,0,0,0,0,0,0,0.148277366,0,0,0,0,0,0,0,0,0,-0.002952015,0
2024-10-21T12:54:55.278317125Z,AAPL,0,0,99,127,100,400,1,100,500,105,63,0,0.216204411,0.277353134,0.218388294,0.873553178,0.002183883,0.218388294,1.091941472,0.229307709,0.137584625,-0.345999951,0
2024-10-21T12:54:55.278329008Z,AAPL,0,0,127,100,400,1,100,500,105,63,60,0,0.279735683,0.220264317,0.881057269,0.002202643,0.220264317,1.101321586,0.231277533,0.13876652,0.13215859,-0.413051165,0
2024-10-21T12:54:55.278547157Z,AAPL,0,0,0,-100,-11,-200,-20,-1207,-1,-1000,-505,0,0,-0.223713647,-0.024608501,-0.447427293,-0.044742729,-2.700223714,-0.002237136,-2.237136465,-1.129753915,0.680727218,0
2024-10-21T12:54:55.282480083Z,AAPL,127,127,100,400,1,100,500,105,63,60,1,0.285650022,0.224921278,0.89968511,0.002249213,0.224921278,1.124606388,0.236167341,0.141700405,0.134952767,0.002249213,-0.337193921,0
2024-10-21T12:54:55.293445838Z,AAPL,0,0,-4,-11,-200,-20,-1207,-1,-1000,-505,-30,0,-0.008572653,-0.023574796,-0.428632662,-0.042863266,-2.586798114,-0.002143163,-2.143163309,-1.082297471,-0.064294899,0.699349232,0
2024-10-21T12:54:55.293461222Z,AAPL,-127,-127,-100,-400,-1,-100,-500,-105,-63,-60,-1,-0.266526758,-0.209863589,-0.839454355,-0.002098636,-0.209863589,-1.049317943,-0.220356768,-0.132214061,-0.125918153,-0.002098636,0.314619974,0
2024-10-21T12:54:55.293478028Z,AAPL,0,0,0,-200,-20,-1207,-1,-1000,-505,-30,-224,0,0,-0.436681223,-0.043668122,-2.635371179,-0.002183406,-2.183406114,-1.102620087,-0.065502183,-0.489082969,0.788430054,0
2024-10-21T12:54:55.293821520Z,AAPL,127,127,100,400,1,100,500,105,63,60,1,0.28341888,0.223164472,0.892657889,0.002231645,0.223164472,1.115822361,0.234322696,0.140593617,0.133898683,0.002231645,-0.334560182,0
2024-10-21T12:54:55.347519532Z,AAPL,-127,-127,-100,-400,-1,-100,-500,-105,-63,-60,-1,-0.260245902,-0.204918033,-0.819672131,-0.00204918,-0.204918033,-1.024590164,-0.215163934,-0.129098361,-0.12295082,-0.00204918,0.307205773,0
2024-10-21T12:54:55.376645110Z,AAPL,0,0,0,200,20,1207,1,1000,505,30,224,0,0,0.394866732,0.039486673,2.383020731,0.001974334,1.974333662,0.9970385,0.05923001,0.44225074,-0.71293379,0
2024-10-21T12:54:57.286006414Z,AAPL,-400,-400,-127,-100,-400,-1,-100,-500,-105,-63,-60,-0.795228628,-0.252485089,-0.198807157,-0.795228628,-0.001988072,-0.198807157,-0.994035785,-0.208747515,-0.125248509,-0.119284294,0.388645571,0
2024-10-21T12:54:58.232213590Z,AAPL,0,0,0,200,0,0,0,0,0,0,0,0,0,0.382409178,0,0,0,0,0,0,0,-0.040129241,0
2024-10-21T12:54:58.287022773Z,AAPL,0,0,0,-200,0,0,0,0,0,0,0,0,0,-0.397614314,0,0,0,0,0,0,0,0.041724837,0
2024-10-21T12:54:58.287036014Z,AAPL,0,0,400,11,0,0,0,0,0,0,0,0,0.764818356,0.021032505,0,0,0,0,0,0,0,-0.050962949,0
2024-10-21T12:55:04.801390940Z,AAPL,0,0,-400,-11,-20,-1207,-1,-1000,-505,-30,-224,0,-0.825593395,-0.022703818,-0.04127967,-2.49122807,-0.002063983,-2.063983488,-1.042311662,-0.061919505,-0.462332301,0.757001019,0
2024-10-21T12:55:04.801403945Z,AAPL,0,0,0,200,20,1207,1,1000,505,30,224,0,0,0.397614314,0.039761431,2.399602386,0.001988072,1.988071571,1.003976143,0.059642147,0.445328032,-0.717894562,0
2024-10-21T12:55:05.846852917Z,AAPL,-400,-400,127,100,400,1,100,500,105,63,60,-0.785854617,0.249508841,0.196463654,0.785854617,0.001964637,0.196463654,0.982318271,0.206286837,0.123772102,0.117878193,-0.352773546,0
2024-10-21T12:55:07.137227591Z,AAPL,0,0,0,0,0,0,0,0,0,0,0,0,0,0,0,0,0,0,0,0,0,0,-11
2024-10-21T12:55:07.137227591Z,AAPL,-11,-11,-11,-200,-20,-1207,-1,-1000,-505,-30,-224,-0.021594032,-0.021594032,-0.392618767,-0.039261877,-2.36945426,-0.001963094,-1.963093836,-0.991362387,-0.058892815,-0.439733019,0.71068157,0
2024-10-21T12:55:07.137250126Z,AAPL,-425,-425,-127,-100,-400,-1,-100,-500,-105,-63,-60,-0.82781457,-0.247370471,-0.194779899,-0.779119595,-0.001947799,-0.194779899,-0.973899494,-0.204518894,-0.122711336,-0.116867939,0.381742191,0
2024-10-21T12:55:07.137254976Z,AAPL,-100,-100,-425,-127,-100,-400,-1,-100,-500,-105,-63,-0.196270854,-0.834151129,-0.249263984,-0.196270854,-0.785083415,-0.001962709,-0.196270854,-0.981354269,-0.206084396,-0.123650638,0.355654925,0
2024-10-21T12:55:07.137277247Z,AAPL,-11,-11,0,0,0,0,0,0,0,0,0,-0.021543282,0,0,0,0,0,0,0,0,0,0.000428899,0
2024-10-21T12:55:07.137292058Z,AAPL,0,0,0,-425,-127,-100,-400,-1,-100,-500,-105,0,0,-0.847964884,-0.25339186,-0.199521149,-0.798084597,-0.001995211,-0.199521149,-0.997605746,-0.209497207,0.374800238,0
2024-10-21T12:55:07.137297701Z,AAPL,0,0,-200,-20,-1207,-1,-1000,-505,-30,-224,-15,0,-0.406421459,-0.040642146,-2.452753505,-0.002032107,-2.032107295,-1.026214184,-0.060963219,-0.455192034,-0.030481609,0.923277828,0
2024-10-21T12:55:07.137299614Z,AAPL,0,0,11,425,127,100,400,1,100,500,105,0,0.022330491,0.862768981,0.257815672,0.203004466,0.812017864,0.002030045,0.203004466,1.01502233,0.213154689,-0.382767175,0
2024-10-21T12:55:07.208362599Z,AAPL,0,0,400,20,1207,1,1000,505,30,224,15,0,0.766724171,0.038336209,2.313590186,0.00191681,1.916810427,0.967989266,0.057504313,0.429365536,0.028752156,-0.895331937,0
2024-10-21T12:55:07.208409169Z,AAPL,0,0,-400,-20,-1207,-1,-1000,-505,-30,-224,-15,0,-0.812017864,-0.040600893,-2.450263906,-0.002030045,-2.030044661,-1.025172554,-0.06090134,-0.454730004,-0.03045067,0.948223044,0
2024-10-21T12:55:07.208422476Z,AAPL,0,0,200,0,0,0,0,0,0,0,0,0,0.390167772,0,0,0,0,0,0,0,0,-0.024872517,0
2024-10-21T12:55:07.237336751Z,AAPL,24,24,0,0,0,0,0,0,0,0,0,0.047040376,0,0,0,0,0,0,0,0,0,-0.000936514,0
2024-10-21T12:55:07.237363330Z,AAPL,0,0,425,127,100,400,1,100,500,105,63,0,0.824602251,0.246410555,0.194024059,0.776096236,0.001940241,0.194024059,0.970120295,0.203725262,0.122235157,-0.34772082,0
2024-10-21T12:55:07.393764372Z,AAPL,425,425,127,100,400,1,100,500,105,63,60,0.816836441,0.244089948,0.19219681,0.768787238,0.001921968,0.19219681,0.960984048,0.20180665,0.12108399,0.115318086,-0.376679686,0
2024-10-21T12:55:09.549131905Z,AAPL,-425,-425,-127,-100,-400,-1,-100,-500,-105,-63,-60,-0.826365934,-0.246937585,-0.194439043,-0.777756173,-0.00194439,-0.194439043,-0.972195217,-0.204160996,-0.122496597,-0.116663426,0.381074161,0
2024-10-21T12:55:12.192189397Z,AAPL,-400,-400,0,0,0,0,0,0,0,0,0,-0.777756173,0,0,0,0,0,0,0,0,0,0.015484141,0
2024-10-21T12:55:12.209405788Z,AAPL,0,0,-200,0,0,0,0,0,0,0,0,0,-0.404612583,0,0,0,0,0,0,0,0,0.025793349,0
2024-10-21T12:55:12.209418239Z,AAPL,0,0,0,200,1207,1,1000,505,30,224,15,0,0,0.397298371,2.397695669,0.001986492,1.986491855,1.003178387,0.059594756,0.444974176,0.029797378,-0.914748115,0
2024-10-21T12:55:12.300974358Z,AAPL,0,0,0,200,0,0,0,0,0,0,0,0,0,0.397298371,0,0,0,0,0,0,0,-0.041691683,0
2024-10-21T12:55:12.370199382Z,AAPL,0,0,200,-200,-1207,-1,-1000,-505,-30,-224,-15,0,0.388878087,-0.388878087,-2.346879253,-0.00194439,-1.944390434,-0.981917169,-0.058331713,-0.435543457,-0.029165857,0.870570773,0
2024-10-21T12:55:13.264764014Z,AAPL,0,0,200,20,1207,1,1000,505,30,224,15,0,0.397298371,0.039729837,2.397695669,0.001986492,1.986491855,1.003178387,0.059594756,0.444974176,0.029797378,-0.90255268,0
2024-10-21T12:55:15.334545441Z,AAPL,4,4,11,200,20,1207,1,1000,505,30,224,0.007963369,0.021899263,0.398168425,0.039816843,2.402946446,0.001990842,1.990842126,1.005375274,0.059725264,0.445948636,-0.720449593,0
2024-10-21T12:55:15.338653449Z,AAPL,-4,-4,-11,-200,-20,-1207,-1,-1000,-505,-30,-224,-0.007945967,-0.02185141,-0.397298371,-0.039729837,-2.397695669,-0.001986492,-1.986491855,-1.003178387,-0.059594756,-0.444974176,0.718875309,0
2024-10-21T12:55:15.998123326Z,AAPL,0,0,-200,-20,-1207,-1,-1000,-505,-30,-224,-15,0,-0.404612583,-0.040461258,-2.441836941,-0.002023063,-2.023062917,-1.021646773,-0.060691888,-0.453166093,-0.030345944,0.91916856,0
2024-10-21T12:55:15.998136786Z,AAPL,0,0,200,0,0,0,0,0,0,0,0,0,0.388878087,0,0,0,0,0,0,0,0,-0.024790302,0
2024-10-21T12:55:16.052529509Z,AAPL,-400,-400,0,0,0,0,0,0,0,0,0,-0.777756173,0,0,0,0,0,0,0,0,0,0.015484141,0
2024-10-21T12:55:17.765334567Z,AAPL,0,0,-200,0,0,0,0,0,0,0,0,0,-0.404612583,0,0,0,0,0,0,0,0,0.025793349,0
2024-10-21T12:55:17.765347989Z,AAPL,0,0,0,200,0,0,0,0,0,0,0,0,0,0.388878087,0,0,0,0,0,0,0,-0.040808075,0
2024-10-21T12:55:20.823373698Z,AAPL,0,0,200,20,1207,1,1000,505,30,224,15,0,0.397298371,0.039729837,2.397695669,0.001986492,1.986491855,1.003178387,0.059594756,0.444974176,0.029797378,-0.90255268,0
2024-10-21T12:55:22.580537870Z,AAPL,-400,-400,0,0,0,0,0,0,0,0,0,-0.794596742,0,0,0,0,0,0,0,0,0,0.015819415,0
2024-10-21T12:55:23.609032313Z,AAPL,0,0,-200,-20,-1207,-1,-1000,-505,-30,-224,-15,0,-0.404612583,-0.040461258,-2.441836941,-0.002023063,-2.023062917,-1.021646773,-0.060691888,-0.453166093,-0.030345944,0.91916856,0
2024-10-21T12:55:23.609045176Z,AAPL,0,0,200,20,1207,1,1000,505,30,224,15,0,0.397298371,0.039729837,2.397695669,0.001986492,1.986491855,1.003178387,0.059594756,0.444974176,0.029797378,-0.90255268,0
2024-10-21T12:55:23.680662027Z,AAPL,-400,-400,0,0,0,0,0,0,0,0,0,-0.794596742,0,0,0,0,0,0,0,0,0,0.015819415,0
2024-10-21T12:55:23.701596845Z,AAPL,200,200,0,0,0,0,0,0,0,0,0,0.413736036,0,0,0,0,0,0,0,0,0,-0.008236961,0
2024-10-21T12:55:23.701735603Z,AAPL,25,25,127,100,400,1,100,500,105,63,60,0.05325948,0.270558159,0.213037921,0.852151683,0.002130379,0.213037921,1.065189604,0.223689817,0.13421389,0.127822752,-0.400560177,0
2024-10-21T12:55:23.701747931Z,AAPL,0,0,-127,-100,-400,-1,-100,-500,-105,-63,-60,0,-0.262722383,-0.206868018,-0.827472073,-0.00206868,-0.206868018,-1.034340091,-0.217211419,-0.130326851,-0.124120811,0.387929724,0
2024-10-21T12:55:24.862826730Z,AAPL,0,0,200,0,0,0,0,0,0,0,0,0,0.413736036,0,0,0,0,0,0,0,0,-0.026374953,0
2024-10-21T12:55:26.706482748Z,AAPL,0,0,-200,0,0,0,0,0,0,0,0,0,-0.397298371,0,0,0,0,0,0,0,0,0.02532708,0
2024-10-21T12:55:37.151044095Z,AAPL,0,0,200,0,0,0,0,0,0,0,0,0,0.413736036,0,0,0,0,0,0,0,0,-0.026374953,0
2024-10-21T12:55:37.151054693Z,AAPL,0,0,127,100,400,1,100,500,105,63,60,0,0.270558159,0.213037921,0.852151683,0.002130379,0.213037921,1.065189604,0.223689817,0.13421389,0.127822752,-0.399499848,0
2024-10-21T12:55:37.151066136Z,AAPL,0,0,-200,0,0,0,0,0,0,0,0,0,-0.40866367,0,0,0,0,0,0,0,0,0.026051598,0
2024-10-21T12:55:42.999639664Z,AAPL,0,0,-200,-20,-1207,-1,-1000,-505,-30,-224,-15,0,-0.416406413,-0.041640641,-2.5130127,-0.002082032,-2.082032063,-1.051426192,-0.062460962,-0.466375182,-0.031230481,0.945960898,0
2024-10-21T12:55:42.999652165Z,AAPL,0,0,200,20,1207,1,1000,505,30,224,15,0,0.40866367,0.040866367,2.466285247,0.002043318,2.043318349,1.031875766,0.06129955,0.45770331,0.030649775,-0.928371515,0
2024-10-21T12:55:42.999664407Z,AAPL,0,0,-200,0,0,0,0,0,0,0,0,0,-0.392618767,0,0,0,0,0,0,0,0,0.025028764,0
2024-10-21T12:55:43.053918430Z,AAPL,0,0,200,0,0,0,0,0,0,0,0,0,0.40866367,0,0,0,0,0,0,0,0,-0.026051598,0
2024-10-21T12:55:43.053930632Z,AAPL,0,0,-327,-100,-400,-1,-100,-500,-105,-63,-60,0,-0.67645842,-0.206868018,-0.827472073,-0.00206868,-0.206868018,-1.034340091,-0.217211419,-0.130326851,-0.124120811,0.414304677,0
2024-10-21T12:55:44.065840207Z,AAPL,0,0,200,0,0,0,0,0,0,0,0,0,0.413736036,0,0,0,0,0,0,0,0,-0.026374953,0
2024-10-21T12:55:44.298847396Z,AAPL,0,0,-200,-20,-1207,-1,-1000,-505,-30,-224,-15,0,-0.421674046,-0.042167405,-2.544802867,-0.00210837,-2.10837023,-1.064726966,-0.063251107,-0.472274931,-0.031625553,0.957927513,0
2024-10-21T12:55:44.298860589Z,AAPL,0,0,200,20,1207,1,1000,505,30,224,15,0,0.413736036,0.041373604,2.49689698,0.00206868,2.068680182,1.044683492,0.062060405,0.463384361,0.031030203,-0.939894537,0
2024-10-21T12:55:49.600508142Z,AAPL,-25,-25,-200,-127,-100,-400,-1,-100,-500,-105,-63,-0.052356021,-0.418848168,-0.265968586,-0.209424084,-0.837696335,-0.002094241,-0.209424084,-1.047120419,-0.219895288,-0.131937173,0.346323917,0
2024-10-21T12:55:49.600561018Z,AAPL,0,0,-25,-200,-127,-100,-400,-1,-100,-500,-105,0,-0.052432886,-0.419463087,-0.26635906,-0.209731544,-0.838926174,-0.002097315,-0.209731544,-1.048657718,-0.220218121,0.347803154,0
2024-10-21T12:55:49.602960660Z,AAPL,0,0,0,200,127,100,400,1,100,500,105,0,0,0.412541254,0.261963696,0.206270627,0.825082508,0.002062706,0.206270627,1.031353135,0.216584158,-0.338776479,0
2024-10-21T12:55:51.620426502Z,AAPL,-25,-25,0,0,0,0,0,0,0,0,0,-0.051303099,0,0,0,0,0,0,0,0,0,0.00102138,0
2024-10-21T12:56:02.093908434Z,AAPL,0,0,0,-200,0,0,0,0,0,0,0,0,0,-0.394244037,0,0,0,0,0,0,0,0.041371167,0
2024-10-21T12:56:03.269632443Z,AAPL,0,0,0,200,0,0,0,0,0,0,0,0,0,0.41042479,0,0,0,0,0,0,0,-0.043069142,0
2024-10-21T12:56:03.269646561Z,AAPL,0,0,0,-200,0,0,0,0,0,0,0,0,0,-0.41042479,0,0,0,0,0,0,0,0.043069142,0
2024-10-21T12:56:07.124679898Z,AAPL,0,0,200,0,0,0,0,0,0,0,0,0,0.41042479,0,0,0,0,0,0,0,0,-0.026163867,0
2024-10-21T12:56:08.881388845Z,AAPL,0,0,0,127,100,400,1,100,500,105,63,0,0,0.268158784,0.211148649,0.844594595,0.002111486,0.211148649,1.055743243,0.221706081,0.133023649,-0.32120418,0
2024-10-21T12:56:08.881400360Z,AAPL,0,0,0,-127,-100,-400,-1,-100,-500,-105,-63,0,0,-0.260619741,-0.205212395,-0.820849579,-0.002052124,-0.205212395,-1.026061974,-0.215473015,-0.129283809,0.312173815,0
2024-10-21T12:56:09.292369731Z,AAPL,0,0,200,0,0,0,0,0,0,0,0,0,0.41042479,0,0,0,0,0,0,0,0,-0.026163867,0
2024-10-21T12:56:22.318827078Z,AAPL,0,0,0,0,0,0,0,0,0,0,0,0,0,0,0,0,0,0,0,0,0,0,102
2024-10-21T12:56:22.318827078Z,AAPL,4,4,0,0,0,0,0,0,0,0,0,0.008215239,0,0,0,0,0,0,0,0,0,-0.000163555,98
2024-10-21T12:56:22.318827078Z,AAPL,98,98,200,127,100,400,1,100,500,105,63,0.199714693,0.407581007,0.258813939,0.203790503,0.815162013,0.002037905,0.203790503,1.018952517,0.213980029,0.128388017,-0.339969448,4
2024-10-21T12:56:22.318852373Z,AAPL,100,100,11,200,20,1207,1,1000,505,30,224,0.200320513,0.022035256,0.400641026,0.040064103,2.41786859,0.002003205,2.003205128,1.01161859,0.060096154,0.448717949,-0.728752141,0
2024-10-21T12:56:22.318854497Z,AAPL,37,37,0,0,0,0,0,0,0,0,0,0.073573275,0,0,0,0,0,0,0,0,0,-0.001464751,0
2024-10-21T12:56:22.318867022Z,AAPL,0,0,100,11,200,20,1207,1,1000,505,30,0,0.203873598,0.022426096,0.407747197,0.04077472,2.460754332,0.002038736,2.038735984,1.029561672,0.06116208,-0.677749612,0
2024-10-21T12:56:22.318873215Z,AAPL,0,0,127,100,400,1,100,500,105,63,60,0,0.266526758,0.209863589,0.839454355,0.002098636,0.209863589,1.049317943,0.220356768,0.132214061,0.125918153,-0.393547175,0
2024-10-21T12:56:22.318879396Z,AAPL,-91,-91,0,0,0,0,0,0,0,0,0,-0.194694052,0,0,0,0,0,0,0,0,0,0.003876112,0
2024-10-21T12:56:22.318888491Z,AAPL,0,0,-100,-11,-200,-20,-1207,-1,-1000,-505,-30,0,-0.208420175,-0.022926219,-0.41684035,-0.041684035,-2.515631513,-0.002084202,-2.084201751,-1.052521884,-0.062526053,0.692864078,0
2024-10-21T12:56:22.318892579Z,AAPL,0,0,9,11,200,20,1207,1,1000,505,30,0,0.019637792,0.024001746,0.436395374,0.043639537,2.633646083,0.002181977,2.181976871,1.10189832,0.065459306,-0.712710218,0
2024-10-21T12:56:22.418935993Z,AAPL,-37,-37,0,0,0,0,0,0,0,0,0,-0.081390233,0,0,0,0,0,0,0,0,0,0.001620377,0
2024-10-21T12:56:22.418961652Z,AAPL,0,0,-9,-11,-200,-20,-1207,-1,-1000,-505,-30,0,-0.018903592,-0.02310439,-0.420079815,-0.042007982,-2.535181685,-0.002100399,-2.100399076,-1.060701533,-0.063011972,0.686064047,0
2024-10-21T12:56:22.418999332Z,AAPL,0,0,-127,-100,-400,-1,-100,-500,-105,-63,-60,0,-0.25913079,-0.204039992,-0.816159967,-0.0020404,-0.204039992,-1.020199959,-0.214241991,-0.128545195,-0.122423995,0.382626461,0
2024-10-21T12:56:22.573764377Z,AAPL,-9,-9,-11,-200,-20,-1207,-1,-1000,-505,-30,-224,-0.018341145,-0.022416955,-0.407581007,-0.040758101,-2.459751376,-0.002037905,-2.037905034,-1.029142042,-0.061137151,-0.456490728,0.737683664,0
2024-10-21T12:56:28.426425567Z,AAPL,0,0,-200,-20,-1207,-1,-1000,-505,-30,-224,-15,0,-0.415282392,-0.041528239,-2.506229236,-0.002076412,-2.07641196,-1.04858804,-0.062292359,-0.465116279,-0.031146179,0.943407432,0
2024-10-21T12:56:28.426438060Z,AAPL,0,0,200,20,1207,1,1000,505,30,224,15,0,0.407581007,0.040758101,2.459751376,0.002037905,2.037905034,1.029142042,0.061137151,0.456490728,0.030568576,-0.925912002,0
2024-10-21T12:56:29.082300571Z,AAPL,0,0,200,0,0,0,0,0,0,0,0,0,0.407581007,0,0,0,0,0,0,0,0,-0.025982581,0
2024-10-21T12:56:43.345471121Z,AAPL,-6,-6,0,0,0,0,0,0,0,0,0,-0.012212497,0,0,0,0,0,0,0,0,0,0.000243135,0
2024-10-21T12:56:43.345495320Z,AAPL,0,0,-200,-20,-1207,-1,-1000,-505,-30,-224,-15,0,-0.414765657,-0.041476566,-2.503110742,-0.002073828,-2.073828287,-1.047283285,-0.062214849,-0.464537536,-0.031107424,0.942233553,0
2024-10-21T12:56:43.349563754Z,AAPL,6,6,0,0,0,0,0,0,0,0,0,0.012458472,0,0,0,0,0,0,0,0,0,-0.000248032,0
2024-10-21T12:56:43.451978758Z,AAPL,0,0,200,20,1207,1,1000,505,30,224,15,0,0.407581007,0.040758101,2.459751376,0.002037905,2.037905034,1.029142042,0.061137151,0.456490728,0.030568576,-0.925912002,0
2024-10-21T12:56:49.157872964Z,AAPL,-10,-10,0,0,0,0,0,0,0,0,0,-0.020337604,0,0,0,0,0,0,0,0,0,0.000404896,0
2024-10-21T12:56:49.157900740Z,AAPL,-108,-108,-200,-127,-100,-400,-1,-100,-500,-105,-63,-0.215913635,-0.399840064,-0.253898441,-0.199920032,-0.799680128,-0.0019992,-0.199920032,-0.99960016,-0.209916034,-0.12594962,0.333910627,0
2024-10-21T12:56:49.161966909Z,AAPL,0,0,10,0,0,0,0,0,0,0,0,0,0.020032051,0,0,0,0,0,0,0,0,-0.001277008,0
2024-10-21T12:56:49.162006671Z,AAPL,98,98,200,127,100,400,1,100,500,105,63,0.199714693,0.407581007,0.258813939,0.203790503,0.815162013,0.002037905,0.203790503,1.018952517,0.213980029,0.128388017,-0.339969448,0
2024-10-21T12:56:49.229676652Z,AAPL,0,0,-200,-20,-1207,-1,-1000,-505,-30,-224,-15,0,-0.415282392,-0.041528239,-2.506229236,-0.002076412,-2.07641196,-1.04858804,-0.062292359,-0.465116279,-0.031146179,0.943407432,0
2024-10-21T12:56:49.229690482Z,AAPL,0,0,0,400,1207,1,1000,505,30,224,15,0,0,0.783238692,2.363422753,0.001958097,1.95809673,0.988838849,0.058742902,0.438613668,0.029371451,-0.942768345,0
2024-10-21T12:56:52.237667266Z,AAPL,0,0,0,-200,0,0,0,0,0,0,0,0,0,-0.407581007,0,0,0,0,0,0,0,0.042770722,0
2024-10-21T12:56:53.459845124Z,AAPL,0,0,0,200,0,0,0,0,0,0,0,0,0,0.391619346,0,0,0,0,0,0,0,-0.041095737,0
2024-10-21T12:56:54.514621370Z,AAPL,0,0,0,-200,0,0,0,0,0,0,0,0,0,-0.407581007,0,0,0,0,0,0,0,0.042770722,0
2024-10-21T12:56:54.514633369Z,AAPL,0,0,0,400,0,0,0,0,0,0,0,0,0,0.783238692,0,0,0,0,0,0,0,-0.082191475,0
2024-10-21T12:56:55.487592894Z,AAPL,-98,-98,-200,-127,-100,-400,-1,-100,-500,-105,-63,-0.193905817,-0.395726157,-0.25128611,-0.197863079,-0.791452315,-0.001978631,-0.197863079,-0.989315394,-0.207756233,-0.12465374,0.33008114,0
2024-10-21T12:56:55.488162035Z,AAPL,-10,-10,-98,-200,-127,-100,-400,-1,-100,-500,-105,-0.020193861,-0.197899838,-0.403877221,-0.256462036,-0.201938611,-0.807754443,-0.002019386,-0.201938611,-1.009693053,-0.212035541,0.344679431,0
2024-10-21T12:56:55.488202584Z,AAPL,0,0,-10,-98,-200,-127,-100,-400,-1,-100,-500,0,-0.0220022,-0.215621562,-0.440044004,-0.279427943,-0.220022002,-0.880088009,-0.00220022,-0.220022002,-1.100110011,0.385539446,0
2024-10-21T12:56:55.489128406Z,AAPL,0,0,-4,0,0,0,0,0,0,0,0,0,-0.008793141,0,0,0,0,0,0,0,0,0.000560547,0
2024-10-21T12:56:55.491687427Z,AAPL,0,0,0,98,200,127,100,400,1,100,500,0,0,0.194483032,0.396904148,0.252034134,0.198452074,0.793808295,0.001984521,0.198452074,0.992260369,-0.346477864,0
2024-10-21T12:56:55.492269126Z,AAPL,97,97,98,200,127,100,400,1,100,500,105,0.188679245,0.190624392,0.389029372,0.247033651,0.194514686,0.778058743,0.001945147,0.194514686,0.972573429,0.20424042,-0.335376997,0
2024-10-21T12:56:55.527565335Z,AAPL,4,4,0,0,0,0,0,0,0,0,0,0.007786646,0,0,0,0,0,0,0,0,0,-0.000155022,0
2024-10-21T12:56:56.401563592Z,AAPL,0,0,0,-200,0,0,0,0,0,0,0,0,0,-0.405104314,0,0,0,0,0,0,0,0.042510823,0
2024-10-21T12:56:57.109300963Z,AAPL,-93,-93,-98,-200,-127,-100,-400,-1,-100,-500,-105,-0.192228193,-0.202563043,-0.413393964,-0.262505167,-0.206696982,-0.826787929,-0.00206697,-0.206696982,-1.033484911,-0.217031831,0.356216782,0
2024-10-21T12:56:57.109313303Z,AAPL,93,93,98,200,127,100,400,1,100,500,105,0.188373506,0.198501114,0.405104314,0.25724124,0.202552157,0.810208629,0.002025522,0.202552157,1.012760786,0.212679765,-0.349073686,0
2024-10-21T12:56:57.109331676Z,AAPL,0,0,0,-200,-1207,-1,-1000,-505,-30,-224,-15,0,0,-0.412711515,-2.490713991,-0.002063558,-2.063557573,-1.042096574,-0.061906727,-0.462236896,-0.030953364,0.95023566,0
2024-10-21T12:56:57.211996601Z,AAPL,0,0,0,200,1207,1,1000,505,30,224,15,0,0,0.405104314,2.444804537,0.002025522,2.025521572,1.022888394,0.060765647,0.453716832,0.030382824,-0.932720682,0
2024-10-21T12:57:02.679458939Z,AAPL,3,3,0,0,0,0,0,0,0,0,0,0.006072874,0,0,0,0,0,0,0,0,0,-0.000120903,0
2024-10-21T12:57:07.894276467Z,AAPL,0,0,0,0,0,0,-1000,-505,-30,-224,-15,0,0,0,0,0,-2.469745616,-1.247221536,-0.074092368,-0.553223018,-0.037046184,0.516607939,0
2024-10-21T12:57:07.914190596Z,AAPL,0,0,0,0,0,0,1000,505,30,224,15,0,0,0,0,0,2.024291498,1.022267206,0.060728745,0.453441296,0.030364372,-0.423430272,0
2024-10-21T12:57:11.591940037Z,AAPL,0,0,0,200,0,0,0,0,0,0,0,0,0,0.389105058,0,0,0,0,0,0,0,-0.040831893,0
2024-10-21T12:57:11.661884620Z,AAPL,0,0,0,-200,0,0,0,0,0,0,0,0,0,-0.4048583,0,0,0,0,0,0,0,0.042485006,0
2024-10-21T12:57:18.749231265Z,AAPL,0,0,0,0,0,0,0,0,0,0,0,0,0,0,0,0,0,0,0,0,0,0,0
2024-10-21T12:57:28.505373884Z,AAPL,0,0,0,-200,-1207,-1,-1000,-505,-30,-224,-15,0,0,-0.412456177,-2.489173025,-0.002062281,-2.062280883,-1.041451846,-0.061868426,-0.461950918,-0.030934213,0.949647764,0
2024-10-21T12:57:28.505387072Z,AAPL,0,0,0,0,200,1,1000,505,30,224,15,0,0,0,0.4048583,0.002024291,2.024291498,1.022267206,0.060728745,0.453441296,0.030364372,-0.500894063,0
2024-10-21T12:57:28.732652951Z,AAPL,0,0,0,200,-200,-1,-1000,-505,-30,-224,-15,0,0,0.396118043,-0.396118043,-0.00198059,-1.980590216,-1.000198059,-0.059417706,-0.443652208,-0.029708853,0.448512724,0
2024-10-21T12:57:30.098442544Z,AAPL,0,0,0,-200,0,0,0,0,0,0,0,0,0,-0.412456177,0,0,0,0,0,0,0,0.043282312,0
2024-10-21T12:57:30.210776056Z,AAPL,0,0,0,0,200,1,1000,505,30,224,15,0,0,0,0.4048583,0.002024291,2.024291498,1.022267206,0.060728745,0.453441296,0.030364372,-0.500894063,0
2024-10-21T12:57:31.558732931Z,AAPL,0,0,0,200,1207,0,0,0,0,0,0,0,0,0.4048583,2.443319838,0,0,0,0,0,0,-0.508474724,0
2024-10-21T12:57:32.240045543Z,AAPL,0,0,0,200,0,0,0,0,0,0,0,0,0,0.389105058,0,0,0,0,0,0,0,-0.040831893,0
2024-10-21T12:57:34.892506576Z,AAPL,0,0,0,-200,0,0,0,0,0,0,0,0,0,-0.4048583,0,0,0,0,0,0,0,0.042485006,0
2024-10-21T12:57:35.231673580Z,AAPL,0,0,0,200,0,0,0,0,0,0,0,0,0,0.389105058,0,0,0,0,0,0,0,-0.040831893,0
2024-10-21T12:57:36.202783941Z,AAPL,0,0,0,-200,0,0,0,0,0,0,0,0,0,-0.4048583,0,0,0,0,0,0,0,0.042485006,0
2024-10-21T12:57:36.556498826Z,AAPL,22,22,14,20,200,1207,1,1000,505,30,224,0.044471397,0.02829998,0.040428543,0.404285426,2.439862543,0.002021427,2.021427128,1.020820699,0.060642814,0.452799677,-0.763841077,0
2024-10-21T12:57:37.356921695Z,AAPL,0,0,0,0,200,0,0,0,0,0,0,0,0,0,0.388575869,0,0,0,0,0,0,-0.074109151,0
2024-10-21T12:57:43.442533026Z,AAPL,0,0,0,0,-200,0,0,0,0,0,0,0,0,0,-0.404285426,0,0,0,0,0,0,0.077105276,0
2024-10-21T12:57:43.442545695Z,AAPL,0,0,0,200,20,0,0,0,0,0,0,0,0,0.404285426,0.040428543,0,0,0,0,0,0,-0.050135418,0
2024-10-21T12:57:48.025719444Z,AAPL,0,0,0,-200,-20,-1207,-1,-1000,-505,-30,-224,0,0,-0.4199916,-0.04199916,-2.534649307,-0.002099958,-2.099958001,-1.06047879,-0.06299874,-0.470390592,0.75829686,0
2024-10-21T12:57:48.025732688Z,AAPL,0,0,0,0,400,1207,1,1000,505,30,224,0,0,0,0.777151739,2.345055372,0.001942879,1.942879347,0.98115407,0.05828638,0.435204974,-0.801606633,0
2024-10-21T12:58:02.614676805Z,AAPL,-93,-93,-98,-200,-127,-100,-400,-1,-100,-500,-105,-0.184158416,-0.194059406,-0.396039604,-0.251485149,-0.198019802,-0.792079208,-0.001980198,-0.198019802,-0.99009901,-0.207920792,0.341262731,0
2024-10-21T12:58:02.926203519Z,AAPL,0,0,0,400,20,0,0,0,0,0,0,0,0,0.792079208,0.03960396,0,0,0,0,0,0,-0.090672444,0
2024-10-21T12:58:03.694780418Z,AAPL,0,0,0,400,0,0,0,0,0,0,0,0,0,0.792079208,0,0,0,0,0,0,0,-0.083119181,0
2024-10-21T12:58:04.432418262Z,AAPL,0,0,0,0,0,0,0,0,0,0,0,0,0,0,0,0,0,0,0,0,0,0,0
2024-10-21T12:58:04.559873878Z,AAPL,0,0,100,14,400,20,1207,1,1000,505,30,0,0.203004466,0.028420625,0.812017864,0.040600893,2.450263906,0.002030045,2.030044661,1.025172554,0.06090134,-0.752933371,0
2024-10-21T12:58:04.664725575Z,AAPL,0,0,-2,0,0,0,0,0,0,0,0,0,-0.004058442,0,0,0,0,0,0,0,0,0.000258719,0
2024-10-21T12:58:07.447014433Z,AAPL,0,0,-200,0,0,0,0,0,0,0,0,0,-0.390015601,0,0,0,0,0,0,0,0,0.024862816,0
2024-10-21T12:58:10.664315609Z,AAPL,-8,-8,-295,-98,-200,-127,-100,-400,-1,-100,-500,-0.016920474,-0.62394247,-0.207275804,-0.423011844,-0.268612521,-0.211505922,-0.846023689,-0.002115059,-0.211505922,-1.057529611,0.409380716,0
2024-10-21T12:58:10.664349579Z,AAPL,0,0,0,0,-400,-20,-1207,-1,-1000,-505,-30,0,0,0,-0.878734622,-0.043936731,-2.651581722,-0.002196837,-2.196836555,-1.10940246,-0.065905097,0.797563755,0
2024-10-21T12:58:10.664468587Z,AAPL,-100,-100,-8,-295,-98,-200,-127,-100,-400,-1,-100,-0.224315837,-0.017945267,-0.661731718,-0.21982952,-0.448631673,-0.284881113,-0.224315837,-0.897263347,-0.002243158,-0.224315837,0.335161114,0
2024-10-21T12:58:10.664469496Z,AAPL,0,0,0,0,0,0,0,0,0,0,0,0,0,0,0,0,0,0,0,0,0,0,-22
2024-10-21T12:58:10.664469496Z,AAPL,-22,-22,-100,-14,-20,-1207,-1,-1000,-505,-30,-224,-0.049427095,-0.224668614,-0.031453606,-0.044933723,-2.711750169,-0.002246686,-2.246686138,-1.1345765,-0.067400584,-0.503257695,0.782734939,0
2024-10-21T12:58:10.664494919Z,AAPL,0,0,0,0,0,0,0,0,0,0,0,0,0,0,0,0,0,0,0,0,0,0,-95
2024-10-21T12:58:10.664494919Z,AAPL,-95,-95,0,0,0,0,0,0,0,0,0,-0.218089991,0,0,0,0,0,0,0,0,0,0.004341896,0
2024-10-21T12:58:10.664498353Z,AAPL,0,0,0,0,0,0,0,0,0,0,0,0,0,0,0,0,0,0,0,0,0,0,-5
2024-10-21T12:58:10.664498353Z,AAPL,-5,-5,-14,-20,-1207,-1,-1000,-505,-30,-224,-15,-0.011210762,-0.031390135,-0.044843049,-2.706278027,-0.002242152,-2.242152466,-1.132286996,-0.067264574,-0.502242152,-0.033632287,0.9923484,0
2024-10-21T12:58:10.664507666Z,AAPL,0,0,0,0,0,200,127,100,400,1,100,0,0,0,0,0.448229494,0.284625728,0.224114747,0.896458987,0.002241147,0.224114747,-0.217989052,0
2024-10-21T12:58:10.664525419Z,AAPL,0,0,-15,0,0,0,0,0,0,0,0,0,-0.033504579,0,0,0,0,0,0,0,0,0.002135859,0
2024-10-21T12:58:10.664537782Z,AAPL,0,0,15,0,0,0,0,0,0,0,0,0,0.033617212,0,0,0,0,0,0,0,0,-0.002143039,0
2024-10-21T12:58:10.664655804Z,AAPL,-6,-6,-100,-8,-295,-200,-127,-100,-400,-1,-100,-0.01346197,-0.224366166,-0.017949293,-0.661880188,-0.448732331,-0.28494503,-0.224366166,-0.897464662,-0.002243662,-0.224366166,0.360921849,0
2024-10-21T12:58:10.664709483Z,AAPL,0,0,0,8,295,200,127,100,400,1,100,0,0,0.017949293,0.661880188,0.448732331,0.28494503,0.224366166,0.897464662,0.002243662,0.224366166,-0.346350885,0
2024-10-21T12:58:10.665088334Z,AAPL,0,0,0,0,0,0,0,0,0,0,0,0,0,0,0,0,0,0,0,0,0,0,0
2024-10-21T12:58:10.665164204Z,AAPL,0,0,0,0,0,-1000,-505,-30,-224,-15,-109,0,0,0,0,-2.884338044,-1.456590712,-0.086530141,-0.646091722,-0.043265071,-0.314392847,0.638223546,0
2024-10-21T12:58:10.665444096Z,AAPL,0,0,0,0,0,127,100,400,1,100,500,0,0,0,0,0.337138306,0.265463233,1.061852933,0.002654632,0.265463233,1.327316167,-0.334914506,0
2024-10-21T12:58:10.666096256Z,AAPL,0,0,0,0,0,0,0,0,0,0,0,0,0,0,0,0,0,0,0,0,0,0,6
2024-10-21T12:58:10.666096256Z,AAPL,6,6,8,295,127,100,400,1,100,500,105,0.015885624,0.021180831,0.781043156,0.336245698,0.264760392,1.059041567,0.002647604,0.264760392,1.323801959,0.277998411,-0.462900138,0
2024-10-21T12:58:10.666117777Z,AAPL,100,100,14,20,1207,1,505,30,224,15,109,0.258598397,0.036203776,0.051719679,3.121282648,0.002585984,1.305921903,0.077579519,0.579260409,0.03878976,0.281872252,-0.862279756,0
2024-10-21T12:58:10.666119828Z,AAPL,22,22,0,0,0,0,0,0,0,0,0,0.056569812,0,0,0,0,0,0,0,0,0,-0.001126233,0
2024-10-21T12:58:10.666134191Z,AAPL,0,0,9,14,20,1207,1,505,30,224,15,0,0.023752969,0.036949063,0.052784376,3.185537081,0.002639219,1.33280549,0.079176564,0.591185009,0.039588282,-0.624951226,0
2024-10-21T12:58:10.666182330Z,AAPL,-100,-100,0,0,0,0,0,0,0,0,0,-0.271076172,0,0,0,0,0,0,0,0,0,0.005396784,0
2024-10-21T12:58:10.668387164Z,AAPL,0,0,0,0,0,0,0,0,0,0,0,0,0,0,0,0,0,0,0,0,0,0,523
2024-10-21T12:58:10.668387164Z,AAPL,8,8,295,127,100,400,1,100,500,105,63,0.021356113,0.787506674,0.339028297,0.266951415,1.067805659,0.002669514,0.266951415,1.334757074,0.280298986,0.168179391,-0.456719986,515
2024-10-21T12:58:10.668387164Z,AAPL,295,295,127,100,400,1,100,500,105,63,60,0.776724592,0.334386519,0.263296472,1.053185887,0.002632965,0.263296472,1.316482359,0.276461295,0.165876777,0.157977883,-0.509210915,228
2024-10-21T12:58:10.668387164Z,AAPL,93,93,0,0,0,0,0,0,0,0,0,0.251012146,0,0,0,0,0,0,0,0,0,-0.004997334,430
2024-10-21T12:58:10.668387164Z,AAPL,127,127,100,400,1,100,500,105,63,60,1,0.362442922,0.285388128,1.141552511,0.002853881,0.285388128,1.426940639,0.299657534,0.179794521,0.171232877,0.002853881,-0.427843657,396
2024-10-21T12:58:10.668412244Z,AAPL,100,100,22,9,14,20,1207,1,505,30,224,0.278629145,0.061298412,0.025076623,0.03900808,0.055725829,3.363053775,0.002786291,1.40707718,0.083588743,0.624129284,-0.638742853,0
2024-10-21T12:58:10.668421624Z,AAPL,0,0,9,22,9,14,20,1207,1,505,30,0,0.02667457,0.065204505,0.02667457,0.041493776,0.059276823,3.577356254,0.002963841,1.496739775,0.088915234,-0.581328318,0
2024-10-21T12:58:10.668424903Z,AAPL,100,100,100,9,22,9,14,20,1207,1,505,0.290360046,0.290360046,0.026132404,0.06387921,0.026132404,0.040650407,0.058072009,3.504645761,0.0029036,1.466318235,-0.4923351,0
2024-10-21T12:58:10.668436484Z,AAPL,100,100,0,0,0,0,0,0,0,0,0,0.282167043,0,0,0,0,0,0,0,0,0,-0.005617589,0
2024-10-21T12:58:10.668486990Z,AAPL,0,0,-100,-9,-22,-9,-14,-20,-1207,-1,-505,0,-0.287852619,-0.025906736,-0.063327576,-0.025906736,-0.040299367,-0.057570524,-3.474381117,-0.002878526,-1.453655728,0.48235272,0
2024-10-21T12:58:10.668495920Z,AAPL,-100,-100,0,0,0,0,0,0,0,0,0,-0.296384114,0,0,0,0,0,0,0,0,0,0.005900633,0
2024-10-21T12:58:10.668504902Z,AAPL,-100,-100,-9,-22,-9,-14,-20,-1207,-1,-505,-30,-0.285877644,-0.025728988,-0.062893082,-0.025728988,-0.04002287,-0.057175529,-3.450543168,-0.002858776,-1.443682104,-0.085763293,0.566412373,0
2024-10-21T12:58:10.668524657Z,AAPL,0,0,-22,-9,-14,-20,-1207,-1,-505,-30,-224,0,-0.063019192,-0.025780579,-0.040103122,-0.057290175,-3.457462045,-0.002864509,-1.446576912,-0.085935262,-0.641649957,0.650970886,0
2024-10-21T12:58:10.668685103Z,AAPL,100,100,9,9,14,20,1207,1,505,30,224,0.279642058,0.025167785,0.025167785,0.039149888,0.055928412,3.375279642,0.002796421,1.412192394,0.083892617,0.62639821,-0.638747434,0
2024-10-21T12:58:10.668708138Z,AAPL,100,100,100,9,9,14,20,1207,1,505,30,0.289687138,0.289687138,0.026071842,0.026071842,0.040556199,0.057937428,3.496523754,0.002896871,1.462920046,0.086906141,-0.586813286,0
2024-10-21T12:58:10.668768437Z,AAPL,15,15,100,100,9,9,14,20,1207,1,505,0.043642712,0.290951411,0.290951411,0.026185627,0.026185627,0.040733198,0.058190282,3.511783532,0.002909514,1.469304626,-0.50898447,0
2024-10-21T12:58:10.668997172Z,AAPL,0,0,0,-100,-9,-9,-14,-20,-1207,-1,-505,0,0,-0.297000297,-0.026730027,-0.026730027,-0.041580042,-0.059400059,-3.584793585,-0.002970003,-1.4998515,0.49974608,0
2024-10-21T12:58:10.669075250Z,AAPL,0,0,-100,-9,-9,-14,-20,-1207,-1,-505,-30,0,-0.286450874,-0.025780579,-0.025780579,-0.040103122,-0.057290175,-3.457462045,-0.002864509,-1.446576912,-0.085935262,0.574554777,0
2024-10-21T12:58:10.672875445Z,AAPL,-15,-15,-9,-9,-14,-20,-1207,-1,-505,-30,-224,-0.042967631,-0.025780579,-0.025780579,-0.040103122,-0.057290175,-3.457462045,-0.002864509,-1.446576912,-0.085935262,-0.641649957,0.64945242,0
2024-10-21T12:58:10.766666052Z,AAPL,0,0,0,0,0,200,0,0,0,0,0,0,0,0,0,0.541858575,0,0,0,0,0,-0.0667205,0
2024-10-21T12:58:10.766692893Z,AAPL,0,0,-9,-14,-20,-1407,-1,-505,-30,-224,-15,0,-0.023740438,-0.03692957,-0.052756529,-3.711421788,-0.002637826,-1.332102348,-0.079134793,-0.590873121,-0.039567396,0.689582053,0
2024-10-21T12:58:10.769583448Z,AAPL,-9,-9,-14,-20,-1407,-1,-505,-30,-224,-15,-109,-0.023734177,-0.036919831,-0.052742616,-3.710443038,-0.002637131,-1.331751055,-0.079113924,-0.5907173,-0.039556962,-0.287447257,0.975147329,0
2024-10-21T12:58:10.779690647Z,AAPL,-127,-127,-100,-400,-1,-100,-500,-105,-63,-60,-1,-0.318215986,-0.250563768,-1.002255074,-0.002505638,-0.250563768,-1.252818842,-0.263091957,-0.157855174,-0.150338261,-0.002505638,0.375636225,0
2024-10-21T12:58:10.931928238Z,AAPL,-200,-200,-127,-100,-400,-1,-100,-500,-105,-63,-60,-0.484144275,-0.307431615,-0.242072137,-0.96828855,-0.002420721,-0.242072137,-1.210360687,-0.254175744,-0.152505447,-0.145243282,0.463585029,0
2024-10-21T12:58:10.970212670Z,AAPL,0,0,0,0,0,0,0,0,0,1000,0,0,0,0,0,0,0,0,0,1.948937829,0,-0.148337351,0
2024-10-21T12:58:11.735054168Z,AAPL,0,0,0,200,0,0,0,0,0,0,0,0,0,0.375164134,0,0,0,0,0,0,0,-0.039368961,0
2024-10-21T12:58:11.739498889Z,AAPL,0,0,127,100,400,1,100,500,105,63,60,0,0.244654209,0.19264111,0.770564438,0.001926411,0.19264111,0.963205548,0.202273165,0.121363899,0.115584666,-0.361250681,0
2024-10-21T12:58:11.739510725Z,AAPL,0,0,0,-100,-400,-1,-100,-500,-105,-63,-60,0,0,-0.187582067,-0.750328269,-0.001875821,-0.187582067,-0.937910336,-0.196961171,-0.118176702,-0.11254924,0.336577002,0
2024-10-21T12:58:11.741567426Z,AAPL,0,0,0,-200,0,0,0,0,0,0,0,0,0,-0.361598264,0,0,0,0,0,0,0,0.037945386,0
2024-10-21T12:58:11.790575104Z,AAPL,0,0,0,-200,0,0,0,0,0,0,0,0,0,-0.375164134,0,0,0,0,0,0,0,0.039368961,0
2024-10-21T12:58:11.790587578Z,AAPL,0,0,0,400,1207,1,505,30,224,15,1109,0,0,0.72450643,2.186198153,0.001811266,0.914689368,0.054337982,0.405723601,0.027168991,2.008694077,-0.821862444,0
2024-10-21T12:58:13.632358940Z,AAPL,0,0,400,20,0,0,0,0,0,0,0,0,0.72450643,0.036225321,0,0,0,0,0,0,0,-0.049987437,0
2024-10-21T12:58:15.135381045Z,AAPL,0,0,0,200,0,0,0,0,0,0,0,0,0,0.375869198,0,0,0,0,0,0,0,-0.039442949,0
2024-10-21T12:58:15.135391677Z,AAPL,0,0,0,100,400,1,100,500,105,63,60,0,0,0.193012932,0.772051727,0.001930129,0.193012932,0.965064659,0.202663578,0.121598147,0.115807759,-0.346321559,0
2024-10-21T12:58:15.135402966Z,AAPL,0,0,0,-100,-400,-1,-100,-500,-105,-63,-60,0,0,-0.181126607,-0.72450643,-0.001811266,-0.181126607,-0.905633037,-0.190182938,-0.114109763,-0.108675964,0.324994022,0
2024-10-21T12:58:15.189814409Z,AAPL,0,0,400,0,0,0,0,0,0,0,0,0,0.72450643,0,0,0,0,0,0,0,0,-0.046186025,0
2024-10-21T12:58:15.280737422Z,AAPL,0,0,-200,0,0,0,0,0,0,0,0,0,-0.375869198,0,0,0,0,0,0,0,0,0.023961008,0
2024-10-21T12:58:15.315283786Z,AAPL,0,0,-127,-400,0,0,0,0,0,0,0,0,-0.247998438,-0.781097442,0,0,0,0,0,0,0,0.097776246,0
2024-10-21T12:58:16.357123535Z,AAPL,0,0,-200,0,0,0,0,0,0,0,0,0,-0.390548721,0,0,0,0,0,0,0,0,0.024896802,0
2024-10-21T12:58:20.739070247Z,AAPL,0,0,200,0,0,0,0,0,0,0,0,0,0.375869198,0,0,0,0,0,0,0,0,-0.023961008,0
2024-10-21T12:58:25.681145858Z,AAPL,100,100,14,400,20,1207,1,505,30,224,15,0.231910946,0.032467532,0.927643785,0.046382189,2.799165121,0.002319109,1.171150278,0.069573284,0.519480519,0.034786642,-0.648445475,0
2024-10-21T12:58:25.752287218Z,AAPL,0,0,0,-200,0,0,0,0,0,0,0,0,0,-0.486381323,0,0,0,0,0,0,0,0.051039866,0
2024-10-21T12:58:38.664122485Z,AAPL,100,100,0,0,0,0,0,0,0,0,0,0.249252243,0,0,0,0,0,0,0,0,0,-0.004962297,0
2024-10-21T12:58:38.865141726Z,AAPL,-100,-100,-200,-127,-100,-400,-1,-100,-500,-105,-63,-0.246974562,-0.493949123,-0.313657693,-0.246974562,-0.987898246,-0.002469746,-0.246974562,-1.234872808,-0.25932329,-0.155593974,0.412108732,0
2024-10-21T12:58:38.865153436Z,AAPL,0,0,200,127,100,400,1,100,500,105,63,0,0.498504487,0.316550349,0.249252243,0.997008973,0.002492522,0.249252243,1.246261216,0.261714855,0.157028913,-0.410947039,0
2024-10-21T12:58:38.884268974Z,AAPL,0,0,0,200,0,0,0,0,0,0,0,0,0,0.474833808,0,0,0,0,0,0,0,-0.049828094,0
2024-10-21T12:58:38.934127462Z,AAPL,0,0,5,0,0,0,0,0,0,0,0,0,0.01185677,0,0,0,0,0,0,0,0,-0.000755848,0
2024-10-21T12:58:39.124837053Z,AAPL,0,0,-200,-127,-100,-400,-1,-100,-500,-105,-63,0,-0.470145745,-0.298542548,-0.235072873,-0.94029149,-0.002350729,-0.235072873,-1.175364363,-0.246826516,-0.14809591,0.387569234,0
2024-10-21T12:58:39.665440876Z,AAPL,0,0,0,0,-127,-100,-400,-1,-100,-500,-105,0,0,0,-0.305950373,-0.240905806,-0.963623223,-0.002409058,-0.240905806,-1.204529029,-0.252951096,0.345100564,0
2024-10-21T12:58:44.315042667Z,AAPL,0,0,0,-200,0,0,0,0,0,0,0,0,0,-0.506200962,0,0,0,0,0,0,0,0.053119699,0
2024-10-21T12:58:44.315056213Z,AAPL,0,0,0,200,0,0,0,0,0,0,0,0,0,0.506200962,0,0,0,0,0,0,0,-0.053119699,0
2024-10-21T12:58:53.553367785Z,AAPL,0,0,0,-200,-20,-1207,-1,-505,-30,-224,-15,0,0,-0.411522634,-0.041152263,-2.483539095,-0.002057613,-1.03909465,-0.061728395,-0.46090535,-0.030864198,0.526211413,0
2024-10-21T12:58:53.553380154Z,AAPL,0,0,0,400,20,1207,1,505,30,224,15,0,0,0.963623223,0.048181161,2.907733076,0.002409058,1.216574319,0.072271742,0.539629005,0.036135871,-0.666649819,0
2024-10-21T12:58:54.392440802Z,AAPL,0,0,-5,0,0,0,0,0,0,0,0,0,-0.012059817,0,0,0,0,0,0,0,0,0.000768792,0
2024-10-21T12:58:54.393294723Z,AAPL,0,0,0,5,400,20,1207,1,505,30,224,0,0,0.012088975,0.967117988,0.048355899,2.91827853,0.002417795,1.22098646,0.072533849,0.541586074,-0.72304063,0
2024-10-21T12:58:56.608715388Z,AAPL,0,0,0,200,-400,-20,-1207,-1,-505,-30,-224,0,0,0.506200962,-1.012401924,-0.050620096,-3.054922804,-0.002531005,-1.278157428,-0.075930144,-0.566945077,0.702448296,0
2024-10-21T12:58:56.926366487Z,AAPL,-100,-100,-100,-200,-2,-127,-100,-400,-1,-100,-500,-0.289268152,-0.289268152,-0.578536303,-0.005785363,-0.367370553,-0.289268152,-1.157072606,-0.002892682,-0.289268152,-1.446340758,0.450960448,0
2024-10-21T12:58:56.926409817Z,AAPL,0,0,-100,-100,-200,-2,-127,-100,-400,-1,-100,0,-0.290360046,-0.290360046,-0.580720093,-0.005807201,-0.368757259,-0.290360046,-1.161440186,-0.0029036,-0.290360046,0.371367731,0
2024-10-21T12:58:56.930460468Z,AAPL,87,87,100,100,200,2,127,100,400,1,100,0.245901639,0.282645562,0.282645562,0.565291125,0.005652911,0.358959864,0.282645562,1.13058225,0.002826456,0.282645562,-0.36639657,0
2024-10-21T12:58:56.936864426Z,AAPL,0,0,0,0,0,0,0,0,0,0,0,0,0,0,0,0,0,0,0,0,0,0,0
2024-10-21T12:58:56.936864426Z,AAPL,0,0,0,0,0,0,0,0,0,0,0,0,0,0,0,0,0,0,0,0,0,0,0
2024-10-21T12:58:56.985971755Z,AAPL,0,0,100,200,2,127,100,400,1,100,500,0,0.253936008,0.507872016,0.00507872,0.32249873,0.253936008,1.015744033,0.00253936,0.253936008,1.269680041,-0.390823143,0
2024-10-21T12:58:56.985973938Z,AAPL,0,0,200,2,127,100,400,1,100,500,105,0,0.507227999,0.00507228,0.322089779,0.253613999,1.014455998,0.00253614,0.253613999,1.268069997,0.266294699,-0.396172387,0
2024-10-21T12:58:57.006192128Z,AAPL,0,0,0,-200,0,0,0,0,0,0,0,0,0,-0.534330751,0,0,0,0,0,0,0,0.056071582,0
2024-10-21T12:58:57.006204731Z,AAPL,0,0,0,0,400,20,1207,1,505,30,224,0,0,0,0.968992248,0.048449612,2.923934109,0.002422481,1.223352713,0.072674419,0.542635659,-0.723170821,0
2024-10-21T12:58:57.186825862Z,AAPL,-87,-87,-200,-2,-127,-100,-400,-1,-100,-500,-105,-0.211011399,-0.485083677,-0.004850837,-0.308028135,-0.242541838,-0.970167354,-0.002425418,-0.242541838,-1.212709192,-0.25466893,0.383077449,0
2024-10-21T12:58:57.188827212Z,AAPL,0,0,0,0,127,100,400,1,100,500,105,0,0,0,0.300520587,0.236630383,0.946521533,0.002366304,0.236630383,1.183151917,0.248461903,-0.338975968,0
2024-10-21T12:58:57.245928065Z,AAPL,0,0,0,-200,-127,-100,-400,-1,-100,-500,-105,0,0,-0.473821369,-0.30087657,-0.236910685,-0.947642739,-0.002369107,-0.236910685,-1.184553423,-0.248756219,0.389099353,0
2024-10-21T12:58:59.191738848Z,AAPL,-2,-2,0,0,0,0,0,0,0,0,0,-0.00473597,0,0,0,0,0,0,0,0,0,9.43E-05,0
2024-10-21T12:59:00.362666414Z,AAPL,0,0,0,0,0,0,-100,-400,-1,-100,-500,0,0,0,0,0,-0.268456376,-1.073825503,-0.002684564,-0.268456376,-1.342281879,0.296709916,0
2024-10-21T12:59:01.222899124Z,AAPL,0,0,0,0,127,2,100,400,1,100,500,0,0,0,0.31552795,0.004968944,0.248447205,0.99378882,0.002484472,0.248447205,1.242236025,-0.33538419,0
2024-10-21T12:59:01.222911311Z,AAPL,0,0,0,0,-200,0,0,0,0,0,0,0,0,0,-0.473372781,0,0,0,0,0,0,0.09028161,0
2024-10-21T12:59:01.250393352Z,AAPL,0,0,0,0,400,0,0,0,0,0,0,0,0,0,0.946745562,0,0,0,0,0,0,-0.18056322,0
2024-10-21T12:59:01.302902468Z,AAPL,0,0,0,0,-327,-2,-100,-400,-1,-100,-500,0,0,0,-0.877852349,-0.005369128,-0.268456376,-1.073825503,-0.002684564,-0.268456376,-1.342281879,0.464794945,0
2024-10-21T12:59:02.387943682Z,AAPL,0,0,0,0,400,0,0,0,0,0,0,0,0,0,1.073825503,0,0,0,0,0,0,-0.204799894,0
2024-10-21T12:59:02.700990199Z,AAPL,100,100,0,0,0,0,0,0,0,0,0,0.261437908,0,0,0,0,0,0,0,0,0,-0.005204898,0
2024-10-21T12:59:18.925937054Z,AAPL,0,0,0,-5,-400,-20,-1207,-1,-505,-30,-224,0,0,-0.01303781,-1.043024772,-0.052151239,-3.147327249,-0.002607562,-1.316818774,-0.078226858,-0.584093872,0.779790364,0
2024-10-21T12:59:18.926788826Z,AAPL,0,0,5,0,0,0,0,0,0,0,0,0,0.013020833,0,0,0,0,0,0,0,0,-0.000830055,0
2024-10-21T12:59:29.383886738Z,AAPL,0,0,0,200,127,2,100,400,1,100,500,0,0,0.471698113,0.299528302,0.004716981,0.235849057,0.943396226,0.002358491,0.235849057,1.179245283,-0.367876721,0
2024-10-21T12:59:29.584160244Z,AAPL,-102,-102,-87,-200,-127,-2,-100,-400,-1,-100,-500,-0.272727273,-0.232620321,-0.534759358,-0.339572193,-0.005347594,-0.267379679,-1.069518717,-0.002673797,-0.267379679,-1.336898396,0.437316897,0
2024-10-21T12:59:29.843991689Z,AAPL,0,0,0,-100,0,0,0,0,0,0,0,0,0,-0.260416667,0,0,0,0,0,0,0,0.027327595,0
2024-10-21T12:59:34.987099899Z,AAPL,0,0,0,-200,0,0,0,0,0,0,0,0,0,-0.549450549,0,0,0,0,0,0,0,0.057658223,0
2024-10-21T12:59:41.219174443Z,AAPL,0,0,0,200,0,0,0,0,0,0,0,0,0,0.520833333,0,0,0,0,0,0,0,-0.05465519,0
2024-10-21T12:59:41.751768006Z,AAPL,151,151,200,19,400,20,1207,1,505,30,224,0.379778672,0.503018109,0.04778672,1.006036217,0.050301811,3.035714286,0.002515091,1.270120724,0.075452716,0.563380282,-0.795459274,0
2024-10-21T12:59:41.751808827Z,AAPL,0,0,0,0,127,2,100,400,1,100,500,0,0,0,0.297006548,0.004677268,0.233863424,0.935453695,0.002338634,0.233863424,1.169317119,-0.315697232,0
2024-10-21T12:59:41.752297252Z,AAPL,0,0,0,0,-200,0,0,0,0,0,0,0,0,0,-0.446827525,0,0,0,0,0,0,0.085218901,0
2024-10-21T12:59:41.755876256Z,AAPL,-151,-151,-200,-19,-400,-20,-1207,-1,-505,-30,-224,-0.347926267,-0.460829493,-0.043778802,-0.921658986,-0.046082949,-2.781105991,-0.002304147,-1.16359447,-0.069124424,-0.516129032,0.728743335,0
2024-10-21T12:59:58.443981541Z,AAPL,0,0,0,0,-327,-2,-100,-400,-1,-100,-500,0,0,0,-0.8515625,-0.005208333,-0.260416667,-1.041666667,-0.002604167,-0.260416667,-1.302083333,0.450875304,0
2024-10-21T13:00:00.834769249Z,AAPL,0,0,0,-200,0,0,0,0,0,0,0,0,0,-0.549450549,0,0,0,0,0,0,0,0.057658223,0
2024-10-21T13:00:00.834779433Z,AAPL,0,0,0,-200,-20,-1207,-1,-505,-30,-224,-15,0,0,-0.563539025,-0.056353903,-3.400958016,-0.002817695,-1.422936038,-0.084530854,-0.631163708,-0.042265427,0.72059382,0
2024-10-21T13:00:00.834789913Z,AAPL,0,0,0,400,20,1207,1,505,30,224,15,0,0,1.041666667,0.052083333,3.143229167,0.002604167,1.315104167,0.078125,0.583333333,0.0390625,-0.72064151,0
2024-10-21T13:00:02.522599613Z,AAPL,0,0,0,-200,0,0,0,0,0,0,0,0,0,-0.549450549,0,0,0,0,0,0,0,0.057658223,0
2024-10-21T13:00:04.240937700Z,AAPL,0,0,0,200,0,0,0,0,0,0,0,0,0,0.520833333,0,0,0,0,0,0,0,-0.05465519,0
2024-10-21T13:00:05.482580960Z,AAPL,0,0,0,0,-200,0,0,0,0,0,0,0,0,0,-0.520833333,0,0,0,0,0,0,0.099333282,0
2024-10-21T13:00:07.149349109Z,AAPL,0,0,0,-200,0,0,0,0,0,0,0,0,0,-0.549450549,0,0,0,0,0,0,0,0.057658223,0
2024-10-21T13:00:07.149359620Z,AAPL,0,0,0,-200,-20,-1207,-1,-505,-30,-224,-15,0,0,-0.563539025,-0.056353903,-3.400958016,-0.002817695,-1.422936038,-0.084530854,-0.631163708,-0.042265427,0.72059382,0
2024-10-21T13:00:07.149370167Z,AAPL,0,0,0,400,0,0,0,0,0,0,0,0,0,1.012914662,0,0,0,0,0,0,0,-0.106293204,0
2024-10-21T13:00:07.381906885Z,AAPL,0,0,0,400,20,1207,1,505,30,224,15,0,0,1.041666667,0.052083333,3.143229167,0.002604167,1.315104167,0.078125,0.583333333,0.0390625,-0.72064151,0
2024-10-21T13:00:08.520115733Z,AAPL,0,0,0,400,0,0,0,0,0,0,0,0,0,1.041666667,0,0,0,0,0,0,0,-0.109310381,0
2024-10-21T13:00:12.307331848Z,AAPL,0,0,0,-400,-20,-1207,-1,-505,-30,-224,-15,0,0,-1.12707805,-0.056353903,-3.400958016,-0.002817695,-1.422936038,-0.084530854,-0.631163708,-0.042265427,0.779730459,0
2024-10-21T13:00:12.307344629Z,AAPL,0,0,0,400,0,0,0,0,0,0,0,0,0,1.012914662,0,0,0,0,0,0,0,-0.106293204,0
2024-10-21T13:00:21.846946300Z,AAPL,0,0,0,100,0,0,0,0,0,0,0,0,0,0.259807742,0,0,0,0,0,0,0,-0.027263696,0
2024-10-21T13:00:22.047186467Z,AAPL,2,2,87,200,127,2,100,400,1,100,500,0.00470699,0.20475406,0.470698988,0.298893857,0.00470699,0.235349494,0.941397976,0.002353495,0.235349494,1.17674747,-0.38024393,0
2024-10-21T13:00:22.047193836Z,AAPL,-2,-2,-87,-200,-127,-2,-100,-400,-1,-100,-500,-0.005196155,-0.226032736,-0.519615485,-0.329955833,-0.005196155,-0.259807742,-1.039230969,-0.002598077,-0.259807742,-1.299038711,0.419760057,0
2024-10-21T13:00:22.047247171Z,AAPL,0,0,-2,-87,-200,-127,-2,-100,-400,-1,-100,0,-0.005217845,-0.226976259,-0.521784503,-0.331333159,-0.005217845,-0.260892252,-1.043569006,-0.002608923,-0.260892252,0.312564224,0
2024-10-21T13:00:22.047528913Z,AAPL,0,0,0,-1,0,0,0,0,0,0,0,0,0,-0.002608242,0,0,0,0,0,0,0,0.000273704,0
2024-10-21T13:00:22.049440630Z,AAPL,0,0,0,2,0,0,0,0,0,0,0,0,0,0.005219207,0,0,0,0,0,0,0,-0.000547693,0
2024-10-21T13:00:22.051622729Z,AAPL,0,0,0,87,200,127,2,100,400,1,100,0,0,0.221317731,0.508776393,0.323073009,0.005087764,0.254388196,1.017552786,0.002543882,0.254388196,-0.304447648,0
2024-10-21T13:00:22.306998857Z,AAPL,0,0,0,-87,-200,-127,-2,-100,-400,-1,-100,0,0,-0.221317731,-0.508776393,-0.323073009,-0.005087764,-0.254388196,-1.017552786,-0.002543882,-0.254388196,0.304447648,0
2024-10-21T13:00:23.028961848Z,AAPL,0,0,0,400,20,1207,1,505,30,224,15,0,0,1.046572475,0.052328624,3.158032444,0.002616431,1.32129775,0.078492936,0.586080586,0.039246468,-0.724035426,0
2024-10-21T13:00:23.497741295Z,AAPL,0,0,0,400,0,0,0,0,0,0,0,0,0,1.046572475,0,0,0,0,0,0,0,-0.109825186,0
2024-10-21T13:00:24.055121332Z,AAPL,-2,-2,0,0,0,0,0,0,0,0,0,-0.005230126,0,0,0,0,0,0,0,0,0,0.000104125,0
2024-10-21T13:00:32.311803698Z,AAPL,0,0,0,0,0,0,0,0,0,0,0,0,0,0,0,0,0,0,0,0,0,0,0
2024-10-21T13:00:37.203589594Z,AAPL,0,0,0,87,200,127,2,100,400,1,100,0,0,0.22751046,0.523012552,0.332112971,0.005230126,0.261506276,1.046025105,0.002615063,0.261506276,-0.31296645,0
2024-10-21T13:00:37.403888415Z,AAPL,-102,-102,-84,-87,-200,-127,-2,-100,-400,-1,-100,-0.266736402,-0.219665272,-0.22751046,-0.523012552,-0.332112971,-0.005230126,-0.261506276,-1.046025105,-0.002615063,-0.261506276,0.332280114,0
2024-10-21T13:00:37.403900812Z,AAPL,0,0,100,0,0,0,0,0,0,0,0,0,0.268528464,0,0,0,0,0,0,0,0,-0.017118223,0
2024-10-21T13:00:37.663834055Z,AAPL,0,0,0,-100,0,0,0,0,0,0,0,0,0,-0.261506276,0,0,0,0,0,0,0,0.027441937,0
2024-10-21T13:00:37.909519348Z,AAPL,0,0,184,87,200,127,2,100,400,1,100,0,0.469148394,0.221825599,0.509943906,0.32381438,0.005099439,0.254971953,1.019887812,0.00254972,0.254971953,-0.335053673,0
2024-10-21T13:00:39.919001937Z,AAPL,-2,-2,0,0,0,0,0,0,0,0,0,-0.00509684,0,0,0,0,0,0,0,0,0,0.000101472,0
2024-10-21T13:00:41.254543871Z,AAPL,0,0,0,-400,-20,-1207,-1,-505,-30,-224,-15,0,0,-1.101018442,-0.055050922,-3.322323149,-0.002752546,-1.390035783,-0.082576383,-0.616570328,-0.041288192,0.761702009,0
2024-10-21T13:00:41.254556294Z,AAPL,0,0,0,400,20,1207,1,505,30,224,15,0,0,1.019367992,0.0509684,3.075942915,0.00254842,1.28695209,0.076452599,0.570846075,0.0382263,-0.705214933,0
2024-10-21T13:00:47.280596294Z,AAPL,-102,-102,-184,-87,-200,-127,-2,-100,-400,-1,-100,-0.266666667,-0.481045752,-0.22745098,-0.522875817,-0.332026144,-0.005228758,-0.261437908,-1.045751634,-0.002614379,-0.261437908,0.348859455,0
2024-10-21T13:00:47.280659810Z,AAPL,0,0,-84,0,0,0,0,0,0,0,0,0,-0.214888718,0,0,0,0,0,0,0,0,0.013698782,0
2024-10-21T13:00:47.281137105Z,AAPL,0,0,0,0,0,0,0,0,0,0,0,0,0,0,0,0,0,0,0,0,0,0,0
2024-10-21T13:00:47.281141058Z,AAPL,0,0,0,0,0,0,0,0,0,0,0,0,0,0,0,0,0,0,0,0,0,0,0
2024-10-21T13:00:47.281338436Z,AAPL,0,0,0,0,0,0,0,0,0,0,0,0,0,0,0,0,0,0,0,0,0,0,-185
2024-10-21T13:00:47.281338436Z,AAPL,-100,-100,0,0,0,0,0,0,0,0,0,-0.262536099,0,0,0,0,0,0,0,0,0,0.005226761,-85
2024-10-21T13:00:47.281338436Z,AAPL,-85,-85,0,0,0,0,0,0,0,0,0,-0.228249194,0,0,0,0,0,0,0,0,0,0.004544153,-100
2024-10-21T13:00:47.281361951Z,AAPL,-1,-1,-186,-184,-87,-200,-127,-2,-100,-400,-1,-0.002615747,-0.486528904,-0.48129741,-0.227569971,-0.523149359,-0.332199843,-0.005231494,-0.26157468,-1.046298718,-0.002615747,0.335599251,0
2024-10-21T13:00:47.281390357Z,AAPL,0,0,0,-400,-20,-1207,-1,-505,-30,-224,-15,0,0,-1.132502831,-0.056625142,-3.417327293,-0.002831257,-1.429784824,-0.084937712,-0.634201586,-0.042468856,0.783483408,0
2024-10-21T13:00:47.281409424Z,AAPL,1,1,186,184,87,200,127,2,100,400,1,0.002912904,0.541800175,0.535974366,0.253422662,0.582580833,0.369938829,0.005825808,0.291290417,1.165161666,0.002912904,-0.373724421,0
2024-10-21T13:00:47.281544196Z,AAPL,-100,-100,0,0,0,0,0,0,0,0,0,-0.28304557,0,0,0,0,0,0,0,0,0,0.005635079,0
2024-10-21T13:00:47.281567592Z,AAPL,0,0,0,0,0,0,0,0,0,0,0,0,0,0,0,0,0,0,0,0,0,0,-15
2024-10-21T13:00:47.281567592Z,AAPL,-15,-15,-19,-20,-1207,-1,-505,-30,-224,-15,-109,-0.042517007,-0.053854875,-0.056689342,-3.421201814,-0.002834467,-1.431405896,-0.085034014,-0.634920635,-0.042517007,-0.308956916,0.941241725,0
2024-10-21T13:00:47.281588001Z,AAPL,-101,-101,-186,-184,-87,-200,-127,-2,-100,-400,-1,-0.278467053,-0.512820513,-0.507306314,-0.239867659,-0.551419906,-0.35015164,-0.005514199,-0.275709953,-1.102839813,-0.0027571,0.359223786,0
2024-10-21T13:00:47.281592801Z,AAPL,-100,-100,-101,-186,-184,-87,-200,-127,-2,-100,-400,-0.309789343,-0.312887237,-0.576208178,-0.570012392,-0.269516729,-0.619578686,-0.393432466,-0.006195787,-0.309789343,-1.239157373,0.482203307,0
2024-10-21T13:00:47.281602730Z,AAPL,0,0,101,186,184,87,200,127,2,100,400,0,0.286281179,0.527210884,0.52154195,0.246598639,0.566893424,0.359977324,0.005668934,0.283446712,1.133786848,-0.435556559,0
2024-10-21T13:00:47.281718049Z,AAPL,0,0,0,0,0,200,127,2,100,400,1,0,0,0,0,0.581057525,0.368971528,0.005810575,0.290528762,1.162115049,0.002905288,-0.233937511,0
2024-10-21T13:00:47.281791800Z,AAPL,0,0,1,0,0,0,0,0,0,0,0,0,0.002906132,0,0,0,0,0,0,0,0,-0.000185261,0
2024-10-21T13:00:47.281884865Z,AAPL,0,0,186,184,200,127,2,100,400,1,100,0,0.540540541,0.534728277,0.581226388,0.369078756,0.005812264,0.290613194,1.162452775,0.002906132,0.290613194,-0.411841121,0
2024-10-21T13:00:47.283236429Z,AAPL,0,0,2,0,0,0,0,0,0,0,0,0,0.005815644,0,0,0,0,0,0,0,0,-0.000370737,0
2024-10-21T13:00:47.340772919Z,AAPL,0,0,0,100,0,0,0,0,0,0,0,0,0,0.299490866,0,0,0,0,0,0,0,-0.031427962,0
2024-10-21T13:00:47.350814208Z,AAPL,0,0,200,20,1207,1,505,30,224,15,109,0,0.566732785,0.056673279,3.42023236,0.002833664,1.431000283,0.085009918,0.63474072,0.042504959,0.308869368,-0.972824837,0
2024-10-21T13:00:47.352683135Z,AAPL,0,0,-200,-20,-1207,-1,-505,-30,-224,-15,-109,0,-0.598981731,-0.059898173,-3.614854747,-0.002994909,-1.512428871,-0.08984726,-0.670859539,-0.04492363,-0.326445043,1.028181746,0
2024-10-21T13:00:47.381671412Z,AAPL,184,184,84,200,127,2,100,400,1,100,500,0.479416363,0.218863992,0.521104742,0.330901511,0.005211047,0.260552371,1.042209484,0.002605524,0.260552371,1.302761855,-0.429905656,0
2024-10-21T13:00:47.391389607Z,AAPL,0,0,200,20,1207,1,505,30,224,15,109,0,0.49652433,0.049652433,2.99652433,0.002482622,1.253723932,0.074478649,0.556107249,0.037239325,0.27060576,-0.852308553,0
2024-10-21T13:00:47.540862619Z,AAPL,-184,-184,-84,-200,-127,-2,-100,-400,-1,-100,-500,-0.507166483,-0.231532525,-0.551267916,-0.350055127,-0.005512679,-0.275633958,-1.102535832,-0.00275634,-0.275633958,-1.378169791,0.454789941,0
2024-10-21T13:00:48.046853525Z,AAPL,-100,-100,-184,-84,-200,-127,-2,-100,-400,-1,-100,-0.275633958,-0.507166483,-0.231532525,-0.551267916,-0.350055127,-0.005512679,-0.275633958,-1.102535832,-0.00275634,-0.275633958,0.366825001,0
2024-10-21T13:00:48.046865874Z,AAPL,0,0,184,84,200,127,2,100,400,1,100,0,0.507166483,0.231532525,0.551267916,0.350055127,0.005512679,0.275633958,1.102535832,0.00275634,0.275633958,-0.361337477,0
2024-10-21T13:00:48.047217522Z,AAPL,-84,-84,0,0,0,0,0,0,0,0,0,-0.226293103,0,0,0,0,0,0,0,0,0,0.004505209,0
2024-10-21T13:00:48.057752746Z,AAPL,0,0,0,0,0,0,0,0,115,224,15,0,0,0,0,0,0,0,0.309306079,0.602474449,0.040344271,-0.077045368,0
2024-10-21T13:00:48.106791240Z,AAPL,0,0,100,0,0,0,0,0,0,0,0,0,0.276395799,0,0,0,0,0,0,0,0,-0.017619752,0
2024-10-21T13:00:48.270719410Z,AAPL,0,0,0,0,0,0,0,0,0,-124,0,0,0,0,0,0,0,0,0,-0.354894104,0,0.027011663,0
2024-10-21T13:00:48.306982169Z,AAPL,0,0,-84,-84,-200,-127,-2,-100,-400,-1,-100,0,-0.240412135,-0.240412135,-0.572409845,-0.363480252,-0.005724098,-0.286204923,-1.144819691,-0.002862049,-0.286204923,0.356950231,0
2024-10-21T13:00:49.286612720Z,AAPL,-2,-2,0,0,0,0,0,0,0,0,0,-0.005720824,0,0,0,0,0,0,0,0,0,0.000113894,0
2024-10-21T13:00:49.631471943Z,AAPL,0,0,0,0,0,-200,0,0,0,0,0,0,0,0,0,-0.541125541,0,0,0,0,0,0.06663024,0
2024-10-21T13:00:49.661620967Z,AAPL,0,0,-200,-20,-1207,-1,-505,-30,-115,-100,-15,0,-0.554785021,-0.055478502,-3.348127601,-0.002773925,-1.400832178,-0.083217753,-0.319001387,-0.27739251,-0.041608877,0.921334386,0
2024-10-21T13:00:49.661634376Z,AAPL,0,0,0,200,1207,1,505,30,115,100,15,0,0,0.541125541,3.265692641,0.002705628,1.366341991,0.081168831,0.311147186,0.270562771,0.040584416,-0.915260357,0
2024-10-21T13:00:49.664098756Z,AAPL,2,2,0,0,0,0,0,0,0,0,0,0.005414185,0,0,0,0,0,0,0,0,0,-0.00010779,0
2024-10-21T13:00:49.688039551Z,AAPL,0,0,0,0,0,200,0,0,0,0,0,0,0,0,0,0.572409845,0,0,0,0,0,-0.07048236,0
2024-10-21T13:00:49.688052684Z,AAPL,0,0,0,0,0,-200,0,0,0,0,0,0,0,0,0,-0.541418517,0,0,0,0,0,0.066666315,0
2024-10-21T13:00:49.716064956Z,AAPL,0,0,0,200,0,0,0,0,0,0,0,0,0,0.541418517,0,0,0,0,0,0,0,-0.056815358,0
2024-10-21T13:00:49.726074065Z,AAPL,-200,-200,0,0,0,127,2,100,400,1,100,-0.556483027,0,0,0,0.353366722,0.00556483,0.278241514,1.112966055,0.002782415,0.278241514,-0.190381303,0
2024-10-21T13:00:49.778826185Z,AAPL,200,200,0,0,0,0,0,0,0,0,0,0.589275192,0,0,0,0,0,0,0,0,0,-0.011731723,0
2024-10-21T13:00:49.778838318Z,AAPL,0,0,0,0,-84,-127,-2,-100,-400,-1,-100,0,0,0,-0.240412135,-0.363480252,-0.005724098,-0.286204923,-1.144819691,-0.002862049,-0.286204923,0.253077444,0
2024-10-21T13:00:54.716822373Z,AAPL,0,0,200,20,0,0,0,0,0,0,0,0,0.572409845,0.057240985,0,0,0,0,0,0,0,-0.042496885,0
2024-10-21T13:00:59.693940803Z,AAPL,0,0,0,0,-200,0,0,0,0,0,0,0,0,0,-0.541418517,0,0,0,0,0,0,0.103259286,0
2024-10-21T13:00:59.747110424Z,AAPL,0,0,0,0,200,0,0,0,0,0,0,0,0,0,0.572409845,0,0,0,0,0,0,-0.109169949,0
2024-10-21T13:00:59.747122038Z,AAPL,-200,-200,0,0,84,127,2,100,400,1,100,-0.556483027,0,0,0.233722871,0.353366722,0.00556483,0.278241514,1.112966055,0.002782415,0.278241514,-0.234956906,0
2024-10-21T13:01:00.264901397Z,AAPL,0,0,0,0,0,0,100,400,1,100,500,0,0,0,0,0,0.244379277,0.977517107,0.002443793,0.244379277,1.221896383,-0.270098836,0
2024-10-21T13:01:02.339834695Z,AAPL,200,200,0,0,0,0,0,0,0,0,0,0.513874615,0,0,0,0,0,0,0,0,0,-0.010230593,0
2024-10-21T13:01:02.339847159Z,AAPL,0,0,0,-200,0,0,0,0,0,0,0,0,0,-0.488758553,0,0,0,0,0,0,0,0.051289328,0
2024-10-21T13:01:02.394404993Z,AAPL,0,0,200,0,0,0,0,0,0,0,0,0,0.488758553,0,0,0,0,0,0,0,0,-0.031157508,0
2024-10-21T13:01:05.134038116Z,AAPL,0,0,-17,0,0,0,0,0,0,0,0,0,-0.041372597,0,0,0,0,0,0,0,0,0.002637431,0
2024-10-21T13:01:05.134048475Z,AAPL,0,0,-200,-20,-1207,-1,-505,-30,-115,-100,-15,0,-0.49776008,-0.049776008,-3.003982081,-0.0024888,-1.256844201,-0.074664012,-0.286212046,-0.24888004,-0.037332006,0.826632768,0
2024-10-21T13:01:05.138120217Z,AAPL,0,0,17,0,0,0,0,0,0,0,0,0,0.042489378,0,0,0,0,0,0,0,0,-0.002708624,0
2024-10-21T13:01:05.235815575Z,AAPL,0,0,200,20,1207,1,505,30,115,100,15,0,0.488758553,0.048875855,2.949657869,0.002443793,1.234115347,0.073313783,0.281036168,0.244379277,0.036656891,-0.811683886,0
2024-10-21T13:01:05.393823832Z,AAPL,100,100,0,0,0,0,0,0,0,0,0,0.250501002,0,0,0,0,0,0,0,0,0,-0.004987158,0
2024-10-21T13:01:05.393825110Z,AAPL,-84,-84,-100,-284,-84,-127,-100,-400,-1,-100,-500,-0.233853007,-0.278396437,-0.79064588,-0.233853007,-0.353563474,-0.278396437,-1.113585746,-0.002783964,-0.278396437,-1.391982183,0.501203531,0
2024-10-21T13:01:05.899852701Z,AAPL,-81,-81,0,0,0,0,0,0,0,0,0,-0.220528179,0,0,0,0,0,0,0,0,0,0.004390437,0
2024-10-21T13:01:05.959248966Z,AAPL,0,0,0,284,84,127,100,400,1,100,500,0,0,0.697274736,0.20623619,0.311809477,0.245519273,0.982077093,0.002455193,0.245519273,1.227596366,-0.422256687,0
2024-10-21T13:01:06.034140717Z,AAPL,0,0,0,-284,-84,-127,-100,-400,-1,-100,-500,0,0,-0.794850266,-0.235096558,-0.355443605,-0.279876854,-1.119507417,-0.002798769,-0.279876854,-1.399384271,0.481346623,0
2024-10-21T13:01:06.159894555Z,AAPL,100,100,0,0,0,0,0,0,0,0,0,0.287935502,0,0,0,0,0,0,0,0,0,-0.005732431,0
2024-10-21T13:01:06.159895738Z,AAPL,-81,-81,-84,-200,-84,-84,-127,-100,-400,-1,-100,-0.233227757,-0.241865822,-0.575871005,-0.241865822,-0.241865822,-0.365678088,-0.287935502,-1.15174201,-0.002879355,-0.287935502,0.365559602,0
2024-10-21T13:01:06.160259036Z,AAPL,-81,-81,0,0,0,0,0,0,0,0,0,-0.227912212,0,0,0,0,0,0,0,0,0,0.004537444,0
2024-10-21T13:01:06.160299314Z,AAPL,0,0,0,0,0,0,127,100,400,1,100,0,0,0,0,0,0.355742297,0.280112045,1.120448179,0.00280112,0.280112045,-0.203473889,0
2024-10-21T13:01:06.417068923Z,AAPL,0,0,0,0,84,127,100,400,1,100,500,0,0,0,0.217054264,0.328165375,0.258397933,1.033591731,0.002583979,0.258397933,1.291989664,-0.367397329,0
2024-10-21T13:01:06.417082645Z,AAPL,0,0,0,0,0,-127,-100,-400,-1,-100,-500,0,0,0,0,-0.336870027,-0.265251989,-1.061007958,-0.00265252,-0.265251989,-1.326259947,0.334647996,0
2024-10-21T13:01:06.419808801Z,AAPL,0,0,-100,0,0,0,0,0,0,0,0,0,-0.258397933,0,0,0,0,0,0,0,0,0.016472419,0
2024-10-21T13:01:06.420441261Z,AAPL,-181,-181,-181,-84,-84,-400,-127,-100,-400,-1,-100,-0.479597244,-0.479597244,-0.222575517,-0.222575517,-1.059883413,-0.336512984,-0.264970853,-1.059883413,-0.002649709,-0.264970853,0.428909456,0
2024-10-21T13:01:06.487767695Z,AAPL,0,0,-200,-20,-1207,-1,-505,-30,-115,-100,-15,0,-0.543035569,-0.054303557,-3.277219658,-0.002715178,-1.371164811,-0.081455335,-0.312245452,-0.271517784,-0.040727668,0.90182201,0
2024-10-21T13:01:06.487780628Z,AAPL,0,0,200,0,0,0,0,0,0,0,0,0,0.515065671,0,0,0,0,0,0,0,0,-0.032834541,0
2024-10-21T13:01:06.928932179Z,AAPL,0,0,100,0,0,0,0,0,0,0,0,0,0.264340471,0,0,0,0,0,0,0,0,-0.016851245,0
2024-10-21T13:01:06.928934336Z,AAPL,-100,-100,0,0,0,0,0,0,0,0,0,-0.257532835,0,0,0,0,0,0,0,0,0,0.005127153,0
2024-10-21T13:01:07.114657176Z,AAPL,0,0,0,0,0,-84,-400,0,0,0,0,0,0,0,0,-0.228074939,-1.086071138,0,0,0,0,0.165999237,0
2024-10-21T13:01:07.491424602Z,AAPL,0,0,200,20,1207,1,505,30,115,100,15,0,0.55959709,0.055959709,3.377168439,0.002797985,1.412982652,0.083939564,0.321768327,0.279798545,0.041969782,-0.929325815,0
2024-10-21T13:01:07.809440257Z,AAPL,0,0,0,0,0,84,127,100,400,1,100,0,0,0,0,0.2417962,0.365572827,0.287852619,1.151410478,0.002878526,0.287852619,-0.238869671,0
2024-10-21T13:01:07.809453384Z,AAPL,0,0,0,0,0,0,-127,-100,-400,-1,-100,0,0,0,0,0,-0.355344152,-0.279798545,-1.11919418,-0.002797985,-0.279798545,0.203246162,0
2024-10-21T13:01:07.864852819Z,AAPL,0,0,-200,-20,-1207,-1,-505,-30,-115,-100,-15,0,-0.574217628,-0.057421763,-3.465403388,-0.002871088,-1.449899512,-0.086132644,-0.330175136,-0.287108814,-0.043066322,0.95360622,0
2024-10-21T13:01:07.864865339Z,AAPL,0,0,0,400,0,0,0,0,0,0,0,0,0,1.030131342,0,0,0,0,0,0,0,-0.108099887,0
2024-10-21T13:01:08.021159560Z,AAPL,0,0,0,0,0,-200,127,100,400,1,100,0,0,0,0,-0.50213407,0.318855134,0.251067035,1.00426814,0.00251067,0.251067035,-0.120546426,0
2024-10-21T13:01:10.260620882Z,AAPL,0,0,0,0,0,0,0,0,0,0,0,0,0,0,0,0,0,0,0,0,0,0,0
2024-10-21T13:01:10.260688910Z,AAPL,0,0,0,0,0,0,0,0,0,0,0,0,0,0,0,0,0,0,0,0,0,0,0
2024-10-21T13:01:13.991855366Z,AAPL,0,0,0,-200,0,0,0,0,0,0,0,0,0,-0.528680941,0,0,0,0,0,0,0,0.055478702,0
2024-10-21T13:01:13.993575048Z,AAPL,0,0,0,-200,0,0,0,0,0,0,0,0,0,-0.55819146,0,0,0,0,0,0,0,0.058575476,0
2024-10-21T13:01:13.993804360Z,AAPL,-104,-104,-81,-181,-84,-284,-127,-100,-400,-1,-100,-0.291806958,-0.227272727,-0.507856341,-0.235690236,-0.796857464,-0.35634119,-0.280583614,-1.122334456,-0.002805836,-0.280583614,0.420477613,0
2024-10-21T13:01:13.993845419Z,AAPL,0,0,0,0,0,0,84,0,0,0,0,0,0,0,0,0,0.24137931,0,0,0,0,-0.030651777,0
2024-10-21T13:01:14.053073117Z,AAPL,0,0,0,0,100,0,0,0,0,0,0,0,0,0,0.295857988,0,0,0,0,0,0,-0.056426006,0
2024-10-21T13:01:14.101635781Z,AAPL,0,0,0,200,0,0,0,0,0,0,0,0,0,0.558659218,0,0,0,0,0,0,0,-0.058624562,0
2024-10-21T13:01:14.254042044Z,AAPL,-100,-100,0,0,0,0,0,0,0,0,0,-0.27173913,0,0,0,0,0,0,0,0,0,0.005409982,0
2024-10-21T13:01:14.254340207Z,AAPL,0,0,0,0,-15,0,0,0,0,0,0,0,0,0,-0.040595399,0,0,0,0,0,0,0.007742351,0
2024-10-21T13:01:14.258450289Z,AAPL,0,0,0,0,15,0,0,0,0,0,0,0,0,0,0.04076087,0,0,0,0,0,0,-0.007773909,0
2024-10-21T13:01:14.551172515Z,AAPL,0,0,0,200,0,0,0,0,0,0,0,0,0,0.515463918,0,0,0,0,0,0,0,-0.054091735,0
2024-10-21T13:01:14.757245185Z,AAPL,-181,-181,-104,-81,-81,-84,-200,-127,-100,-400,-1,-0.454888163,-0.261372204,-0.203568736,-0.203568736,-0.211108319,-0.502638854,-0.319175672,-0.251319427,-1.005277708,-0.002513194,0.313736307,0
2024-10-21T13:01:14.757257838Z,AAPL,0,0,100,0,0,0,0,0,0,0,0,0,0.257798402,0,0,0,0,0,0,0,0,-0.0164342,0
2024-10-21T13:01:14.757605580Z,AAPL,-81,-81,0,0,0,0,0,0,0,0,0,-0.204545455,0,0,0,0,0,0,0,0,0,0.004072241,0
2024-10-21T13:01:14.817149379Z,AAPL,0,0,0,100,0,0,0,0,0,0,0,0,0,0.259067358,0,0,0,0,0,0,0,-0.027186001,0
2024-10-21T13:01:15.017831294Z,AAPL,0,0,-100,0,0,0,0,0,0,0,0,0,-0.252525253,0,0,0,0,0,0,0,0,0.016098046,0
2024-10-21T13:01:22.653792170Z,AAPL,0,0,0,0,0,0,0,127,100,400,1,0,0,0,0,0,0,0.33767615,0.265886732,1.063546929,0.002658867,-0.146008395,0
2024-10-21T13:01:22.653805266Z,AAPL,0,0,0,0,0,0,0,-127,-100,-400,-1,0,0,0,0,0,0,-0.320707071,-0.252525253,-1.01010101,-0.002525253,0.138671104,0
2024-10-21T13:01:22.709886825Z,AAPL,0,0,0,0,0,0,0,-200,0,0,0,0,0,0,0,0,0,-0.505050505,0,0,0,0.061196833,0
2024-10-21T13:01:22.771731264Z,AAPL,0,0,0,-200,0,0,0,0,0,0,0,0,0,-0.531914894,0,0,0,0,0,0,0,0.055818067,0
2024-10-21T13:01:22.771744033Z,AAPL,0,0,0,400,1207,1,505,30,115,100,15,0,0,1.038691249,3.134250844,0.002596728,1.311347702,0.077901844,0.298623734,0.259672812,0.038950922,-0.932920854,0
2024-10-21T13:01:24.376253116Z,AAPL,0,0,0,0,0,0,0,0,0,0,0,0,0,0,0,0,0,0,0,0,0,0,0
2024-10-21T13:01:31.407847430Z,AAPL,0,0,0,0,0,0,200,127,100,400,1,0,0,0,0,0,0.530785563,0.337048832,0.265392781,1.061571125,0.002653928,-0.213139448,0
2024-10-21T13:01:36.770750984Z,AAPL,0,0,0,-400,-1207,-1,-505,-30,-115,-100,-15,0,0,-1.150417026,-3.471383376,-0.002876043,-1.452401496,-0.086281277,-0.330744895,-0.287604257,-0.043140638,1.033269545,0
2024-10-21T13:01:36.770763949Z,AAPL,0,0,0,200,0,0,0,0,0,0,0,0,0,0.543921675,0,0,0,0,0,0,0,-0.057078034,0
2024-10-21T13:01:38.009732596Z,AAPL,0,0,0,200,0,0,0,0,0,0,0,0,0,0.515862781,0,0,0,0,0,0,0,-0.054133591,0
2024-10-21T13:01:38.212599640Z,AAPL,0,0,0,-200,0,0,0,0,0,0,0,0,0,-0.543921675,0,0,0,0,0,0,0,0.057078034,0
2024-10-21T13:01:41.028235004Z,AAPL,0,0,0,0,0,0,-200,0,0,0,0,0,0,0,0,0,-0.543921675,0,0,0,0,0.069070402,0
2024-10-21T13:01:41.825702493Z,AAPL,0,0,0,200,0,0,0,0,0,0,0,0,0,0.515862781,0,0,0,0,0,0,0,-0.054133591,0
2024-10-21T13:01:43.524114303Z,AAPL,-181,-181,-181,-4,-81,-81,-200,-127,-100,-400,-1,-0.465056526,-0.465056526,-0.010277492,-0.208119219,-0.208119219,-0.513874615,-0.32631038,-0.256937307,-1.027749229,-0.002569373,0.311651263,0
2024-10-21T13:01:43.583733107Z,AAPL,0,0,0,100,0,0,0,0,0,0,0,0,0,0.26371308,0,0,0,0,0,0,0,-0.027673514,0
2024-10-21T13:01:43.783882145Z,AAPL,-100,-100,0,0,0,0,0,0,0,0,0,-0.256937307,0,0,0,0,0,0,0,0,0,0.005115297,0
2024-10-21T13:01:45.884946041Z,AAPL,0,0,0,0,0,0,0,0,0,0,0,0,0,0,0,0,0,0,0,0,0,0,-19
2024-10-21T13:01:45.884946041Z,AAPL,-10,-10,0,0,0,0,0,0,0,0,0,-0.025759918,0,0,0,0,0,0,0,0,0,0.000512847,-9
2024-10-21T13:01:45.884946041Z,AAPL,-1,-1,0,0,0,0,0,0,0,0,0,-0.002576656,0,0,0,0,0,0,0,0,0,5.13E-05,-18
2024-10-21T13:01:45.884946041Z,AAPL,-3,-3,0,0,0,0,0,0,0,0,0,-0.007735946,0,0,0,0,0,0,0,0,0,0.000154013,-16
2024-10-21T13:01:45.884946041Z,AAPL,-5,-5,-20,-1607,-1,-505,-30,-115,-100,-15,-109,-0.012876642,-0.051506567,-4.138552665,-0.002575328,-1.300540819,-0.077259851,-0.296162761,-0.257532835,-0.038629925,-0.280710791,0.693656018,-14
2024-10-21T13:01:45.885003513Z,AAPL,0,0,0,-10,0,0,0,0,0,0,0,0,0,-0.025687131,0,0,0,0,0,0,0,0.002695555,0
2024-10-21T13:01:45.885132988Z,AAPL,0,0,-200,0,0,0,0,0,0,0,0,0,-0.541565123,0,0,0,0,0,0,0,0,0.034523835,0
2024-10-21T13:01:45.885143787Z,AAPL,0,0,-200,0,0,0,0,0,0,0,0,0,-0.572573719,0,0,0,0,0,0,0,0,0.036500579,0
2024-10-21T13:01:45.889098836Z,AAPL,0,0,0,10,0,0,0,0,0,0,0,0,0,0.028710881,0,0,0,0,0,0,0,-0.003012861,0
2024-10-21T13:01:45.934608846Z,AAPL,0,0,200,0,0,0,0,0,0,0,0,0,0.543035569,0,0,0,0,0,0,0,0,-0.034617573,0
2024-10-21T13:01:45.952579456Z,AAPL,0,0,-200,0,0,0,0,0,0,0,0,0,-0.574217628,0,0,0,0,0,0,0,0,0.036605375,0
2024-10-21T13:01:46.089830558Z,AAPL,0,0,0,200,1,505,30,115,100,15,109,0,0,0.544514021,0.00272257,1.374897904,0.081677103,0.313095562,0.272257011,0.040838552,0.296760142,-0.327591629,0
2024-10-21T13:01:53.318700214Z,AAPL,-116,-116,-181,-81,-4,-81,-81,-200,-127,-100,-400,-0.353982301,-0.552334452,-0.247177296,-0.012206286,-0.247177296,-0.247177296,-0.610314312,-0.387549588,-0.305157156,-1.220628624,0.366088618,0
2024-10-21T13:01:53.318745624Z,AAPL,0,0,0,-200,-1,-505,-30,-115,-100,-15,-109,0,0,-0.647878199,-0.003239391,-1.635892452,-0.09718173,-0.372529964,-0.323939099,-0.048590865,-0.353093618,0.389777795,0
2024-10-21T13:01:53.319069858Z,AAPL,-16,-16,0,0,0,0,0,0,0,0,0,-0.051563004,0,0,0,0,0,0,0,0,0,0.001026554,0
2024-10-21T13:01:53.319109528Z,AAPL,0,0,0,0,0,0,0,200,127,100,400,0,0,0,0,0,0,0.584453536,0.371127995,0.292226768,1.168907072,-0.223836729,0
2024-10-21T13:01:53.357137118Z,AAPL,4,4,0,0,0,0,0,0,0,0,0,0.01170275,0,0,0,0,0,0,0,0,0,-0.000232987,0
2024-10-21T13:01:53.421896177Z,AAPL,0,0,0,200,1,505,30,115,100,15,109,0,0,0.554323725,0.002771619,1.399667406,0.083148559,0.318736142,0.277161863,0.041574279,0.30210643,-0.333493363,0
2024-10-21T13:01:53.580085827Z,AAPL,0,0,100,0,0,0,0,0,0,0,0,0,0.285062714,0,0,0,0,0,0,0,0,-0.018172252,0
2024-10-21T13:01:53.580087339Z,AAPL,-100,-100,0,0,0,0,0,0,0,0,0,-0.277161863,0,0,0,0,0,0,0,0,0,0.005517942,0
2024-10-21T13:01:53.886883978Z,AAPL,0,0,0,100,0,0,0,0,0,0,0,0,0,0.285062714,0,0,0,0,0,0,0,-0.029913901,0
2024-10-21T13:01:54.087201713Z,AAPL,100,100,0,0,0,0,0,0,0,0,0,0.29342723,0,0,0,0,0,0,0,0,0,-0.005841765,0
2024-10-21T13:01:54.087204965Z,AAPL,-16,-16,-16,-81,-81,-4,-81,-200,-127,-100,-400,-0.051480051,-0.051480051,-0.260617761,-0.260617761,-0.012870013,-0.260617761,-0.643500644,-0.408622909,-0.321750322,-1.287001287,0.362490731,0
2024-10-21T13:01:54.087566172Z,AAPL,-81,-81,0,0,0,0,0,0,0,0,0,-0.253998119,0,0,0,0,0,0,0,0,0,0.005056781,0
2024-10-21T13:01:54.087608499Z,AAPL,0,0,0,0,0,0,0,200,127,100,400,0,0,0,0,0,0,0.570125428,0.362029647,0.285062714,1.140250855,-0.218349284,0
2024-10-21T13:01:54.347089082Z,AAPL,0,0,-100,0,0,0,0,0,0,0,0,0,-0.277161863,0,0,0,0,0,0,0,0,0.017668587,0
2024-10-21T13:01:54.854313070Z,AAPL,100,100,0,0,0,0,0,0,0,0,0,0.285062714,0,0,0,0,0,0,0,0,0,-0.005675238,0
2024-10-21T13:01:54.854320646Z,AAPL,-81,-81,-116,-16,-81,-81,-4,-200,-127,-100,-400,-0.252493766,-0.36159601,-0.049875312,-0.252493766,-0.252493766,-0.012468828,-0.623441397,-0.395885287,-0.311720698,-1.246882793,0.35290943,0
2024-10-21T13:01:54.854683427Z,AAPL,-81,-81,0,0,0,0,0,0,0,0,0,-0.246275464,0,0,0,0,0,0,0,0,0,0.004903033,0
2024-10-21T13:01:54.854726318Z,AAPL,0,0,0,0,0,0,0,200,127,100,400,0,0,0,0,0,0,0.542740841,0.344640434,0.271370421,1.085481682,-0.207861408,0
2024-10-21T13:01:54.914155820Z,AAPL,0,0,0,100,0,0,0,0,0,0,0,0,0,0.278940028,0,0,0,0,0,0,0,-0.029271399,0
2024-10-21T13:01:55.114822843Z,AAPL,0,0,-100,0,0,0,0,0,0,0,0,0,-0.271370421,0,0,0,0,0,0,0,0,0.017299392,0
2024-10-21T13:01:55.619347215Z,AAPL,-181,-181,-181,-16,-16,-81,-81,-200,-127,-100,-400,-0.534711965,-0.534711965,-0.047267356,-0.047267356,-0.23929099,-0.23929099,-0.59084195,-0.375184638,-0.295420975,-1.1816839,0.344841887,0
2024-10-21T13:01:55.619359544Z,AAPL,0,0,100,0,0,0,0,0,0,0,0,0,0.304414003,0,0,0,0,0,0,0,0,-0.019405863,0
2024-10-21T13:01:55.619386195Z,AAPL,0,0,181,16,16,81,81,200,127,100,400,0,0.502219756,0.044395117,0.044395117,0.224750277,0.224750277,0.554938957,0.352386238,0.277469478,1.109877913,-0.313888729,0
2024-10-21T13:01:55.619397108Z,AAPL,0,0,81,0,0,0,0,0,0,0,0,0,0.229917684,0,0,0,0,0,0,0,0,-0.014656853,0
2024-10-21T13:01:55.619408622Z,AAPL,0,0,0,16,81,81,200,127,100,400,1,0,0,0.045610034,0.230900798,0.230900798,0.570125428,0.362029647,0.285062714,1.140250855,0.002850627,-0.306191593,0
2024-10-21T13:01:55.619418677Z,AAPL,0,0,0,81,81,200,127,100,400,1,100,0,0,0.225501114,0.225501114,0.556792873,0.353563474,0.278396437,1.113585746,0.002783964,0.278396437,-0.337458246,0
2024-10-21T13:01:55.619428622Z,AAPL,0,0,0,81,200,127,100,400,1,100,500,0,0,0.201944652,0.498628771,0.31662927,0.249314385,0.997257542,0.002493144,0.249314385,1.246571927,-0.43083084,0
2024-10-21T13:01:55.619439498Z,AAPL,0,0,0,200,127,100,400,1,100,500,105,0,0,0.495662949,0.314745973,0.247831475,0.991325898,0.002478315,0.247831475,1.239157373,0.260223048,-0.407035532,0
2024-10-21T13:01:55.619990738Z,AAPL,-81,-81,0,0,0,0,0,0,0,0,0,-0.196793003,0,0,0,0,0,0,0,0,0,0.0039179,0
2024-10-21T13:01:55.679367069Z,AAPL,100,100,0,0,0,0,0,0,0,0,0,0.249003984,0,0,0,0,0,0,0,0,0,-0.004957354,0
2024-10-21T13:01:55.679377988Z,AAPL,0,0,200,127,100,400,1,100,500,105,63,0,0.502638854,0.319175672,0.251319427,1.005277708,0.002513194,0.251319427,1.256597135,0.263885398,0.158331239,-0.414355245,0
2024-10-21T13:01:55.691001931Z,AAPL,0,0,0,-200,-1,-505,-30,-115,-100,-15,-109,0,0,-0.527843758,-0.002639219,-1.33280549,-0.079176564,-0.303510161,-0.263921879,-0.039588282,-0.287674848,0.317562432,0
2024-10-21T13:01:55.691014779Z,AAPL,0,0,0,0,400,505,30,115,100,15,109,0,0,0,0.957166786,1.208423068,0.071787509,0.275185451,0.239291697,0.035893754,0.260827949,-0.419799122,0
2024-10-21T13:01:55.879929994Z,AAPL,0,0,-200,-127,-100,-400,-1,-100,-500,-105,-63,0,-0.474383302,-0.301233397,-0.237191651,-0.948766603,-0.002371917,-0.237191651,-1.185958254,-0.249051233,-0.14943074,0.391062505,0
2024-10-21T13:01:55.939347809Z,AAPL,-100,-100,0,0,0,0,0,0,0,0,0,-0.231696015,0,0,0,0,0,0,0,0,0,0.004612774,0
2024-10-21T13:01:56.191953909Z,AAPL,0,0,0,-200,0,0,0,0,0,0,0,0,0,-0.442869796,0,0,0,0,0,0,0,0.046473855,0
2024-10-21T13:01:56.246908570Z,AAPL,0,0,0,200,0,0,0,0,0,0,0,0,0,0.46339203,0,0,0,0,0,0,0,-0.048627417,0
2024-10-21T13:01:56.246922313Z,AAPL,0,0,0,-200,0,0,0,0,0,0,0,0,0,-0.442869796,0,0,0,0,0,0,0,0.046473855,0
2024-10-21T13:01:56.993831894Z,AAPL,0,0,0,127,100,400,1,100,500,105,63,0,0,0.303900455,0.239291697,0.957166786,0.002392917,0.239291697,1.196458483,0.251256281,0.150753769,-0.364016032,0
2024-10-21T13:01:56.993844895Z,AAPL,0,0,0,-127,-100,-400,-1,-100,-500,-105,-63,0,0,-0.294253939,-0.231696015,-0.926784059,-0.00231696,-0.231696015,-1.158480074,-0.243280816,-0.145968489,0.352461306,0
2024-10-21T13:01:57.165899729Z,AAPL,0,0,0,0,-400,-505,-30,-115,-100,-15,-109,0,0,0,-1.018848701,-1.286296485,-0.076413653,-0.292919002,-0.254712175,-0.038206826,-0.277636271,0.446851892,0
2024-10-21T13:01:57.165912786Z,AAPL,0,0,0,0,200,505,30,115,100,15,109,0,0,0,0.485908649,1.226919339,0.072886297,0.279397473,0.242954325,0.036443149,0.264820214,-0.333552169,0
2024-10-21T13:01:58.745358302Z,AAPL,0,0,0,0,200,0,0,0,0,0,0,0,0,0,0.485908649,0,0,0,0,0,0,-0.09267245,0
2024-10-21T13:01:59.675052114Z,AAPL,-100,-100,0,0,0,0,0,0,0,0,0,-0.237191651,0,0,0,0,0,0,0,0,0,0.004722186,0
2024-10-21T13:02:00.466387757Z,AAPL,0,0,0,0,200,0,0,0,0,0,0,0,0,0,0.452898551,0,0,0,0,0,0,-0.086376767,0
2024-10-21T13:02:00.466402127Z,AAPL,0,0,0,-200,0,0,0,0,0,0,0,0,0,-0.433275563,0,0,0,0,0,0,0,0.045467056,0
2024-10-21T13:02:00.468799008Z,AAPL,0,0,0,0,-200,0,0,0,0,0,0,0,0,0,-0.452898551,0,0,0,0,0,0,0.086376767,0
2024-10-21T13:02:00.468810088Z,AAPL,0,0,0,0,-200,-505,-30,-115,-100,-15,-109,0,0,0,-0.473260767,-1.194983436,-0.070989115,-0.272124941,-0.236630383,-0.035494558,-0.257927118,0.324870025,0
2024-10-21T13:02:00.468935740Z,AAPL,0,0,0,-400,-127,-100,-400,-1,-100,-500,-105,0,0,-0.955566173,-0.30339226,-0.238891543,-0.955566173,-0.002388915,-0.238891543,-1.194457716,-0.25083612,0.442490278,0
2024-10-21T13:02:00.473030295Z,AAPL,0,0,0,400,127,100,400,1,100,500,105,0,0,0.946521533,0.300520587,0.236630383,0.946521533,0.002366304,0.236630383,1.183151917,0.248461903,-0.438302012,0
2024-10-21T13:02:00.488266361Z,AAPL,-281,-281,-100,-400,-127,-100,-400,-1,-100,-500,-105,-0.681707909,-0.242600679,-0.970402717,-0.308102863,-0.242600679,-0.970402717,-0.002426007,-0.242600679,-1.213003396,-0.254730713,0.478397891,0
2024-10-21T13:02:00.488297237Z,AAPL,0,0,-281,-100,-400,-127,-100,-400,-1,-100,-500,0,-0.75884418,-0.27005131,-1.080205239,-0.342965163,-0.27005131,-1.080205239,-0.002700513,-0.27005131,-1.350256549,0.623433197,0
2024-10-21T13:02:00.488423390Z,AAPL,-8,-8,0,0,0,0,0,0,0,0,0,-0.021557532,0,0,0,0,0,0,0,0,0,0.000429183,0
2024-10-21T13:02:00.499390446Z,AAPL,1,1,0,0,0,0,0,0,0,0,0,0.002695418,0,0,0,0,0,0,0,0,0,-5.37E-05,0
2024-10-21T13:02:00.521318201Z,AAPL,0,0,0,0,0,200,0,0,0,0,0,0,0,0,0,0.56980057,0,0,0,0,0,-0.070161073,0
2024-10-21T13:02:00.521332116Z,AAPL,0,0,0,0,0,-200,0,0,0,0,0,0,0,0,0,-0.539083558,0,0,0,0,0,0.066378805,0
2024-10-21T13:02:00.543537646Z,AAPL,-200,-200,0,0,0,127,100,400,1,100,500,-0.498753117,0,0,0,0.316708229,0.249376559,0.997506234,0.002493766,0.249376559,1.246882793,-0.304689645,0
2024-10-21T13:02:00.547471734Z,AAPL,0,0,0,0,127,100,400,1,100,500,105,0,0,0,0.316313823,0.249066002,0.99626401,0.00249066,0.249066002,1.245330012,0.261519303,-0.356790147,0
2024-10-21T13:02:00.557303929Z,AAPL,0,0,0,0,-127,-100,-400,-1,-100,-500,-105,0,0,0,-0.317817818,-0.25025025,-1.001001001,-0.002502503,-0.25025025,-1.251251251,-0.262762763,0.358486597,0
2024-10-21T13:02:00.558727390Z,AAPL,200,200,0,0,0,0,0,0,0,0,0,0.52687039,0,0,0,0,0,0,0,0,0,-0.010489323,0
2024-10-21T13:02:00.561398333Z,AAPL,0,0,0,0,127,100,400,1,100,500,105,0,0,0,0.332896461,0.262123198,1.048492792,0.002621232,0.262123198,1.31061599,0.275229358,-0.375494742,0
2024-10-21T13:02:00.572273497Z,AAPL,-8,-8,-81,-281,-127,-100,-400,-1,-100,-500,-105,-0.021102611,-0.213663941,-0.741229227,-0.335003957,-0.263782643,-1.055130572,-0.002637826,-0.263782643,-1.318913216,-0.276971775,0.469695836,0
2024-10-21T13:02:00.603031343Z,AAPL,0,0,0,0,100,0,0,0,0,0,0,0,0,0,0.270929287,0,0,0,0,0,0,-0.051671607,0
2024-10-21T13:02:00.603034863Z,AAPL,0,0,0,0,100,0,0,0,0,0,0,0,0,0,0.278473963,0,0,0,0,0,0,-0.053110527,0
2024-10-21T13:02:00.632932221Z,AAPL,0,0,-200,0,0,0,0,0,0,0,0,0,-0.527565286,0,0,0,0,0,0,0,0,0.03363137,0
2024-10-21T13:02:00.753033427Z,AAPL,0,0,0,0,200,0,0,0,0,0,0,0,0,0,0.501127537,0,0,0,0,0,0,-0.095574994,0
2024-10-21T13:02:00.763036835Z,AAPL,0,0,0,0,200,0,0,0,0,0,0,0,0,0,0.477213076,0,0,0,0,0,0,-0.091014031,0
2024-10-21T13:02:00.828077266Z,AAPL,0,0,200,0,0,0,0,0,0,0,0,0,0.501127537,0,0,0,0,0,0,0,0,-0.031946009,0
2024-10-21T13:02:00.828089935Z,AAPL,0,0,0,0,0,-127,-100,-400,-1,-100,-500,0,0,0,0,-0.326394243,-0.257003341,-1.028013364,-0.002570033,-0.257003341,-1.285016705,0.324241312,0
2024-10-21T13:02:00.831877617Z,AAPL,-200,-200,0,0,0,0,0,0,0,0,0,-0.488878025,0,0,0,0,0,0,0,0,0,0.009732943,0
2024-10-21T13:02:00.831882513Z,AAPL,0,0,-100,0,0,0,0,0,0,0,0,0,-0.238606538,0,0,0,0,0,0,0,0,0.015210752,0
2024-10-21T13:02:00.850825310Z,AAPL,0,0,0,0,0,0,0,0,0,0,0,0,0,0,0,0,0,0,0,0,0,0,-20
2024-10-21T13:02:00.850825310Z,AAPL,-20,-20,-1207,-1,-905,-30,-115,-100,-15,-109,-10,-0.04743833,-2.862903226,-0.002371917,-2.14658444,-0.071157495,-0.272770398,-0.237191651,-0.035578748,-0.258538899,-0.023719165,0.690090162,0
2024-10-21T13:02:00.850908070Z,AAPL,0,0,0,-23,0,0,0,0,0,0,0,0,0,-0.05425808,0,0,0,0,0,0,0,0.005693732,0
2024-10-21T13:02:00.850932826Z,AAPL,0,0,0,0,0,-86,0,0,0,0,0,0,0,0,0,-0.198843931,0,0,0,0,0,0.024484187,0
2024-10-21T13:02:00.851097126Z,AAPL,-281,-281,-108,-104,-81,-486,-127,-100,-400,-1,-100,-0.664459683,-0.255379522,-0.245921022,-0.191534642,-1.149207851,-0.300307401,-0.236462521,-0.945850083,-0.002364625,-0.236462521,0.405116314,0
2024-10-21T13:02:00.851457343Z,AAPL,-16,-16,0,0,0,0,0,0,0,0,0,-0.037691402,0,0,0,0,0,0,0,0,0,0.000750388,0
2024-10-21T13:02:00.855017272Z,AAPL,0,0,0,0,23,0,0,0,0,0,0,0,0,0,0.054476551,0,0,0,0,0,0,-0.010389762,0
2024-10-21T13:02:00.855026125Z,AAPL,0,0,0,0,0,0,86,0,0,0,0,0,0,0,0,0,0.207930368,0,0,0,0,-0.026404232,0
2024-10-21T13:02:00.876214037Z,AAPL,-20,-20,-281,-108,-81,-81,-400,-127,-100,-400,-1,-0.04743833,-0.666508539,-0.256166983,-0.192125237,-0.192125237,-0.948766603,-0.301233397,-0.237191651,-0.948766603,-0.002371917,0.381344702,0
2024-10-21T13:02:00.889534250Z,AAPL,0,0,4,0,0,0,0,0,0,0,0,0,0.009496676,0,0,0,0,0,0,0,0,-0.000605397,0
2024-10-21T13:02:00.899219069Z,AAPL,0,0,0,0,0,0,-200,127,100,400,1,0,0,0,0,0,-0.498380264,0.316471468,0.249190132,0.996760528,0.002491901,-0.073552381,0
2024-10-21T13:02:00.927615176Z,AAPL,0,0,0,0,0,0,0,0,0,0,0,0,0,0,0,0,0,0,0,0,0,0,-900
2024-10-21T13:02:00.927615176Z,AAPL,-900,-900,0,0,0,0,0,0,0,0,0,-2.891101831,0,0,0,0,0,0,0,0,0,0.057558178,0
2024-10-21T13:02:00.927646147Z,AAPL,-81,-81,-16,-281,-108,-81,-281,-127,-100,-400,-1,-0.244565217,-0.048309179,-0.848429952,-0.326086957,-0.244565217,-0.848429952,-0.383454106,-0.301932367,-1.207729469,-0.003019324,0.462827443,0
2024-10-21T13:02:00.927671794Z,AAPL,0,0,0,-200,0,0,0,0,0,0,0,0,0,-0.642673522,0,0,0,0,0,0,0,0.067440852,0
2024-10-21T13:02:00.927682794Z,AAPL,0,0,0,-200,0,0,0,0,0,0,0,0,0,-0.686813187,0,0,0,0,0,0,0,0.072072779,0
2024-10-21T13:02:00.928003213Z,AAPL,-81,-81,0,0,0,0,0,0,0,0,0,-0.270631473,0,0,0,0,0,0,0,0,0,0.00538793,0
2024-10-21T13:02:00.928041580Z,AAPL,0,0,0,0,0,0,0,81,0,0,0,0,0,0,0,0,0,0.278159341,0,0,0,-0.033704492,0
2024-10-21T13:02:00.935398656Z,AAPL,0,0,0,0,200,0,0,0,0,0,0,0,0,0,0.737463127,0,0,0,0,0,0,-0.140648895,0
2024-10-21T13:02:00.935401504Z,AAPL,0,0,0,0,0,100,0,0,0,0,0,0,0,0,0,0.382848392,0,0,0,0,0,-0.04714115,0
2024-10-21T13:02:00.973406066Z,AAPL,200,200,0,0,0,0,0,0,0,0,0,0.829187396,0,0,0,0,0,0,0,0,0,-0.016508072,0
2024-10-21T13:02:01.033287331Z,AAPL,0,0,0,400,0,0,0,0,0,0,0,0,0,1.422475107,0,0,0,0,0,0,0,-0.149271644,0
2024-10-21T13:02:01.135551441Z,AAPL,0,0,-100,0,0,0,0,0,0,0,0,0,-0.343406593,0,0,0,0,0,0,0,0,0.021891573,0
2024-10-21T13:02:01.188132386Z,AAPL,-200,-200,0,0,0,0,0,0,0,0,0,-0.642673522,0,0,0,0,0,0,0,0,0,0.012794816,0
2024-10-21T13:02:01.533605979Z,AAPL,81,81,0,0,0,0,0,0,0,0,0,0.267238535,0,0,0,0,0,0,0,0,0,-0.005320381,0
2024-10-21T13:02:01.533611324Z,AAPL,0,0,81,0,0,0,0,0,0,0,0,0,0.274576271,0,0,0,0,0,0,0,0,-0.01750376,0
2024-10-21T13:02:01.533616664Z,AAPL,0,0,0,81,8,81,200,127,100,400,1,0,0,0.275979557,0.02725724,0.275979557,0.681431005,0.432708688,0.340715503,1.36286201,0.003407155,-0.341773171,0
2024-10-21T13:02:01.533622158Z,AAPL,0,0,0,0,81,200,127,100,400,1,100,0,0,0,0.267591675,0.660720185,0.419557317,0.330360093,1.32144037,0.003303601,0.330360093,-0.372365467,0
2024-10-21T13:02:01.533628256Z,AAPL,0,0,0,81,200,127,100,400,1,100,500,0,0,0.235055136,0.580383053,0.368543239,0.290191526,1.160766106,0.002901915,0.290191526,1.450957632,-0.501469095,0
2024-10-21T13:02:01.533638903Z,AAPL,0,0,0,200,127,100,400,1,100,500,105,0,0,0.576368876,0.365994236,0.288184438,1.152737752,0.002881844,0.288184438,1.44092219,0.30259366,-0.47331077,0
2024-10-21T13:02:01.533643884Z,AAPL,-200,-200,-100,-200,-127,-100,-400,-1,-100,-500,-105,-0.580383053,-0.290191526,-0.580383053,-0.368543239,-0.290191526,-1.160766106,-0.002901915,-0.290191526,-1.450957632,-0.304701103,0.506661086,0
2024-10-21T13:02:01.592865605Z,AAPL,0,0,0,200,127,100,400,1,100,500,105,0,0,0.579542162,0.368009273,0.289771081,1.159084323,0.002897711,0.289771081,1.448855404,0.304259635,-0.475916653,0
2024-10-21T13:02:01.793250270Z,AAPL,-200,-200,0,0,0,0,0,0,0,0,0,-0.547795125,0,0,0,0,0,0,0,0,0,0.010905908,0
2024-10-21T13:02:03.532792430Z,AAPL,0,0,0,-200,0,0,0,0,0,0,0,0,0,-0.547795125,0,0,0,0,0,0,0,0.057484506,0
2024-10-21T13:02:04.538283059Z,AAPL,0,0,0,0,0,0,0,0,0,0,0,0,0,0,0,0,0,0,0,0,0,0,-180
2024-10-21T13:02:04.538283059Z,AAPL,-180,-180,0,0,0,0,0,0,0,0,0,-0.518582541,0,0,0,0,0,0,0,0,0,0.010324322,0
2024-10-21T13:02:04.538335499Z,AAPL,0,0,0,-400,0,0,0,0,0,0,0,0,0,-1.302507327,0,0,0,0,0,0,0,0.136682469,0
2024-10-21T13:02:04.557444177Z,AAPL,0,0,0,200,0,0,0,0,0,0,0,0,0,0.611433812,0,0,0,0,0,0,0,-0.06416262,0
2024-10-21T13:02:04.585465906Z,AAPL,0,0,0,200,0,0,0,0,0,0,0,0,0,0.576202823,0,0,0,0,0,0,0,-0.060465552,0
2024-10-21T13:02:04.612481758Z,AAPL,0,0,0,127,100,400,1,100,500,105,63,0,0,0.380923815,0.299940012,1.199760048,0.0029994,0.299940012,1.49970006,0.314937013,0.188962208,-0.456275644,0
2024-10-21T13:02:04.612494059Z,AAPL,0,0,0,-127,-100,-400,-1,-100,-500,-105,-63,0,0,-0.365888793,-0.288101412,-1.152405647,-0.002881014,-0.288101412,-1.440507058,-0.302506482,-0.181503889,0.438266493,0
2024-10-21T13:02:05.526065625Z,AAPL,0,0,0,-200,0,0,0,0,0,0,0,0,0,-0.611433812,0,0,0,0,0,0,0,0.06416262,0
2024-10-21T13:02:05.526078693Z,AAPL,0,0,0,200,505,30,115,100,15,109,10,0,0,0.619962802,1.565406076,0.09299442,0.356478611,0.309981401,0.04649721,0.337879727,0.03099814,-0.490373159,0
2024-10-21T13:02:05.613608760Z,AAPL,0,0,0,0,0,0,0,0,0,0,0,0,0,0,0,0,0,0,0,0,0,0,-127
2024-10-21T13:02:05.613608760Z,AAPL,-120,-120,0,0,0,0,0,0,0,0,0,-0.386349002,0,0,0,0,0,0,0,0,0,0.00769172,-7
2024-10-21T13:02:05.613608760Z,AAPL,-7,-7,-1,-200,-505,-30,-115,-100,-15,-109,-10,-0.022264631,-0.003180662,-0.636132316,-1.606234097,-0.095419847,-0.365776081,-0.318066158,-0.047709924,-0.346692112,-0.031806616,0.503808812,-120
2024-10-21T13:02:05.613676908Z,AAPL,0,0,-200,-505,-30,-115,-100,-15,-109,-10,-45,0,-0.654878847,-1.65356909,-0.098231827,-0.376555337,-0.327439424,-0.049115914,-0.356908972,-0.032743942,-0.147347741,0.374781998,0
2024-10-21T13:02:05.613767492Z,AAPL,0,0,0,0,-127,-100,-400,-1,-100,-500,-105,0,0,0,-0.4184514,-0.329489292,-1.317957166,-0.003294893,-0.329489292,-1.647446458,-0.345963756,0.471997509,0
2024-10-21T13:02:05.614743449Z,AAPL,-281,-281,-200,-200,-86,-127,-100,-400,-1,-100,-500,-1.10760741,-0.788332676,-0.788332676,-0.338983051,-0.50059125,-0.394166338,-1.576665353,-0.003941663,-0.394166338,-1.970831691,0.716972037,0
2024-10-21T13:02:05.614959701Z,AAPL,0,0,0,-4,0,0,0,0,0,0,0,0,0,-0.015741834,0,0,0,0,0,0,0,0.001651916,0
2024-10-21T13:02:05.615589936Z,AAPL,0,0,0,0,0,0,0,0,0,0,0,0,0,0,0,0,0,0,0,0,0,0,-1
2024-10-21T13:02:05.615589936Z,AAPL,-1,-1,-505,-30,-115,-100,-15,-109,-10,-45,-110,-0.003787879,-1.912878788,-0.113636364,-0.435606061,-0.378787879,-0.056818182,-0.412878788,-0.037878788,-0.170454545,-0.416666667,0.372001932,0
2024-10-21T13:02:05.615614835Z,AAPL,-2,-2,-281,-204,-200,-86,-127,-100,-400,-1,-100,-0.007870917,-1.105863833,-0.80283353,-0.787091696,-0.338449429,-0.499803227,-0.393545848,-1.574183392,-0.003935458,-0.393545848,0.632561956,0
2024-10-21T13:02:05.615952955Z,AAPL,0,0,-2,-281,-204,-200,-86,-127,-100,-400,-1,0,-0.007627765,-1.071700992,-0.778032037,-0.762776506,-0.327993898,-0.484363082,-0.381388253,-1.525553013,-0.003813883,0.606342521,0
2024-10-21T13:02:05.615975118Z,AAPL,-4,-4,0,0,0,0,0,0,0,0,0,-0.015232292,0,0,0,0,0,0,0,0,0,0.000303256,0
2024-10-21T13:02:05.617862987Z,AAPL,0,0,0,0,0,0,0,127,100,400,1,0,0,0,0,0,0,0.499803227,0.393545848,1.574183392,0.003935458,-0.216110812,0
2024-10-21T13:02:05.619066257Z,AAPL,0,0,0,0,0,4,0,0,0,0,0,0,0,0,0,0.015766654,0,0,0,0,0,-0.00194139,0
2024-10-21T13:02:05.673847211Z,AAPL,0,0,0,0,100,0,0,0,0,0,0,0,0,0,0.410340583,0,0,0,0,0,0,-0.078260115,0
2024-10-21T13:02:05.675014223Z,AAPL,0,0,0,0,100,0,0,0,0,0,0,0,0,0,0.427899016,0,0,0,0,0,0,-0.081608858,0
2024-10-21T13:02:05.675016935Z,AAPL,0,0,0,0,0,200,127,100,400,1,100,0,0,0,0,0.894054537,0.567724631,0.447027269,1.788109075,0.004470273,0.447027269,-0.434808739,0
2024-10-21T13:02:05.715696027Z,AAPL,1,1,0,0,0,0,0,0,0,0,0,0.004472272,0,0,0,0,0,0,0,0,0,-8.90E-05,0
2024-10-21T13:02:05.725381659Z,AAPL,0,0,0,0,0,400,15,109,10,45,110,0,0,0,0,1.577287066,0.059148265,0.429810726,0.039432177,0.177444795,0.433753943,-0.30699766,0
2024-10-21T13:02:05.875153265Z,AAPL,0,0,-200,0,0,0,0,0,0,0,0,0,-0.730994152,0,0,0,0,0,0,0,0,0.046599606,0
2024-10-21T13:02:05.882759100Z,AAPL,0,0,0,-100,0,0,0,0,0,0,0,0,0,-0.352609309,0,0,0,0,0,0,0,0.037002103,0
2024-10-21T13:02:06.177206010Z,AAPL,0,0,100,0,0,0,0,0,0,0,0,0,0.365497076,0,0,0,0,0,0,0,0,-0.023299803,0
2024-10-21T13:02:06.377828230Z,AAPL,0,0,100,0,0,0,0,0,0,0,0,0,0.379362671,0,0,0,0,0,0,0,0,-0.024183711,0
2024-10-21T13:02:06.377834609Z,AAPL,-100,-100,0,0,0,0,0,0,0,0,0,-0.365497076,0,0,0,0,0,0,0,0,0,0.007276584,0
2024-10-21T13:02:06.642038480Z,AAPL,0,0,0,0,200,-400,-15,-109,-10,-45,-110,0,0,0,0.758725341,-1.517450683,-0.056904401,-0.413505311,-0.037936267,-0.170713202,-0.417298938,0.150647293,0
2024-10-21T13:02:07.056407619Z,AAPL,0,0,0,200,-200,0,0,0,0,0,0,0,0,0.758725341,-0.758725341,0,0,0,0,0,0,0.065084928,0
2024-10-21T13:02:07.667678198Z,AAPL,0,0,200,30,115,100,15,109,10,45,110,0,0.788643533,0.11829653,0.453470032,0.394321767,0.059148265,0.429810726,0.039432177,0.177444795,0.433753943,-0.310510179,0
2024-10-21T13:02:13.203808325Z,AAPL,0,0,0,0,0,-200,0,0,0,0,0,0,0,0,0,-0.730994152,0,0,0,0,0,0.090009272,0
2024-10-21T13:02:13.262517762Z,AAPL,0,0,0,0,0,200,0,0,0,0,0,0,0,0,0,0.788643533,0,0,0,0,0,-0.097107794,0
2024-10-21T13:02:13.262530556Z,AAPL,0,0,0,-400,0,127,100,400,1,100,500,0,0,-1.236093943,0,0.392459827,0.309023486,1.236093943,0.003090235,0.309023486,1.545117429,-0.260157937,0
2024-10-21T13:02:14.078140536Z,AAPL,-1,-1,0,0,0,0,0,0,0,0,0,-0.00308928,0,0,0,0,0,0,0,0,0,6.15E-05,0
2024-10-21T13:02:16.458029734Z,AAPL,0,0,-200,-30,-115,-100,-15,-109,-10,-45,-110,0,-0.637551801,-0.09563277,-0.366592286,-0.318775901,-0.047816385,-0.347465732,-0.03187759,-0.143449155,-0.350653491,0.251021299,0
2024-10-21T13:02:16.458042005Z,AAPL,0,0,0,0,200,0,0,0,0,0,0,0,0,0,0.599340725,0,0,0,0,0,0,-0.114306204,0
2024-10-21T13:02:17.186032750Z,AAPL,-105,-105,-82,-502,-81,-127,-100,-400,-1,-100,-500,-0.369588173,-0.288630764,-1.766983457,-0.285110876,-0.447025695,-0.351988736,-1.407954945,-0.003519887,-0.351988736,-1.759943682,0.709634776,0
2024-10-21T13:02:17.186071606Z,AAPL,0,0,0,0,-200,0,0,0,0,0,0,0,0,0,-0.757288906,0,0,0,0,0,0,0.144430065,0
2024-10-21T13:02:17.186181809Z,AAPL,-16,-16,0,0,0,0,0,0,0,0,0,-0.060218291,0,0,0,0,0,0,0,0,0,0.00119887,0
2024-10-21T13:02:17.186194946Z,AAPL,0,0,0,0,0,127,100,400,1,100,500,0,0,0,0,0.412873862,0.325097529,1.300390117,0.003250975,0.325097529,1.625487646,-0.410150503,0
2024-10-21T13:02:17.186538717Z,AAPL,-20,-20,-105,-82,-502,-127,-100,-400,-1,-100,-500,-0.077279753,-0.405718702,-0.316846986,-1.939721793,-0.49072643,-0.386398764,-1.545595054,-0.003863988,-0.386398764,-1.931993818,0.918084777,0
2024-10-21T13:02:17.186674729Z,AAPL,-48,-48,0,0,0,0,0,0,0,0,0,-0.182094082,0,0,0,0,0,0,0,0,0,0.003625263,0
2024-10-21T13:02:17.186686642Z,AAPL,0,0,0,0,0,2,0,0,0,0,0,0,0,0,0,0.007593014,0,0,0,0,0,-0.000934948,0
2024-10-21T13:02:17.186892213Z,AAPL,0,0,0,0,500,127,100,400,1,100,500,0,0,0,1.638269987,0.416120577,0.327653997,1.31061599,0.00327654,0.327653997,1.638269987,-0.725826491,0
2024-10-21T13:02:17.190125762Z,AAPL,-60,-60,-20,-105,-500,-127,-100,-400,-1,-100,-500,-0.227790433,-0.075930144,-0.398633257,-1.898253607,-0.482156416,-0.379650721,-1.518602885,-0.003796507,-0.379650721,-1.898253607,0.892217999,0
2024-10-21T13:02:17.190140340Z,AAPL,0,0,0,4,0,0,0,0,0,0,0,0,0,0.015209125,0,0,0,0,0,0,0,-0.001596015,0
2024-10-21T13:02:17.190162546Z,AAPL,0,0,0,0,4,0,0,0,0,0,0,0,0,0,0.015232292,0,0,0,0,0,0,-0.002905101,0
2024-10-21T13:02:17.190465707Z,AAPL,0,0,0,0,0,0,0,0,0,0,0,0,0,0,0,0,0,0,0,0,0,0,60
2024-10-21T13:02:17.190465707Z,AAPL,60,60,16,101,500,127,100,400,1,100,500,0.197109067,0.052562418,0.331800263,1.642575558,0.417214192,0.328515112,1.314060447,0.003285151,0.328515112,1.642575558,-0.76982745,0
2024-10-21T13:02:17.190483254Z,AAPL,0,0,0,0,400,0,0,0,0,0,0,0,0,0,1.512859304,0,0,0,0,0,0,-0.288532377,0
2024-10-21T13:02:17.190634749Z,AAPL,12,12,0,0,0,0,0,0,0,0,0,0.045592705,0,0,0,0,0,0,0,0,0,-0.000907693,0
2024-10-21T13:02:17.246026005Z,AAPL,0,0,0,0,127,100,400,1,100,500,105,0,0,0,0.481607888,0.379218809,1.516875237,0.003792188,0.379218809,1.896094046,0.39817975,-0.543235662,0
2024-10-21T13:02:17.246305868Z,AAPL,0,0,0,100,0,0,0,0,0,0,0,0,0,0.394166338,0,0,0,0,0,0,0,-0.041363014,0
2024-10-21T13:02:17.291149576Z,AAPL,0,0,0,0,200,0,0,0,0,0,0,0,0,0,0.730727073,0,0,0,0,0,0,-0.139364195,0
2024-10-21T13:02:17.291164570Z,AAPL,0,0,0,0,-127,-100,-400,-1,-100,-500,-105,0,0,0,-0.448446328,-0.353107345,-1.412429379,-0.003531073,-0.353107345,-1.765536723,-0.370762712,0.505830664,0
2024-10-21T13:02:17.326291877Z,AAPL,0,0,0,0,-200,0,0,0,0,0,0,0,0,0,-0.659630607,0,0,0,0,0,0,0.125804684,0
2024-10-21T13:02:17.451147618Z,AAPL,-200,-200,0,0,0,0,0,0,0,0,0,-0.618811881,0,0,0,0,0,0,0,0,0,0.012319761,0
2024-10-21T13:02:17.451151260Z,AAPL,0,0,-16,-1,-400,-127,-100,-400,-1,-100,-500,0,-0.056497175,-0.003531073,-1.412429379,-0.448446328,-0.353107345,-1.412429379,-0.003531073,-0.353107345,-1.765536723,0.71883886,0
2024-10-21T13:02:19.513201357Z,AAPL,0,0,200,0,-200,0,0,0,0,0,0,0,0.706214689,0,-0.706214689,0,0,0,0,0,0,0.089669237,0
2024-10-21T13:02:19.536601031Z,AAPL,0,0,0,0,0,0,0,0,0,0,0,0,0,0,0,0,0,0,0,0,0,0,1
2024-10-21T13:02:19.536601031Z,AAPL,1,1,0,0,0,0,0,0,0,0,0,0.003532321,0,0,0,0,0,0,0,0,0,-7.03E-05,0
2024-10-21T13:02:19.876892416Z,AAPL,0,0,-200,0,0,0,0,0,0,0,0,0,-0.760167237,0,0,0,0,0,0,0,0,0.04845934,0
2024-10-21T13:02:19.876904712Z,AAPL,0,0,0,0,200,0,0,0,0,0,0,0,0,0,0.706464147,0,0,0,0,0,0,-0.134736772,0
2024-10-21T13:02:20.932833275Z,AAPL,0,0,0,0,-200,0,0,0,0,0,0,0,0,0,-0.760167237,0,0,0,0,0,0,0.14497902,0
2024-10-21T13:02:20.933057922Z,AAPL,-247,-247,-100,-16,-1,-400,-127,-100,-400,-1,-100,-0.945273632,-0.382701875,-0.0612323,-0.003827019,-1.530807501,-0.486031382,-0.382701875,-1.530807501,-0.003827019,-0.382701875,0.516859022,0
2024-10-21T13:02:20.992255017Z,AAPL,0,0,100,0,0,0,0,0,0,0,0,0,0.39793076,0,0,0,0,0,0,0,0,-0.025367394,0
2024-10-21T13:02:20.992403217Z,AAPL,0,0,0,16,1,400,127,100,400,1,100,0,0,0.063668922,0.003979308,1.59172304,0.505372065,0.39793076,1.59172304,0.003979308,0.39793076,-0.492490963,0
2024-10-21T13:02:21.000274259Z,AAPL,0,0,0,0,0,400,15,109,10,45,110,0,0,0,0,1.421969428,0.053323854,0.387486669,0.035549236,0.159971561,0.391041593,-0.276767176,0
2024-10-21T13:02:21.192906010Z,AAPL,-200,-200,0,0,0,0,0,0,0,0,0,-0.663790242,0,0,0,0,0,0,0,0,0,0.013215224,0
2024-10-21T13:02:21.563478775Z,AAPL,0,0,0,0,0,200,0,0,0,0,0,0,0,0,0,0.710984714,0,0,0,0,0,-0.087545456,0
2024-10-21T13:02:21.563491796Z,AAPL,0,0,0,-200,0,127,100,400,1,100,500,0,0,-0.603682463,0,0.383338364,0.301841232,1.207364926,0.003018412,0.301841232,1.509206158,-0.317460614,0
2024-10-21T13:02:22.575417566Z,AAPL,0,0,0,0,0,0,0,0,0,0,0,0,0,0,0,0,0,0,0,0,0,0,6
2024-10-21T13:02:22.575417566Z,AAPL,6,6,0,0,0,0,0,0,0,0,0,0.018143332,0,0,0,0,0,0,0,0,0,-0.000361211,0
2024-10-21T13:02:22.644977353Z,AAPL,0,0,0,200,0,0,0,0,0,0,0,0,0,0.643707757,0,0,0,0,0,0,0,-0.067549382,0
2024-10-21T13:02:22.644990352Z,AAPL,0,0,0,0,0,-127,-100,-400,-1,-100,-500,0,0,0,0,-0.422347855,-0.332557366,-1.330229465,-0.003325574,-0.332557366,-1.662786831,0.419562004,0
2024-10-21T13:02:26.004586835Z,AAPL,0,0,0,0,0,-400,-15,-109,-10,-45,-110,0,0,0,0,-1.477650536,-0.055411895,-0.402659771,-0.036941263,-0.166235685,-0.406353897,0.287604753,0
2024-10-21T13:02:26.004599650Z,AAPL,0,0,0,0,0,400,0,0,0,0,0,0,0,0,0,1.287415513,0,0,0,0,0,-0.158522927,0
2024-10-21T13:02:26.805812700Z,AAPL,0,0,0,0,-1,-400,-127,-100,-400,-1,-100,0,0,0,-0.003321156,-1.328462305,-0.421786782,-0.332115576,-1.328462305,-0.003321156,-0.332115576,0.405459885,0
2024-10-21T13:02:26.805844770Z,AAPL,0,0,0,0,0,0,0,-127,-100,-400,-1,0,0,0,0,0,0,-0.409809616,-0.322684737,-1.290738948,-0.003226847,0.177198313,0
2024-10-21T13:02:26.806107899Z,AAPL,-276,-276,-147,-16,-4,-1,-400,-89,-127,-100,-400,-1.02108768,-0.543840178,-0.059193489,-0.014798372,-0.003699593,-1.479837218,-0.329263781,-0.469848317,-0.369959304,-1.479837218,0.486024,0
2024-10-21T13:02:26.806466236Z,AAPL,-16,-16,0,0,0,0,0,0,0,0,0,-0.058845164,0,0,0,0,0,0,0,0,0,0.001171533,0
2024-10-21T13:02:26.806545827Z,AAPL,0,0,0,0,0,0,0,0,0,0,0,0,0,0,0,0,0,0,0,0,0,0,-505
2024-10-21T13:02:26.806545827Z,AAPL,-500,-500,0,0,0,0,0,0,0,0,0,-2.253267237,0,0,0,0,0,0,0,0,0,0.044859699,-5
2024-10-21T13:02:26.806545827Z,AAPL,-5,-5,-30,-115,-100,-415,-109,-10,-45,-110,-100,-0.022036139,-0.132216836,-0.506831203,-0.440722785,-1.828999559,-0.480387836,-0.044072279,-0.198325253,-0.484795064,-0.440722785,0.529120546,-500
2024-10-21T13:02:26.806571123Z,AAPL,-20,-20,-276,-147,-16,-4,-1,-400,-89,-127,-100,-0.087912088,-1.213186813,-0.646153846,-0.07032967,-0.017582418,-0.004395604,-1.758241758,-0.391208791,-0.558241758,-0.43956044,0.490384697,0
2024-10-21T13:02:26.806584268Z,AAPL,-100,-100,0,0,0,0,0,0,0,0,0,-0.421052632,0,0,0,0,0,0,0,0,0,0.008382625,0
2024-10-21T13:02:26.806596745Z,AAPL,-100,-100,0,0,0,0,0,0,0,0,0,-0.404040404,0,0,0,0,0,0,0,0,0,0.008043933,0
2024-10-21T13:02:26.806614516Z,AAPL,0,0,0,0,-400,0,0,0,0,0,0,0,0,0,-1.927710843,0,0,0,0,0,0,0.367652822,0
2024-10-21T13:02:26.806616034Z,AAPL,100,100,0,0,0,0,0,0,0,0,0,0.506329114,0,0,0,0,0,0,0,0,0,-0.010080372,0
2024-10-21T13:02:26.806637489Z,AAPL,100,100,0,0,0,0,0,0,0,0,0,0.533333333,0,0,0,0,0,0,0,0,0,-0.010617992,0
2024-10-21T13:02:26.806690074Z,AAPL,100,100,0,0,0,0,0,0,0,0,0,0.563380282,0,0,0,0,0,0,0,0,0,-0.011216188,0
2024-10-21T13:02:26.806928491Z,AAPL,-82,-82,0,0,0,0,0,0,0,0,0,-0.441572429,0,0,0,0,0,0,0,0,0,0.008791148,0
2024-10-21T13:02:26.808727277Z,AAPL,0,0,0,0,0,0,0,0,0,127,100,0,0,0,0,0,0,0,0,0.67987152,0.535331906,-0.096346736,0
2024-10-21T13:02:26.809920136Z,AAPL,0,0,0,0,0,0,1,400,127,100,400,0,0,0,0,0,0.004416961,1.766784452,0.560954064,0.441696113,1.766784452,-0.445926946,0
2024-10-21T13:02:26.844545346Z,AAPL,0,0,4,0,0,0,0,0,0,0,0,0,0.017699115,0,0,0,0,0,0,0,0,-0.001128288,0
2024-10-21T13:02:26.865265424Z,AAPL,0,0,0,100,0,0,0,0,0,0,0,0,0,0.462962963,0,0,0,0,0,0,0,-0.048582391,0
2024-10-21T13:02:26.866143539Z,AAPL,0,0,0,100,100,0,0,0,0,0,0,0,0,0.510204082,0.510204082,0,0,0,0,0,0,-0.15084585,0
2024-10-21T13:02:26.906652410Z,AAPL,6,6,0,0,0,0,0,0,0,0,0,0.030706244,0,0,0,0,0,0,0,0,0,-0.000611322,0
2024-10-21T13:02:26.911316679Z,AAPL,0,0,0,0,200,15,109,10,45,110,100,0,0,0,0.952834683,0.071462601,0.519294902,0.047641734,0.214387804,0.524059076,0.476417342,-0.361107723,0
2024-10-21T13:02:26.934279106Z,AAPL,0,0,0,0,0,0,-1,-400,0,0,0,0,0,0,0,0,-0.005265929,-2.106371775,0,0,0,0.255897197,0
2024-10-21T13:02:27.066058714Z,AAPL,0,0,-100,0,0,0,0,0,0,0,0,0,-0.500250125,0,0,0,0,0,0,0,0,0.031890076,0
2024-10-21T13:02:27.066172137Z,AAPL,-200,-200,0,0,0,0,0,0,0,0,0,-0.90950432,0,0,0,0,0,0,0,0,0,0.01810708,0
2024-10-21T13:02:27.798414858Z,AAPL,0,0,0,0,-1,0,0,0,0,0,0,0,0,0,-0.004545455,0,0,0,0,0,0,0.000866909,0
2024-10-21T13:02:29.795444570Z,AAPL,100,100,0,0,0,0,0,0,0,0,0,0.476190476,0,0,0,0,0,0,0,0,0,-0.00948035,0
2024-10-21T13:02:29.923107931Z,AAPL,0,0,0,0,0,0,-200,0,0,0,0,0,0,0,0,0,-0.952380952,0,0,0,0,0.120938984,0
2024-10-21T13:02:38.731508348Z,AAPL,0,0,0,0,0,0,0,0,0,0,0,0,0,0,0,0,0,0,0,0,0,0,-14
2024-10-21T13:02:38.731508348Z,AAPL,0,0,0,0,0,0,0,0,0,0,0,0,0,0,0,0,0,0,0,0,0,0,-14
2024-10-21T13:02:38.731508348Z,AAPL,0,0,0,0,0,0,0,0,0,0,0,0,0,0,0,0,0,0,0,0,0,0,-14
2024-10-21T13:02:38.731508348Z,AAPL,-10,-10,0,0,0,0,0,0,0,0,0,-0.04784689,0,0,0,0,0,0,0,0,0,0.000952571,-4
2024-10-21T13:02:38.731508348Z,AAPL,-4,-4,0,0,0,0,0,0,0,0,0,-0.019175455,0,0,0,0,0,0,0,0,0,0.000381759,-10
2024-10-21T13:02:38.731600377Z,AAPL,0,0,0,0,0,0,0,0,-127,-100,-400,0,0,0,0,0,0,0,-0.716300056,-0.564015792,-2.25606317,0.295335493,0
2024-10-21T13:02:38.731649841Z,AAPL,0,0,0,0,-200,-15,-109,-10,-45,-110,-100,0,0,0,-1.228501229,-0.092137592,-0.66953317,-0.061425061,-0.276412776,-0.675675676,-0.614250614,0.465580535,0
2024-10-21T13:02:38.731920607Z,AAPL,-182,-182,-116,-76,-48,-16,-200,-1,-87,-127,-100,-1.117936118,-0.712530713,-0.466830467,-0.294840295,-0.098280098,-1.228501229,-0.006142506,-0.534398034,-0.78009828,-0.614250614,0.500378264,0
2024-10-21T13:02:38.731943932Z,AAPL,-100,-100,0,0,0,0,0,0,0,0,0,-0.578703704,0,0,0,0,0,0,0,0,0,0.011521258,0
2024-10-21T13:02:38.732079511Z,AAPL,-200,-200,-182,-116,-76,-48,-16,-200,-1,-87,-127,-1.244555072,-1.132545115,-0.721841942,-0.472930927,-0.298693217,-0.099564406,-1.244555072,-0.006222775,-0.541381456,-0.79029247,0.570753387,0
2024-10-21T13:02:38.732093418Z,AAPL,0,0,0,0,0,0,0,200,1,87,127,0,0,0,0,0,0,1.164144354,0.005820722,0.506402794,0.739231665,-0.241714079,0
2024-10-21T13:02:38.732244823Z,AAPL,0,0,0,0,0,0,0,0,0,0,0,0,0,0,0,0,0,0,0,0,0,0,-16
2024-10-21T13:02:38.732244823Z,AAPL,-16,-16,-115,-100,-15,-109,-10,-45,-110,-100,-55,-0.09395185,-0.67527892,-0.58719906,-0.088079859,-0.640046976,-0.058719906,-0.264239577,-0.645918967,-0.58719906,-0.322959483,0.371335437,0
2024-10-21T13:02:38.732252265Z,AAPL,-6,-6,-200,-182,-116,-76,-48,-200,-1,-87,-127,-0.034802784,-1.160092807,-1.055684455,-0.672853828,-0.440835267,-0.278422274,-1.160092807,-0.005800464,-0.504640371,-0.736658933,0.644264561,0
2024-10-21T13:02:38.732265738Z,AAPL,0,0,-6,-200,-182,-116,-76,-48,-200,-1,-87,0,-0.034542314,-1.151410478,-1.047783535,-0.667818077,-0.437535982,-0.276338515,-1.151410478,-0.005757052,-0.500863558,0.63989769,0
2024-10-21T13:02:38.732267454Z,AAPL,-6,-6,0,0,0,0,0,0,0,0,0,-0.034423408,0,0,0,0,0,0,0,0,0,0.000685326,0
2024-10-21T13:02:38.732278341Z,AAPL,0,0,-34,0,0,0,0,0,0,0,0,0,-0.191333708,0,0,0,0,0,0,0,0,0.012197191,0
2024-10-21T13:02:38.732312347Z,AAPL,0,0,100,0,0,0,0,0,0,0,0,0,0.596302922,0,0,0,0,0,0,0,0,-0.038013274,0
2024-10-21T13:02:38.732326763Z,AAPL,0,0,0,0,100,0,0,0,0,0,0,0,0,0,0.634115409,0,0,0,0,0,0,-0.120938428,0
2024-10-21T13:02:38.732374886Z,AAPL,0,0,0,0,182,116,76,48,200,1,87,0,0,0,1.163682864,0.74168798,0.485933504,0.306905371,1.278772379,0.006393862,0.556265985,-0.574041855,0
2024-10-21T13:02:38.732553558Z,AAPL,0,0,-100,0,0,0,0,0,0,0,0,0,-0.600961538,0,0,0,0,0,0,0,0,0.038310253,0
2024-10-21T13:02:38.732591521Z,AAPL,-100,-100,0,0,0,0,0,0,0,0,0,-0.566893424,0,0,0,0,0,0,0,0,0,0.011286131,0
2024-10-21T13:02:38.732609438Z,AAPL,-82,-82,0,0,0,0,0,0,0,0,0,-0.444203684,0,0,0,0,0,0,0,0,0,0.008843533,0
2024-10-21T13:02:38.732621749Z,AAPL,0,0,0,0,0,0,0,47,0,0,0,0,0,0,0,0,0,0.261256253,0,0,0,-0.03165635,0
2024-10-21T13:02:38.732712645Z,AAPL,0,0,0,0,0,0,1,200,1,87,127,0,0,0,0,0,0.005405405,1.081081081,0.005405405,0.47027027,0.686486486,-0.225153863,0
2024-10-21T13:02:38.732737568Z,AAPL,0,0,100,0,0,0,0,0,0,0,0,0,0.571428571,0,0,0,0,0,0,0,0,-0.036427578,0
2024-10-21T13:02:38.732854326Z,AAPL,100,100,0,0,0,0,0,0,0,0,0,0.606060606,0,0,0,0,0,0,0,0,0,-0.0120659,0
2024-10-21T13:02:38.733588429Z,AAPL,-236,-236,-34,-6,-182,-116,-1,-200,-1,-87,-127,-1.454097351,-0.209488601,-0.036968577,-1.12138016,-0.714725816,-0.006161429,-1.23228589,-0.006161429,-0.536044362,-0.78250154,0.604703684,0
2024-10-21T13:02:38.733599937Z,AAPL,0,0,148,0,0,0,0,0,0,0,0,0,1.003389831,0,0,0,0,0,0,0,0,-0.063964357,0
2024-10-21T13:02:38.733612793Z,AAPL,0,0,0,0,0,0,0,0,0,0,0,0,0,0,0,0,0,0,0,0,0,0,88
2024-10-21T13:02:38.733612793Z,AAPL,88,88,34,6,182,116,1,200,1,87,127,0.585885486,0.226364847,0.039946738,1.21171771,0.772303595,0.00665779,1.331557923,0.00665779,0.579227696,0.845539281,-0.633801034,0
2024-10-21T13:02:38.733619694Z,AAPL,0,0,0,0,0,16,0,0,0,0,0,0,0,0,0,0.107671602,0,0,0,0,0,-0.013257893,0
2024-10-21T13:02:38.733622488Z,AAPL,-88,-88,-34,-6,-182,-100,-1,-200,-1,-87,-127,-0.603152844,-0.233036326,-0.041124058,-1.247429746,-0.68540096,-0.00685401,-1.370801919,-0.00685401,-0.596298835,-0.870459219,0.638977329,0
2024-10-21T13:02:38.733624693Z,AAPL,0,0,0,0,0,0,0,0,1,87,127,0,0,0,0,0,0,0,0.007215007,0.627705628,0.916305916,-0.124765749,0
2024-10-21T13:02:38.733633515Z,AAPL,0,0,6,0,0,0,0,0,0,0,0,0,0.043478261,0,0,0,0,0,0,0,0,-0.002771664,0
2024-10-21T13:02:38.733657813Z,AAPL,0,0,0,0,0,82,0,0,0,0,0,0,0,0,0,0.63174114,0,0,0,0,0,-0.077787982,0
2024-10-21T13:02:38.735695353Z,AAPL,0,0,0,0,0,0,0,0,0,127,100,0,0,0,0,0,0,0,0,0.968726163,0.762776506,-0.137281237,0
2024-10-21T13:02:38.773470233Z,AAPL,0,0,0,0,0,0,0,0,0,0,0,0,0,0,0,0,0,0,0,0,0,0,-115
2024-10-21T13:02:38.773470233Z,AAPL,-115,-115,-100,-15,-109,-10,-45,-110,-100,-55,-1,-0.922953451,-0.802568218,-0.120385233,-0.874799358,-0.080256822,-0.361155698,-0.88282504,-0.802568218,-0.44141252,-0.008025682,0.518200893,0
2024-10-21T13:02:38.773551432Z,AAPL,0,0,0,0,0,-100,-100,-1,-1,-127,-100,0,0,0,0,-0.811030008,-0.811030008,-0.0081103,-0.0081103,-1.03000811,-0.811030008,0.350531816,0
2024-10-21T13:02:38.773770468Z,AAPL,0,0,-100,0,0,0,0,0,0,0,0,0,-0.750187547,0,0,0,0,0,0,0,0,0.047823152,0
2024-10-21T13:02:38.774077016Z,AAPL,0,0,100,0,0,0,0,0,0,0,0,0,0.811030008,0,0,0,0,0,0,0,0,-0.051701753,0
2024-10-21T13:02:38.777643183Z,AAPL,0,0,0,0,0,100,100,1,1,127,100,0,0,0,0,0.802568218,0.802568218,0.008025682,0.008025682,1.019261637,0.802568218,-0.346874582,0
2024-10-21T13:02:38.791493467Z,AAPL,0,0,0,0,0,0,1,1,127,100,400,0,0,0,0,0,0.006468305,0.006468305,0.821474774,0.64683053,2.587322122,-0.340304907,0
2024-10-21T13:02:38.792274452Z,AAPL,0,0,0,0,0,1,1,127,100,400,1,0,0,0,0,0.00691085,0.00691085,0.877677954,0.691085003,2.764340014,0.00691085,-0.381229273,0
2024-10-21T13:02:38.833763026Z,AAPL,0,0,0,6,1,1,127,100,400,1,100,0,0,0.039656312,0.006609385,0.006609385,0.839391937,0.660938533,2.643754131,0.006609385,0.660938533,-0.486342754,0
2024-10-21T13:02:38.834574584Z,AAPL,0,0,0,0,0,-1,-127,-100,-400,-1,-100,0,0,0,0,-0.006199628,-0.787352759,-0.619962802,-2.479851209,-0.006199628,-0.619962802,0.451105461,0
2024-10-21T13:02:38.850282237Z,AAPL,0,0,0,0,0,-200,0,0,0,0,0,0,0,0,0,-1.239925604,0,0,0,0,0,0.152675367,0
2024-10-21T13:02:38.882132027Z,AAPL,0,0,0,0,0,0,200,110,100,55,1,0,0,0,0,0,1.134429949,0.623936472,0.567214974,0.311968236,0.00567215,-0.294908989,0
2024-10-21T13:02:38.892136187Z,AAPL,0,0,0,0,0,200,45,0,0,0,0,0,0,0,0,1.134429949,0.255246739,0,0,0,0,-0.172098149,0
2024-10-21T13:02:38.993894779Z,AAPL,-100,-100,0,0,0,0,0,0,0,0,0,-0.536768653,0,0,0,0,0,0,0,0,0,0.010686385,0
2024-10-21T13:02:38.993898183Z,AAPL,0,0,-82,-6,-1,-200,-1,-127,-100,-400,-1,0,-0.417940877,-0.03058104,-0.00509684,-1.019367992,-0.00509684,-0.647298675,-0.509683996,-2.038735984,-0.00509684,0.436875561,0
2024-10-21T13:02:39.030301612Z,AAPL,0,0,0,0,0,0,-200,0,0,0,0,0,0,0,0,0,-1.019367992,0,0,0,0,0.129445396,0
2024-10-21T13:02:39.065030299Z,AAPL,0,0,0,0,0,0,-200,0,0,0,0,0,0,0,0,0,-0.92506938,0,0,0,0,0.117470799,0
2024-10-21T13:02:39.119325935Z,AAPL,0,0,0,0,0,200,0,0,0,0,0,0,0,0,0,0.92506938,0,0,0,0,0,-0.113906275,0
2024-10-21T13:02:39.119338697Z,AAPL,0,0,0,0,0,0,200,0,0,0,0,0,0,0,0,0,1.019367992,0,0,0,0,-0.129445396,0
2024-10-21T13:02:39.119349845Z,AAPL,0,0,0,0,0,-1,-200,0,0,0,0,0,0,0,0,-0.004625347,-0.92506938,0,0,0,0,0.11804033,0
2024-10-21T13:02:39.238884226Z,AAPL,0,0,0,0,400,1,1,127,100,400,1,0,0,0,1.854427446,0.004636069,0.004636069,0.588780714,0.463606861,1.854427446,0.004636069,-0.609419733,0
2024-10-21T13:02:39.309689370Z,AAPL,0,0,0,0,0,200,0,0,0,0,0,0,0,0,0,0.848536275,0,0,0,0,0,-0.104482549,0
2024-10-21T13:02:39.364436653Z,AAPL,0,0,0,0,0,-200,0,0,0,0,0,0,0,0,0,-0.927213723,0,0,0,0,0,0.114170314,0
2024-10-21T13:02:39.364449708Z,AAPL,0,0,0,400,109,10,0,0,0,0,0,0,0,1.69707255,0.46245227,0.042426814,0,0,0,0,0,-0.271510319,0
2024-10-21T13:02:41.411027687Z,AAPL,0,0,0,400,1,1,127,100,400,1,100,0,0,1.684210526,0.004210526,0.004210526,0.534736842,0.421052632,1.684210526,0.004210526,0.421052632,-0.483912493,0
2024-10-21T13:02:41.411037542Z,AAPL,0,0,0,0,0,0,0,0,0,0,0,0,0,0,0,0,0,0,0,0,0,0,200
2024-10-21T13:02:41.411037542Z,AAPL,100,100,0,0,0,0,0,0,0,0,0,0.43956044,0,0,0,0,0,0,0,0,0,-0.008751092,100
2024-10-21T13:02:41.411037542Z,AAPL,100,100,400,1,1,127,100,400,1,100,500,0.373831776,1.495327103,0.003738318,0.003738318,0.474766355,0.373831776,1.495327103,0.003738318,0.373831776,1.869158879,-0.575507029,100
2024-10-21T13:02:41.411049221Z,AAPL,-100,-100,-400,-1,-1,-127,-100,-400,-1,-100,-500,-0.453926464,-1.815705856,-0.004539265,-0.004539265,-0.576486609,-0.453926464,-1.815705856,-0.004539265,-0.453926464,-2.26963232,0.698811305,0
2024-10-21T13:02:41.411096752Z,AAPL,0,0,0,1,1,127,100,400,1,100,500,0,0,0.004342162,0.004342162,0.551454624,0.43421624,1.736864959,0.004342162,0.43421624,2.171081198,-0.549100966,0
2024-10-21T13:02:41.411130976Z,AAPL,0,0,0,0,0,0,0,0,0,0,0,0,0,0,0,0,0,0,0,0,0,0,2
2024-10-21T13:02:41.411130976Z,AAPL,2,2,0,0,0,0,0,0,0,0,0,0.008691873,0,0,0,0,0,0,0,0,0,-0.000173044,0
2024-10-21T13:02:41.411157988Z,AAPL,100,100,1,1,127,100,400,1,100,500,105,0.420168067,0.004201681,0.004201681,0.533613445,0.420168067,1.680672269,0.004201681,0.420168067,2.100840336,0.441176471,-0.610969763,0
2024-10-21T13:02:41.457798577Z,AAPL,0,0,-1,-1,-127,-100,-400,-1,-100,-500,-105,0,-0.004040404,-0.004040404,-0.513131313,-0.404040404,-1.616161616,-0.004040404,-0.404040404,-2.02020202,-0.424242424,0.579474465,0
2024-10-21T13:02:41.470363167Z,AAPL,200,200,1,1,127,100,400,1,100,500,105,0.806451613,0.004032258,0.004032258,0.512096774,0.403225806,1.612903226,0.004032258,0.403225806,2.016129032,0.423387097,-0.594361601,0
2024-10-21T13:02:41.470410254Z,AAPL,1,1,1,127,100,400,1,100,500,105,63,0.004268032,0.004268032,0.54204012,0.426803244,1.707212975,0.004268032,0.426803244,2.134016219,0.448143406,0.268886044,-0.649619961,0
2024-10-21T13:02:41.470423231Z,AAPL,-1,-1,-1,-127,-100,-400,-1,-100,-500,-105,-63,-0.003731343,-0.003731343,-0.473880597,-0.373134328,-1.492537313,-0.003731343,-0.373134328,-1.865671642,-0.391791045,-0.235074627,0.567932675,0
2024-10-21T13:02:41.730788179Z,AAPL,0,0,-100,0,0,0,0,0,0,0,0,0,-0.35971223,0,0,0,0,0,0,0,0,0.022931029,0
2024-10-21T13:02:41.730793259Z,AAPL,-100,-100,0,0,0,0,0,0,0,0,0,-0.347222222,0,0,0,0,0,0,0,0,0,0.006912755,0
2024-10-21T13:02:41.854813935Z,AAPL,400,400,0,0,0,0,0,0,0,0,0,1.612903226,0,0,0,0,0,0,0,0,0,-0.032110862,0
2024-10-21T13:02:41.854827150Z,AAPL,0,0,0,-1,-127,-100,-400,-1,-100,-500,-105,0,0,-0.003603604,-0.457657658,-0.36036036,-1.441441441,-0.003603604,-0.36036036,-1.801801802,-0.378378378,0.516598854,0
2024-10-21T13:02:41.914311910Z,AAPL,0,0,100,0,0,0,0,0,0,0,0,0,0.373831776,0,0,0,0,0,0,0,0,-0.023831126,0
2024-10-21T13:02:41.914315184Z,AAPL,1,1,400,1,127,100,400,1,100,500,105,0.003731343,1.492537313,0.003731343,0.473880597,0.373134328,1.492537313,0.003731343,0.373134328,1.865671642,0.391791045,-0.630132072,0
2024-10-21T13:02:41.925260783Z,AAPL,0,0,1,127,100,400,1,100,500,105,63,0,0.004268032,0.54204012,0.426803244,1.707212975,0.004268032,0.426803244,2.134016219,0.448143406,0.268886044,-0.64953499,0
2024-10-21T13:02:41.925274240Z,AAPL,0,0,-1,-127,-100,-400,-1,-100,-500,-105,-63,0,-0.003731343,-0.473880597,-0.373134328,-1.492537313,-0.003731343,-0.373134328,-1.865671642,-0.391791045,-0.235074627,0.567858388,0
2024-10-21T13:02:42.184807957Z,AAPL,0,0,-100,0,0,0,0,0,0,0,0,0,-0.35971223,0,0,0,0,0,0,0,0,0.022931029,0
2024-10-21T13:02:42.184809660Z,AAPL,0,0,0,-100,0,0,0,0,0,0,0,0,0,-0.347222222,0,0,0,0,0,0,0,0.036436794,0
2024-10-21T13:02:42.838988143Z,AAPL,0,0,100,0,0,0,0,0,0,0,0,0,0.35971223,0,0,0,0,0,0,0,0,-0.022931029,0
2024-10-21T13:02:42.838994562Z,AAPL,0,0,-400,-101,-127,-100,-400,-1,-100,-500,-105,0,-1.441441441,-0.363963964,-0.457657658,-0.36036036,-1.441441441,-0.003603604,-0.36036036,-1.801801802,-0.378378378,0.646303722,0
2024-10-21T13:02:42.893706138Z,AAPL,0,0,-100,-400,0,0,0,0,0,0,0,0,-0.36036036,-1.441441441,0,0,0,0,0,0,0,0.174234279,0
2024-10-21T13:02:42.953240291Z,AAPL,0,0,0,0,100,0,0,0,0,0,0,0,0,0,0.373831776,0,0,0,0,0,0,-0.071297159,0
2024-10-21T13:02:43.153825930Z,AAPL,0,0,-100,0,0,0,0,0,0,0,0,0,-0.36036036,0,0,0,0,0,0,0,0,0.022972346,0
2024-10-21T13:02:43.993948059Z,AAPL,0,0,100,0,0,0,0,0,0,0,0,0,0.373831776,0,0,0,0,0,0,0,0,-0.023831126,0
2024-10-21T13:02:43.993951138Z,AAPL,0,0,-400,-100,-1,-127,-100,-400,-1,-100,-500,0,-1.758241758,-0.43956044,-0.004395604,-0.558241758,-0.43956044,-1.758241758,-0.004395604,-0.43956044,-2.197802198,0.713609299,0
2024-10-21T13:02:44.048983873Z,AAPL,0,0,-400,100,1,127,100,400,1,100,500,0,-1.441441441,0.36036036,0.003603604,0.457657658,0.36036036,1.441441441,0.003603604,0.36036036,1.801801802,-0.401252276,0
2024-10-21T13:02:44.108506435Z,AAPL,0,0,0,1,127,100,400,1,100,500,105,0,0,0.003597122,0.456834532,0.35971223,1.438848921,0.003597122,0.35971223,1.798561151,0.377697842,-0.515669719,0
2024-10-21T13:02:44.308787770Z,AAPL,0,0,0,-1,-127,-100,-400,-1,-100,-500,-105,0,0,-0.003603604,-0.457657658,-0.36036036,-1.441441441,-0.003603604,-0.36036036,-1.801801802,-0.378378378,0.516598854,0
2024-10-21T13:02:45.295289876Z,AAPL,0,0,100,0,0,0,0,0,0,0,0,0,0.373831776,0,0,0,0,0,0,0,0,-0.023831126,0
2024-10-21T13:02:45.295296308Z,AAPL,-100,-100,0,0,0,0,0,0,0,0,0,-0.36036036,0,0,0,0,0,0,0,0,0,0.007174319,0
2024-10-21T13:02:45.785897261Z,AAPL,1,1,100,15,400,109,10,45,110,100,55,0.003603604,0.36036036,0.054054054,1.441441441,0.392792793,0.036036036,0.162162162,0.396396396,0.36036036,0.198198198,-0.455823441,0
2024-10-21T13:02:54.065366756Z,AAPL,-400,-400,100,1,127,100,400,1,100,500,105,-1.388888889,0.347222222,0.003472222,0.440972222,0.347222222,1.388888889,0.003472222,0.347222222,1.736111111,0.364583333,-0.492248314,0
2024-10-21T13:02:54.125064769Z,AAPL,0,0,1,127,100,400,1,100,500,105,63,0,0.003517411,0.446711221,0.351741119,1.406964474,0.003517411,0.351741119,1.758705593,0.369328174,0.221596905,-0.535300908,0
2024-10-21T13:02:54.324971177Z,AAPL,-501,-501,-1,-127,-100,-400,-1,-100,-500,-105,-63,-1.739583333,-0.003472222,-0.440972222,-0.347222222,-1.388888889,-0.003472222,-0.347222222,-1.736111111,-0.364583333,-0.21875,0.563056681,0
2024-10-21T13:02:54.324983380Z,AAPL,0,0,100,0,0,0,0,0,0,0,0,0,0.35971223,0,0,0,0,0,0,0,0,-0.022931029,0
2024-10-21T13:02:54.584880408Z,AAPL,0,0,0,-1,-127,-100,-400,-1,-100,-500,-105,0,0,-0.003603604,-0.457657658,-0.36036036,-1.441441441,-0.003603604,-0.36036036,-1.801801802,-0.378378378,0.516598854,0
2024-10-21T13:02:57.486428159Z,AAPL,-100,-100,-401,-100,-1,-127,-100,-400,-1,-100,-500,-0.439174352,-1.761089152,-0.439174352,-0.004391744,-0.557751427,-0.439174352,-1.756697409,-0.004391744,-0.439174352,-2.195871761,0.722005873,0
2024-10-21T13:03:00.362452201Z,AAPL,0,0,0,0,-400,-109,-10,-45,-110,-100,-55,0,0,0,-2.129925453,-0.580404686,-0.053248136,-0.239616613,-0.585729499,-0.532481363,-0.29286475,0.631108629,0
2024-10-21T13:03:00.362466018Z,AAPL,0,0,0,0,200,0,0,0,0,0,0,0,0,0,0.962463908,0,0,0,0,0,0,-0.183561021,0
2024-10-21T13:03:00.793886150Z,AAPL,0,0,0,0,200,0,0,0,0,0,0,0,0,0,0.877963126,0,0,0,0,0,0,-0.167445041,0
2024-10-21T13:03:04.859893835Z,AAPL,0,0,0,0,-200,0,0,0,0,0,0,0,0,0,-0.962463908,0,0,0,0,0,0,0.183561021,0
2024-10-21T13:03:04.859912246Z,AAPL,0,0,0,0,200,109,10,45,110,100,55,0,0,0,0.962927299,0.524795378,0.048146365,0.216658642,0.529610014,0.481463649,0.264805007,-0.386991912,0
2024-10-21T13:03:05.981522150Z,AAPL,0,0,-400,400,0,0,0,0,0,0,0,0,-1.925854598,1.925854598,0,0,0,0,0,0,0,-0.079325381,0
2024-10-21T13:03:06.041021112Z,AAPL,0,0,0,0,1,127,100,400,1,100,500,0,0,0,0.004037142,0.512716996,0.40371417,1.614856681,0.004037142,0.40371417,2.018570852,-0.510105024,0
2024-10-21T13:03:06.241417113Z,AAPL,0,0,-500,-1,-1,-127,-100,-400,-1,-100,-500,0,-2.407318247,-0.004814636,-0.004814636,-0.611458835,-0.481463649,-1.925854598,-0.004814636,-0.481463649,-2.407318247,0.762311426,0
2024-10-21T13:03:06.241421839Z,AAPL,0,0,0,100,0,0,0,0,0,0,0,0,0,0.505816894,0,0,0,0,0,0,0,-0.053079396,0
2024-10-21T13:03:06.501857672Z,AAPL,0,0,0,0,-100,0,0,0,0,0,0,0,0,0,-0.481463649,0,0,0,0,0,0,0.0918247,0
2024-10-21T13:03:07.939878188Z,AAPL,0,0,0,0,0,127,100,400,1,100,500,0,0,0,0,0.493012422,0.388198758,1.552795031,0.003881988,0.388198758,1.940993789,-0.48976046,0
2024-10-21T13:03:07.940732514Z,AAPL,-2,-2,-100,-400,-101,-127,-100,-400,-1,-100,-500,-0.009629273,-0.481463649,-1.925854598,-0.486278286,-0.611458835,-0.481463649,-1.925854598,-0.004814636,-0.481463649,-2.407318247,0.933147975,0
2024-10-21T13:03:07.941102172Z,AAPL,-4,-4,0,0,0,0,0,0,0,0,0,-0.019221528,0,0,0,0,0,0,0,0,0,0.000382676,0
2024-10-21T13:03:08.001204760Z,AAPL,0,0,0,400,101,127,100,400,1,100,500,0,0,1.612253124,0.407093914,0.511890367,0.403063281,1.612253124,0.004030633,0.403063281,2.015316405,-0.755341357,0
2024-10-21T13:03:08.001215687Z,AAPL,0,0,0,0,100,0,0,0,0,0,0,0,0,0,0.4199916,0,0,0,0,0,0,-0.080100756,0
2024-10-21T13:03:08.076045762Z,AAPL,0,0,0,1,127,100,400,1,100,500,105,0,0,0.004793864,0.608820709,0.479386385,1.917545542,0.004793864,0.479386385,2.396931927,0.503355705,-0.687230019,0
2024-10-21T13:03:08.076059309Z,AAPL,0,0,0,-200,0,0,0,0,0,0,0,0,0,-0.874890639,0,0,0,0,0,0,0,0.091809244,0
2024-10-21T13:03:08.078451618Z,AAPL,0,0,0,200,0,0,0,0,0,0,0,0,0,0.958772771,0,0,0,0,0,0,0,-0.100611664,0
2024-10-21T13:03:08.078463238Z,AAPL,0,0,0,0,-127,-100,-400,-1,-100,-500,-105,0,0,0,-0.582301696,-0.458505273,-1.834021091,-0.004585053,-0.458505273,-2.292526364,-0.481430536,0.656814507,0
2024-10-21T13:03:08.201611100Z,AAPL,0,0,0,-1,-200,-127,-100,-400,-1,-100,-500,0,0,-0.005614823,-1.122964627,-0.713082538,-0.561482313,-2.245929253,-0.005614823,-0.561482313,-2.807411567,0.923139881,0
2024-10-21T13:03:08.201621143Z,AAPL,0,0,0,0,-1,-200,-127,-100,-400,-1,-100,0,0,0,-0.005614823,-1.122964627,-0.713082538,-0.561482313,-2.245929253,-0.005614823,-0.561482313,0.54720626,0
2024-10-21T13:03:08.261719560Z,AAPL,0,0,0,0,1,200,127,100,400,1,100,0,0,0,0.005614823,1.122964627,0.713082538,0.561482313,2.245929253,0.005614823,0.561482313,-0.54720626,0
2024-10-21T13:03:08.462566235Z,AAPL,0,0,-100,1,200,127,100,400,1,100,500,0,-0.438404209,0.004384042,0.876808417,0.556773345,0.438404209,1.753616835,0.004384042,0.438404209,2.192021043,-0.69283817,0
2024-10-21T13:03:08.506351384Z,AAPL,0,0,100,0,0,0,0,0,0,0,0,0,0.458505273,0,0,0,0,0,0,0,0,-0.029228914,0
2024-10-21T13:03:08.722906904Z,AAPL,0,0,0,0,-200,-127,-100,-400,-1,-100,-500,0,0,0,-1.122964627,-0.713082538,-0.561482313,-2.245929253,-0.005614823,-0.561482313,-2.807411567,0.922550673,0
2024-10-21T13:03:08.766043114Z,AAPL,0,0,0,0,-100,-200,-127,-100,-400,-1,-100,0,0,0,-0.561482313,-1.122964627,-0.713082538,-0.561482313,-2.245929253,-0.005614823,-0.561482313,0.653221252,0
2024-10-21T13:03:10.001483055Z,AAPL,0,0,0,-1,-100,-100,-200,-127,-100,-400,-1,0,0,-0.005574136,-0.557413601,-0.557413601,-1.114827202,-0.707915273,-0.557413601,-2.229654404,-0.005574136,0.623194762,0
2024-10-21T13:03:10.005577236Z,AAPL,0,0,0,1,100,100,200,127,100,400,1,0,0,0.005614823,0.561482313,0.561482313,1.122964627,0.713082538,0.561482313,2.245929253,0.005614823,-0.627743629,0
2024-10-21T13:03:10.060817080Z,AAPL,0,0,0,0,100,200,127,100,400,1,100,0,0,0,0.561482313,1.122964627,0.713082538,0.561482313,2.245929253,0.005614823,0.561482313,-0.653221252,0
2024-10-21T13:03:10.060828163Z,AAPL,0,0,0,0,200,127,100,400,1,100,500,0,0,0,0.917010546,0.582301696,0.458505273,1.834021091,0.004585053,0.458505273,2.292526364,-0.753352934,0
2024-10-21T13:03:10.320895435Z,AAPL,0,0,0,0,-200,-127,-100,-400,-1,-100,-500,0,0,0,-1.122964627,-0.713082538,-0.561482313,-2.245929253,-0.005614823,-0.561482313,-2.807411567,0.922550673,0
2024-10-21T13:03:10.320899236Z,AAPL,0,0,0,0,0,-200,-127,-100,-400,-1,-100,0,0,0,0,-1.122964627,-0.713082538,-0.561482313,-2.245929253,-0.005614823,-0.561482313,0.546135401,0
2024-10-21T13:03:10.584070039Z,AAPL,0,0,0,0,100,200,127,100,400,1,100,0,0,0,0.561482313,1.122964627,0.713082538,0.561482313,2.245929253,0.005614823,0.561482313,-0.653221252,0
2024-10-21T13:03:10.584073624Z,AAPL,0,0,0,0,200,127,100,400,1,100,500,0,0,0,0.917010546,0.582301696,0.458505273,1.834021091,0.004585053,0.458505273,2.292526364,-0.753352934,0
2024-10-21T13:03:10.784152799Z,AAPL,0,0,0,-1,-200,-127,-100,-400,-1,-100,-500,0,0,-0.005614823,-1.122964627,-0.713082538,-0.561482313,-2.245929253,-0.005614823,-0.561482313,-2.807411567,0.923139881,0
2024-10-21T13:03:10.784155033Z,AAPL,0,0,0,0,-100,0,0,0,0,0,0,0,0,0,-0.531632111,0,0,0,0,0,0,0.101392824,0
2024-10-21T13:03:10.896699549Z,AAPL,0,0,0,0,0,0,0,0,0,0,0,0,0,0,0,0,0,0,0,0,0,0,1
2024-10-21T13:03:10.896699549Z,AAPL,1,1,0,0,0,0,0,0,0,0,0,0.005319149,0,0,0,0,0,0,0,0,0,-0.000105898,0
2024-10-21T13:03:12.236621705Z,AAPL,0,0,0,101,200,127,100,400,1,100,500,0,0,0.442982456,0.877192982,0.557017544,0.438596491,1.754385965,0.004385965,0.438596491,2.192982456,-0.767127234,0
2024-10-21T13:03:12.236624590Z,AAPL,0,0,0,100,0,0,0,0,0,0,0,0,0,0.458715596,0,0,0,0,0,0,0,-0.048136681,0
2024-10-21T13:03:12.436828266Z,AAPL,0,0,0,-1,-200,-127,-100,-400,-1,-100,-500,0,0,-0.005617978,-1.123595506,-0.713483146,-0.561797753,-2.247191011,-0.005617978,-0.561797753,-2.808988764,0.923658499,0
2024-10-21T13:03:12.436831902Z,AAPL,-100,-100,0,0,0,0,0,0,0,0,0,-0.531914894,0,0,0,0,0,0,0,0,0,0.010589752,0
2024-10-21T13:03:12.741835279Z,AAPL,0,0,0,0,0,0,0,0,0,0,0,0,0,0,0,0,0,0,0,0,0,0,117
2024-10-21T13:03:12.741835279Z,AAPL,4,4,0,0,0,0,0,0,0,0,0,0.021321962,0,0,0,0,0,0,0,0,0,-0.000424493,113
2024-10-21T13:03:12.741835279Z,AAPL,2,2,100,1,200,127,100,400,1,100,500,0.008787346,0.439367311,0.004393673,0.878734622,0.557996485,0.439367311,1.757469244,0.004393673,0.439367311,2.196836555,-0.750552972,115
2024-10-21T13:03:12.741835279Z,AAPL,100,100,1,200,127,100,400,1,100,500,105,0.420344683,0.004203447,0.840689365,0.533837747,0.420344683,1.681378731,0.004203447,0.420344683,2.101723413,0.441361917,-0.699005712,17
2024-10-21T13:03:12.741835279Z,AAPL,11,11,0,0,0,0,0,0,0,0,0,0.046452703,0,0,0,0,0,0,0,0,0,-0.000924815,106
2024-10-21T13:03:12.741861917Z,AAPL,100,100,1,100,15,200,109,10,45,110,100,0.414421881,0.004144219,0.414421881,0.062163282,0.828843763,0.451719851,0.041442188,0.186489847,0.45586407,0.414421881,-0.314302918,0
2024-10-21T13:03:12.741864310Z,AAPL,122,122,100,1,100,15,200,109,10,45,110,0.501026694,0.410677618,0.004106776,0.410677618,0.061601643,0.821355236,0.447638604,0.041067762,0.184804928,0.45174538,-0.336433434,0
2024-10-21T13:03:12.741876084Z,AAPL,0,0,100,0,0,0,0,0,0,0,0,0,0.394477318,0,0,0,0,0,0,0,0,-0.025147243,0
2024-10-21T13:03:12.741878320Z,AAPL,0,0,22,0,0,0,0,0,0,0,0,0,0.086038326,0,0,0,0,0,0,0,0,-0.005484794,0
2024-10-21T13:03:12.741890372Z,AAPL,100,100,0,0,0,0,0,0,0,0,0,0.376364321,0,0,0,0,0,0,0,0,0,-0.007492937,0
2024-10-21T13:03:12.741904697Z,AAPL,-100,-100,0,0,0,0,0,0,0,0,0,-0.391083301,0,0,0,0,0,0,0,0,0,0.007785974,0
2024-10-21T13:03:12.741928024Z,AAPL,0,0,-100,0,0,0,0,0,0,0,0,0,-0.407000407,0,0,0,0,0,0,0,0,0.025945568,0
2024-10-21T13:03:12.741933888Z,AAPL,0,0,0,0,0,0,0,0,0,0,0,0,0,0,0,0,0,0,0,0,0,0,0
2024-10-21T13:03:12.741981193Z,AAPL,-100,-100,0,0,0,0,0,0,0,0,0,-0.424268137,0,0,0,0,0,0,0,0,0,0.008446642,0
2024-10-21T13:03:12.742259611Z,AAPL,0,0,-100,0,0,0,0,0,0,0,0,0,-0.443066017,0,0,0,0,0,0,0,0,0.028244688,0
2024-10-21T13:03:12.742343106Z,AAPL,100,100,0,0,0,0,0,0,0,0,0,0.424268137,0,0,0,0,0,0,0,0,0,-0.008446642,0
2024-10-21T13:03:12.742497801Z,AAPL,0,0,0,0,0,0,0,0,0,0,0,0,0,0,0,0,0,0,0,0,0,0,1
2024-10-21T13:03:12.742497801Z,AAPL,1,1,0,0,0,0,0,0,0,0,0,0.004244482,0,0,0,0,0,0,0,0,0,-8.45E-05,0
2024-10-21T13:03:12.742589599Z,AAPL,-100,-100,0,0,0,0,0,0,0,0,0,-0.443262411,0,0,0,0,0,0,0,0,0,0.008824794,0
2024-10-21T13:03:12.841946356Z,AAPL,-22,-22,-22,-1,-100,-15,-200,-109,-10,-45,-110,-0.094258783,-0.094258783,-0.00428449,-0.428449015,-0.064267352,-0.856898029,-0.467009426,-0.042844901,-0.192802057,-0.471293916,0.321158112,0
2024-10-21T13:03:12.841977245Z,AAPL,-22,-22,-1,-100,-15,-200,-109,-10,-45,-110,-100,-0.092944656,-0.004224757,-0.422475708,-0.063371356,-0.844951415,-0.460498521,-0.042247571,-0.190114068,-0.464723278,-0.422475708,0.313850497,0
2024-10-21T13:03:13.806051892Z,AAPL,1,1,200,127,100,400,1,100,500,105,63,0.004269855,0.853970965,0.542271563,0.426985482,1.70794193,0.004269855,0.426985482,2.134927412,0.448334757,0.269000854,-0.704064307,0
2024-10-21T13:03:14.007072365Z,AAPL,-1,-1,-200,-127,-100,-400,-1,-100,-500,-105,-63,-0.004203447,-0.840689365,-0.533837747,-0.420344683,-1.681378731,-0.004203447,-0.420344683,-2.101723413,-0.441361917,-0.26481715,0.693114169,0
2024-10-21T13:03:14.007436799Z,AAPL,-86,-86,0,0,0,0,0,0,0,0,0,-0.348884381,0,0,0,0,0,0,0,0,0,0.006945846,0
2024-10-21T13:03:14.772488041Z,AAPL,100,100,0,0,0,0,0,0,0,0,0,0.422832981,0,0,0,0,0,0,0,0,0,-0.00841807,0
2024-10-21T13:03:14.772520788Z,AAPL,-86,-86,-1,-200,-127,-100,-400,-1,-100,-500,-105,-0.36440678,-0.004237288,-0.847457627,-0.538135593,-0.423728814,-1.694915254,-0.004237288,-0.423728814,-2.118644068,-0.444915254,0.703452273,0
2024-10-21T13:03:14.772879460Z,AAPL,-86,-86,0,0,0,0,0,0,0,0,0,-0.35159444,0,0,0,0,0,0,0,0,0,0.0069998,0
2024-10-21T13:03:20.213773571Z,AAPL,0,0,0,0,0,0,0,0,0,0,0,0,0,0,0,0,0,0,0,0,0,0,186
2024-10-21T13:03:20.213773571Z,AAPL,100,100,0,0,0,0,0,0,0,0,0,0.42625746,0,0,0,0,0,0,0,0,0,-0.008486247,86
2024-10-21T13:03:20.213773571Z,AAPL,86,86,1,200,127,100,400,1,100,500,105,0.363636364,0.00422833,0.845665962,0.536997886,0.422832981,1.691331924,0.00422833,0.422832981,2.114164905,0.44397463,-0.701965059,100
2024-10-21T13:03:20.213797145Z,AAPL,100,100,1,100,15,200,109,10,45,110,100,0.414937759,0.004149378,0.414937759,0.062240664,0.829875519,0.452282158,0.041493776,0.186721992,0.456431535,0.414937759,-0.314694166,0
2024-10-21T13:03:20.213802636Z,AAPL,6,6,0,0,0,0,0,0,0,0,0,0.024834437,0,0,0,0,0,0,0,0,0,-0.000494422,0
2024-10-21T13:03:20.213809939Z,AAPL,100,100,0,0,0,0,0,0,0,0,0,0.39745628,0,0,0,0,0,0,0,0,0,-0.007912852,0
2024-10-21T13:03:20.213821110Z,AAPL,0,0,100,1,100,15,200,109,10,45,110,0,0.39745628,0.003974563,0.39745628,0.059618442,0.79491256,0.433227345,0.039745628,0.178855326,0.437201908,-0.315948631,0
2024-10-21T13:03:20.213842517Z,AAPL,-100,-100,0,127,100,400,1,100,500,105,63,-0.438788943,0,0.557261957,0.438788943,1.75515577,0.004387889,0.438788943,2.193944713,0.46072839,0.276437034,-0.658760098,0
2024-10-21T13:03:20.213865521Z,AAPL,-100,-100,0,0,0,0,0,0,0,0,0,-0.458926113,0,0,0,0,0,0,0,0,0,0.009136638,0
2024-10-21T13:03:20.213922684Z,AAPL,0,0,-100,-1,-100,-15,-200,-109,-10,-45,-110,0,-0.458926113,-0.004589261,-0.458926113,-0.068838917,-0.917852226,-0.500229463,-0.045892611,-0.206516751,-0.504818724,0.364812646,0
2024-10-21T13:03:20.313883054Z,AAPL,-6,-6,-1,-100,-15,-200,-109,-10,-45,-110,-100,-0.026929982,-0.00448833,-0.448833034,-0.067324955,-0.897666068,-0.489228007,-0.044883303,-0.201974865,-0.493716338,-0.448833034,0.332001225,0
2024-10-21T13:03:20.322973910Z,AAPL,0,0,0,-127,-100,-400,-1,-100,-500,-105,-63,0,0,-0.536997886,-0.422832981,-1.691331924,-0.00422833,-0.422832981,-2.114164905,-0.44397463,-0.266384778,0.643223255,0
2024-10-21T13:03:20.473833853Z,AAPL,-86,-86,-1,-200,-127,-100,-400,-1,-100,-500,-105,-0.36440678,-0.004237288,-0.847457627,-0.538135593,-0.423728814,-1.694915254,-0.004237288,-0.423728814,-2.118644068,-0.444915254,0.703452273,0
2024-10-21T13:03:20.474197048Z,AAPL,-86,-86,0,0,0,0,0,0,0,0,0,-0.35159444,0,0,0,0,0,0,0,0,0,0.0069998,0
2024-10-21T13:03:20.486975799Z,AAPL,0,0,0,0,0,0,0,0,0,0,0,0,0,0,0,0,0,0,0,0,0,0,200
2024-10-21T13:03:20.486975799Z,AAPL,100,100,0,0,0,0,0,0,0,0,0,0.42625746,0,0,0,0,0,0,0,0,0,-0.008486247,100
2024-10-21T13:03:20.486975799Z,AAPL,86,86,1,200,127,100,400,1,100,500,105,0.363636364,0.00422833,0.845665962,0.536997886,0.422832981,1.691331924,0.00422833,0.422832981,2.114164905,0.44397463,-0.701965059,114
2024-10-21T13:03:20.486975799Z,AAPL,14,14,0,0,0,0,0,0,0,0,0,0.059549128,0,0,0,0,0,0,0,0,0,-0.001185548,186
2024-10-21T13:03:20.487001821Z,AAPL,6,6,1,100,15,200,109,10,45,110,100,0.026064292,0.004344049,0.434404865,0.06516073,0.868809731,0.473501303,0.043440487,0.195482189,0.477845352,0.434404865,-0.321328727,0
2024-10-21T13:03:20.487002677Z,AAPL,100,100,0,0,0,0,0,0,0,0,0,0.416319734,0,0,0,0,0,0,0,0,0,-0.008288399,0
2024-10-21T13:03:20.487016407Z,AAPL,100,100,0,0,0,0,0,0,0,0,0,0.399680256,0,0,0,0,0,0,0,0,0,-0.007957128,0
2024-10-21T13:03:20.487027392Z,AAPL,0,0,100,1,100,15,200,109,10,45,110,0,0.399680256,0.003996803,0.399680256,0.059952038,0.799360512,0.435651479,0.039968026,0.179856115,0.439648281,-0.317716529,0
2024-10-21T13:03:20.487038621Z,AAPL,-100,-100,0,0,0,0,0,0,0,0,0,-0.416319734,0,0,0,0,0,0,0,0,0,0.008288399,0
2024-10-21T13:03:20.487048628Z,AAPL,-100,-100,0,0,0,0,0,0,0,0,0,-0.434404865,0,0,0,0,0,0,0,0,0,0.008648451,0
2024-10-21T13:03:20.487075702Z,AAPL,0,0,-100,-1,-100,-15,-200,-109,-10,-45,-110,0,-0.434404865,-0.004344049,-0.434404865,-0.06516073,-0.868809731,-0.473501303,-0.043440487,-0.195482189,-0.477845352,0.34532005,0
2024-10-21T13:03:20.487648190Z,AAPL,0,0,0,127,100,400,1,100,500,105,63,0,0,0.586605081,0.461893764,1.847575058,0.004618938,0.461893764,2.309468822,0.484988453,0.290993072,-0.702643417,0
2024-10-21T13:03:20.587081704Z,AAPL,-6,-6,-1,-100,-15,-200,-109,-10,-45,-110,-100,-0.027100271,-0.004516712,-0.451671183,-0.067750678,-0.903342367,-0.49232159,-0.045167118,-0.203252033,-0.496838302,-0.451671183,0.334100601,0
2024-10-21T13:03:20.596628869Z,AAPL,0,0,0,-127,-100,-400,-1,-100,-500,-105,-63,0,0,-0.540195661,-0.425350915,-1.701403658,-0.004253509,-0.425350915,-2.126754573,-0.44661846,-0.267971076,0.647053593,0
2024-10-21T13:03:20.996838322Z,AAPL,0,0,0,200,-200,-109,-10,-45,-110,-100,-55,0,0,0.850340136,-0.850340136,-0.463435374,-0.042517007,-0.191326531,-0.467687075,-0.425170068,-0.233843537,0.25251117,0
2024-10-21T13:03:23.618858827Z,AAPL,0,0,0,0,0,0,0,0,0,0,0,0,0,0,0,0,0,0,0,0,0,0,18
2024-10-21T13:03:23.618858827Z,AAPL,18,18,0,0,0,0,0,0,0,0,0,0.077120823,0,0,0,0,0,0,0,0,0,-0.001535378,0
2024-10-21T13:03:23.619129617Z,AAPL,0,0,0,127,100,400,1,100,500,105,63,0,0,0.578060992,0.455166136,1.820664543,0.004551661,0.455166136,2.275830678,0.477924442,0.286754665,-0.692409193,0
2024-10-21T13:03:23.701512507Z,AAPL,0,0,127,100,400,1,100,500,105,63,60,0,0.562943262,0.443262411,1.773049645,0.004432624,0.443262411,2.216312057,0.465425532,0.279255319,0.265957447,-0.831228851,0
2024-10-21T13:03:23.720191320Z,AAPL,0,0,-127,-100,-400,-1,-100,-500,-105,-63,-60,0,-0.530050083,-0.41736227,-1.669449082,-0.004173623,-0.41736227,-2.086811352,-0.438230384,-0.26293823,-0.250417362,0.782659552,0
2024-10-21T13:03:24.863758285Z,AAPL,0,0,0,-200,0,0,0,0,0,0,0,0,0,-0.910746812,0,0,0,0,0,0,0,0.095571918,0
2024-10-21T13:03:24.863770627Z,AAPL,0,0,0,0,200,109,10,45,110,100,55,0,0,0,0.835073069,0.455114823,0.041753653,0.187891441,0.459290188,0.417536534,0.229645094,-0.335608435,0
2024-10-21T13:03:25.546508920Z,AAPL,0,0,-200,0,0,0,0,0,0,0,0,0,-0.770712909,0,0,0,0,0,0,0,0,0.049131608,0
2024-10-21T13:03:25.598507727Z,AAPL,0,0,200,0,0,0,0,0,0,0,0,0,0.835073069,0,0,0,0,0,0,0,0,-0.053234456,0
2024-10-21T13:03:25.598520614Z,AAPL,0,0,-200,0,0,0,0,0,0,0,0,0,-0.835073069,0,0,0,0,0,0,0,0,0.053234456,0
2024-10-21T13:03:25.666338141Z,AAPL,0,0,-200,0,0,0,0,0,0,0,0,0,-0.835073069,0,0,0,0,0,0,0,0,0.053234456,0
2024-10-21T13:03:36.191870141Z,AAPL,0,0,-200,-127,-100,-400,-1,-100,-500,-105,-63,0,-0.852514919,-0.541346974,-0.42625746,-1.705029838,-0.004262575,-0.42625746,-2.131287298,-0.447570332,-0.268542199,0.702778994,0
2024-10-21T13:03:36.195963623Z,AAPL,0,0,200,127,100,400,1,100,500,105,63,0,0.835073069,0.530271399,0.417536534,1.670146138,0.004175365,0.417536534,2.087682672,0.438413361,0.263048017,-0.688400635,0
2024-10-21T13:03:40.012377997Z,AAPL,0,0,127,100,400,1,100,500,105,63,60,0,0.563192905,0.44345898,1.77383592,0.00443459,0.44345898,2.2172949,0.465631929,0.279379157,0.266075388,-0.831597466,0
2024-10-21T13:03:40.012390526Z,AAPL,0,0,-127,-100,-400,-1,-100,-500,-105,-63,-60,0,-0.530271399,-0.417536534,-1.670146138,-0.004175365,-0.417536534,-2.087682672,-0.438413361,-0.263048017,-0.250521921,0.782986341,0
2024-10-21T13:03:41.173109512Z,AAPL,0,0,-200,0,0,0,0,0,0,0,0,0,-0.835073069,0,0,0,0,0,0,0,0,0.053234456,0
2024-10-21T13:03:45.203430807Z,AAPL,0,0,0,0,-200,-109,-10,-45,-110,-100,-55,0,0,0,-0.910746812,-0.496357013,-0.045537341,-0.204918033,-0.500910747,-0.455373406,-0.250455373,0.366021039,0
2024-10-21T13:03:45.203443133Z,AAPL,0,0,0,0,200,109,10,45,110,100,55,0,0,0,0.835073069,0.455114823,0.041753653,0.187891441,0.459290188,0.417536534,0.229645094,-0.335608435,0
2024-10-21T13:03:45.257822337Z,AAPL,0,0,-200,0,0,0,0,0,0,0,0,0,-0.835073069,0,0,0,0,0,0,0,0,0.053234456,0
2024-10-21T13:03:48.395621585Z,AAPL,0,0,127,100,400,1,100,500,105,63,60,0,0.563192905,0.44345898,1.77383592,0.00443459,0.44345898,2.2172949,0.465631929,0.279379157,0.266075388,-0.831597466,0
2024-10-21T13:03:48.395634304Z,AAPL,0,0,-127,-100,-400,-1,-100,-500,-105,-63,-60,0,-0.530271399,-0.417536534,-1.670146138,-0.004175365,-0.417536534,-2.087682672,-0.438413361,-0.263048017,-0.250521921,0.782986341,0
2024-10-21T13:03:48.450060300Z,AAPL,0,0,0,0,200,0,0,0,0,0,0,0,0,0,0.835073069,0,0,0,0,0,0,-0.159265053,0
2024-10-21T13:03:48.567162849Z,AAPL,0,0,0,0,0,0,0,0,0,0,0,0,0,0,0,0,0,0,0,0,0,0,46
2024-10-21T13:03:48.567162849Z,AAPL,46,46,0,0,0,0,0,0,0,0,0,0.195828012,0,0,0,0,0,0,0,0,0,-0.003898688,0
2024-10-21T13:03:53.449986144Z,AAPL,0,0,0,200,-200,-109,-10,-45,-110,-100,-55,0,0,0.85106383,-0.85106383,-0.463829787,-0.042553191,-0.191489362,-0.468085106,-0.425531915,-0.234042553,0.252726073,0
2024-10-21T13:03:58.123721435Z,AAPL,1,1,1,100,215,109,10,45,110,100,55,0.004255319,0.004255319,0.425531915,0.914893617,0.463829787,0.042553191,0.191489362,0.468085106,0.425531915,0.234042553,-0.399219031,0
2024-10-21T13:03:59.183603746Z,AAPL,0,0,0,0,0,0,0,0,0,0,0,0,0,0,0,0,0,0,0,0,0,0,200
2024-10-21T13:03:59.183603746Z,AAPL,200,200,127,100,400,1,100,500,105,63,60,0.832639467,0.528726062,0.416319734,1.665278934,0.004163197,0.416319734,2.081598668,0.43713572,0.262281432,0.24979184,-0.79728133,0
2024-10-21T13:03:59.183669679Z,AAPL,127,127,100,400,1,100,500,105,63,60,30,0.568996416,0.448028674,1.792114695,0.004480287,0.448028674,2.240143369,0.470430108,0.282258065,0.268817204,0.134408602,-0.682493332,0
2024-10-21T13:03:59.183876209Z,AAPL,0,0,100,1,100,215,109,10,45,110,100,0,0.439174352,0.004391744,0.439174352,0.944224857,0.478700044,0.043917435,0.197628458,0.483091787,0.439174352,-0.385730442,0
2024-10-21T13:03:59.184222352Z,AAPL,0,0,-100,-1,-100,-215,-109,-10,-45,-110,-100,0,-0.448028674,-0.004480287,-0.448028674,-0.963261649,-0.488351254,-0.044802867,-0.201612903,-0.492831541,-0.448028674,0.393507266,0
2024-10-21T13:03:59.248163697Z,AAPL,-127,-127,-100,-400,-1,-100,-500,-105,-63,-60,-30,-0.528726062,-0.416319734,-1.665278934,-0.004163197,-0.416319734,-2.081598668,-0.43713572,-0.262281432,-0.24979184,-0.12489592,0.634190307,0
2024-10-21T13:03:59.856550937Z,AAPL,127,127,100,400,1,100,500,105,63,60,30,0.568996416,0.448028674,1.792114695,0.004480287,0.448028674,2.240143369,0.470430108,0.282258065,0.268817204,0.134408602,-0.682493332,0
2024-10-21T13:03:59.856562661Z,AAPL,-127,-127,-100,-400,-1,-100,-500,-105,-63,-60,-30,-0.528726062,-0.416319734,-1.665278934,-0.004163197,-0.416319734,-2.081598668,-0.43713572,-0.262281432,-0.24979184,-0.12489592,0.634190307,0
2024-10-21T13:03:59.914652027Z,AAPL,0,0,0,0,200,15,109,10,45,110,100,0,0,0,0.852151683,0.063911376,0.464422667,0.042607584,0.191734129,0.468683426,0.426075841,-0.322950622,0
2024-10-21T13:04:00.251822386Z,AAPL,-200,-200,0,0,0,0,0,0,0,0,0,-0.785237534,0,0,0,0,0,0,0,0,0,0.015633086,0
2024-10-21T13:04:02.656590751Z,AAPL,-400,-400,-127,-100,-400,-1,-100,-500,-105,-63,-60,-1.595532509,-0.506581572,-0.398883127,-1.595532509,-0.003988831,-0.398883127,-1.994415636,-0.418827284,-0.25129637,-0.239329876,0.77977153,0
2024-10-21T13:04:03.284191279Z,AAPL,0,0,200,0,0,0,0,0,0,0,0,0,0.866926745,0,0,0,0,0,0,0,0,-0.055265073,0
2024-10-21T13:04:03.284204503Z,AAPL,0,0,-200,0,0,0,0,0,0,0,0,0,-0.866926745,0,0,0,0,0,0,0,0,0.055265073,0
2024-10-21T13:04:07.992810696Z,AAPL,0,0,-200,0,0,0,0,0,0,0,0,0,-0.866926745,0,0,0,0,0,0,0,0,0.055265073,0
2024-10-21T13:04:12.059103619Z,AAPL,0,0,127,100,400,1,100,500,105,63,60,0,0.586063683,0.461467467,1.845869866,0.004614675,0.461467467,2.307337333,0.48454084,0.290724504,0.27688048,-0.865367922,0
2024-10-21T13:04:12.059115861Z,AAPL,0,0,-127,-100,-400,-1,-100,-500,-105,-63,-60,0,-0.550498483,-0.433463372,-1.733853489,-0.004334634,-0.433463372,-2.167316862,-0.455136541,-0.273081925,-0.260078023,0.81285318,0
2024-10-21T13:04:12.262890838Z,AAPL,0,0,-200,0,0,0,0,0,0,0,0,0,-0.797766254,0,0,0,0,0,0,0,0,0.050856212,0
2024-10-21T13:04:13.166105605Z,AAPL,0,0,200,0,0,0,0,0,0,0,0,0,0.866926745,0,0,0,0,0,0,0,0,-0.055265073,0
2024-10-21T13:04:13.166117304Z,AAPL,0,0,-200,0,0,0,0,0,0,0,0,0,-0.866926745,0,0,0,0,0,0,0,0,0.055265073,0
2024-10-21T13:04:16.470997970Z,AAPL,0,0,0,0,0,0,0,0,0,0,0,0,0,0,0,0,0,0,0,0,0,0,-1
2024-10-21T13:04:16.470997970Z,AAPL,-1,-1,-1,-100,-200,-15,-109,-10,-45,-110,-100,-0.004235493,-0.004235493,-0.423549343,-0.847098687,-0.063532402,-0.461668784,-0.042354934,-0.190597205,-0.465904278,-0.423549343,0.36583636,0
2024-10-21T13:04:16.471023709Z,AAPL,-20,-20,-200,-127,-100,-400,-1,-100,-500,-105,-63,-0.086542622,-0.865426222,-0.549545651,-0.432713111,-1.730852445,-0.004327131,-0.432713111,-2.163565556,-0.454348767,-0.27260926,0.715145507,0
2024-10-21T13:04:16.471051572Z,AAPL,0,0,-20,-200,-127,-100,-400,-1,-100,-500,-105,0,-0.090211998,-0.902119982,-0.572846189,-0.451059991,-1.804239964,-0.0045106,-0.451059991,-2.255299955,-0.473612991,0.746566542,0
2024-10-21T13:04:16.471267721Z,AAPL,-13,-13,-11,-20,-200,-127,-100,-400,-1,-100,-500,-0.075625364,-0.063990692,-0.116346713,-1.163467132,-0.738801629,-0.581733566,-2.326934264,-0.005817336,-0.581733566,-2.90866783,0.97361884,0
2024-10-21T13:04:16.471272606Z,AAPL,0,0,-5,0,0,0,0,0,0,0,0,0,-0.02900232,0,0,0,0,0,0,0,0,0.001848847,0
2024-10-21T13:04:16.471323530Z,AAPL,0,0,0,-200,-15,-109,-10,-45,-110,-100,-55,0,0,-1.31147541,-0.098360656,-0.714754098,-0.06557377,-0.295081967,-0.721311475,-0.655737705,-0.360655738,0.433328732,0
2024-10-21T13:04:16.475362515Z,AAPL,18,18,11,20,200,127,100,400,1,100,500,0.088976767,0.054374691,0.098863075,0.988630746,0.627780524,0.494315373,1.977261493,0.004943154,0.494315373,2.471576866,-0.827803372,0
2024-10-21T13:04:16.475379658Z,AAPL,5,5,0,0,0,0,0,0,0,0,0,0.024777007,0,0,0,0,0,0,0,0,0,-0.000493279,0
2024-10-21T13:04:16.475381986Z,AAPL,11,11,20,200,127,100,400,1,100,500,105,0.052132701,0.09478673,0.947867299,0.601895735,0.473933649,1.895734597,0.004739336,0.473933649,2.369668246,0.497630332,-0.785463499,0
2024-10-21T13:04:16.573763335Z,AAPL,20,20,200,127,100,400,1,100,500,105,63,0.092506938,0.92506938,0.587419056,0.46253469,1.85013876,0.004625347,0.46253469,2.312673451,0.485661425,0.291396855,-0.764431669,0
2024-10-21T13:04:16.583527688Z,AAPL,0,0,0,200,15,109,10,45,110,100,55,0,0,0.847098687,0.063532402,0.461668784,0.042354934,0.190597205,0.465904278,0.423549343,0.232952139,-0.279892552,0
2024-10-21T13:04:17.976461017Z,AAPL,0,0,-200,0,0,0,0,0,0,0,0,0,-0.780944943,0,0,0,0,0,0,0,0,0.049783882,0
2024-10-21T13:04:20.085638629Z,AAPL,0,0,0,-200,-15,-109,-10,-45,-110,-100,-55,0,0,-0.846740051,-0.063505504,-0.461473328,-0.042337003,-0.190516511,-0.465707028,-0.423370025,-0.232853514,0.279774054,0
2024-10-21T13:04:20.085651109Z,AAPL,0,0,0,0,200,109,10,45,110,100,55,0,0,0,0.780944943,0.425614994,0.039047247,0.175712612,0.429519719,0.390472472,0.214759859,-0.313854823,0
2024-10-21T13:04:20.130842270Z,AAPL,-20,-20,-400,-127,-100,-400,-1,-100,-500,-105,-63,-0.079617834,-1.592356688,-0.505573248,-0.398089172,-1.592356688,-0.003980892,-0.398089172,-1.99044586,-0.417993631,-0.250796178,0.708677464,0
